Timestamp,User Count,Type,Name,Requests/s,Failures/s,50%,66%,75%,80%,90%,95%,98%,99%,99.9%,99.99%,100%,Total Request Count,Total Failure Count,Total Median Response Time,Total Average Response Time,Total Min Response Time,Total Max Response Time,Total Average Content Size
1791537076,0,,Aggregated,0.000000,0.000000,N/A,N/A,N/A,N/A,N/A,N/A,N/A,N/A,N/A,N/A,N/A,0,0,0,0.0,0,0,0
1791537077,2,,Aggregated,0.000000,0.000000,13,15,15,16,26,49,86,220,220,220,220,70,0,13,19.483072857168995,9.336000000075728,215.260699999817,408.6142857142857
1791537078,4,,Aggregated,0.000000,0.000000,16,17,18,18,25,56,93,97,220,220,220,209,0,16,20.63085406699651,9.336000000075728,215.260699999817,412.51674641148327
1791537079,6,,Aggregated,44.000000,0.000000,19,25,28,31,38,74,97,120,220,220,220,345,0,19,25.74110144928784,9.336000000075728,215.260699999817,414.3565217391304
1791537080,7,,Aggregated,94.000000,0.000000,25,32,36,38,51,86,120,140,220,220,220,477,0,25,31.606450104832515,9.336000000075728,215.260699999817,414.39203354297695
1791537081,9,,Aggregated,105.333333,0.000000,28,36,40,44,82,120,180,240,340,340,340,574,0,28,39.478318118472565,9.336000000075728,343.0786000003536,414.0801393728223
1791537082,10,,Aggregated,111.750000,0.000000,32,41,52,63,110,140,200,260,340,340,340,691,0,32,47.18999855282827,9.336000000075728,343.0786000003536,414.53256150506513
1791537083,12,,Aggregated,111.200000,0.000000,36,50,66,81,130,160,220,260,340,340,340,789,0,36,55.19203472750762,9.336000000075728,343.0786000003536,414.297845373891
1791537084,14,,Aggregated,110.166667,0.000000,41,65,87,98,140,170,220,240,340,340,340,909,0,41,61.996158855885874,9.336000000075728,343.0786000003536,414.63586358635865
1791537085,15,,Aggregated,108.285714,0.000000,48,86,100,120,150,180,220,240,340,340,340,1021,0,48,69.53898785504384,9.336000000075728,343.0786000003536,414.515181194907
1791537086,17,,Aggregated,110.625000,0.000000,57,98,120,130,160,190,230,250,340,340,340,1123,0,57,77.12080142475308,9.336000000075728,343.0786000003536,414.4568121104185
1791537087,19,,Aggregated,110.333333,0.000000,68,110,130,140,180,210,230,250,340,400,400,1219,0,68,85.52597538966289,9.336000000075728,395.2116999998907,414.6710418375718
1791537088,20,,Aggregated,110.400000,0.000000,81,120,140,160,190,220,240,250,340,400,400,1326,0,81,92.74729381598843,9.336000000075728,395.2116999998907,414.62820512820514
1791537089,22,,Aggregated,115.300000,0.000000,93,140,160,170,200,220,260,290,390,400,400,1432,0,93,101.16836417597827,9.336000000075728,395.2116999998907,414.59287709497204
1791537090,24,,Aggregated,111.800000,0.000000,100,150,170,180,210,230,270,290,390,400,400,1539,0,100,107.96404860299032,9.336000000075728,395.2116999998907,414.7946718648473
1791537091,25,,Aggregated,109.300000,0.000000,110,160,180,190,220,250,270,300,390,400,400,1653,0,110,115.75453484573741,9.336000000075728,395.2116999998907,414.7828191167574
1791537092,27,,Aggregated,107.400000,0.000000,120,160,190,200,230,260,300,310,400,400,400,1758,0,120,123.71324681456207,9.336000000075728,403.72720000004847,414.73833902161545
1791537093,29,,Aggregated,107.200000,0.000000,130,180,200,210,250,270,310,330,400,480,480,1867,0,130,131.43090824852482,9.336000000075728,484.4773999998324,414.9019817889663
1791537094,31,,Aggregated,107.600000,0.000000,140,180,210,220,270,300,330,350,430,480,480,1962,0,140,139.71850907237223,9.336000000075728,484.4773999998324,414.82874617737
1791537095,32,,Aggregated,108.200000,0.000000,150,190,220,240,290,330,400,470,560,570,570,2051,0,150,150.1549234032154,9.336000000075728,570.1987000002191,414.74402730375425
1791537096,34,,Aggregated,105.500000,0.000000,150,200,230,250,300,370,410,470,560,570,570,2126,0,150,157.50388033866213,9.336000000075728,570.1987000002191,414.79162746942615
1791537097,35,,Aggregated,102.700000,0.000000,160,210,240,260,330,390,430,470,560,570,570,2219,0,160,166.55715534023983,9.336000000075728,570.1987000002191,414.7260027039207
1791537098,37,,Aggregated,101.600000,0.000000,160,220,250,280,360,410,470,500,570,680,680,2307,0,160,175.172044516685,9.336000000075728,676.9405999998526,414.80537494581705
1791537099,39,,Aggregated,100.400000,0.000000,170,230,270,300,380,430,490,520,590,680,680,2410,0,170,185.6991364730269,9.336000000075728,676.9405999998526,414.7672199170124
1791537100,40,,Aggregated,98.300000,0.000000,180,240,290,320,390,430,480,510,590,680,680,2516,0,180,192.52853453894912,9.336000000075728,676.9405999998526,414.7408585055644
1791537101,42,,Aggregated,96.800000,0.000000,190,250,300,330,400,440,480,510,590,680,680,2614,0,190,199.43698416220232,9.336000000075728,676.9405999998526,414.83397092578423
1791537102,44,,Aggregated,96.000000,0.000000,190,260,320,350,410,450,490,510,590,680,680,2729,0,190,208.01839908391204,9.336000000075728,676.9405999998526,414.8255771344815
1791537103,45,,Aggregated,97.400000,0.000000,200,280,340,370,420,460,500,520,600,680,680,2841,0,200,216.61916001407872,9.336000000075728,676.9405999998526,414.8130939809926
1791537104,47,,Aggregated,96.400000,0.000000,210,290,340,370,420,470,500,530,640,680,680,2933,0,210,222.20748803273025,9.336000000075728,676.9405999998526,414.7569041936584
1791537105,49,,Aggregated,96.000000,0.000000,220,300,350,380,440,480,530,580,930,1100,1100,3037,0,220,231.98928343760267,9.336000000075728,1056.7249999999149,414.8508396443859
1791537106,50,,Aggregated,97.500000,0.000000,220,320,370,390,450,490,530,580,930,1100,1100,3151,0,220,239.3828772135828,9.336000000075728,1056.7249999999149,414.8416375753729
1791537107,52,,Aggregated,98.300000,0.000000,230,330,380,400,460,490,540,580,930,1100,1100,3267,0,230,246.1648967554329,9.336000000075728,1056.7249999999149,414.8359351086624
1791537108,54,,Aggregated,99.000000,0.000000,240,340,390,410,470,500,550,580,930,1100,1100,3382,0,240,253.73033755174458,9.336000000075728,1056.7249999999149,414.9343583678297
1791537109,55,,Aggregated,103.800000,0.000000,250,350,400,420,480,520,560,600,930,1100,1100,3495,0,250,262.53043230328973,9.336000000075728,1056.7249999999149,414.9216022889843
1791537110,57,,Aggregated,105.600000,0.000000,260,370,410,430,490,530,570,590,930,1100,1100,3603,0,260,269.22652009436604,9.336000000075728,1056.7249999999149,415.0
1791537111,59,,Aggregated,106.700000,0.000000,270,370,420,440,500,550,660,780,930,1100,1100,3687,0,270,278.6032672091131,9.336000000075728,1056.7249999999149,414.94005966910765
1791537112,61,,Aggregated,108.400000,0.000000,280,380,430,450,520,560,670,780,930,1100,1100,3788,0,280,285.73644398099214,9.336000000075728,1056.7249999999149,414.9099788806758
1791537113,62,,Aggregated,103.900000,0.000000,290,390,440,470,530,570,670,780,930,1100,1100,3897,0,290,292.6778207338977,9.336000000075728,1056.7249999999149,414.9838337182448
1791537114,64,,Aggregated,105.300000,0.000000,300,400,450,480,540,580,670,780,910,1100,1100,4023,0,300,300.50347989062885,9.336000000075728,1056.7249999999149,414.9900571712652
1791537115,66,,Aggregated,107.700000,0.000000,310,410,450,480,540,590,670,780,910,1100,1100,4144,0,310,306.29393344594695,9.336000000075728,1056.7249999999149,414.98962355212353
1791537116,67,,Aggregated,105.500000,0.000000,320,420,470,490,560,610,710,790,910,1100,1100,4257,0,320,314.61576680761226,9.336000000075728,1056.7249999999149,414.9779187221048
1791537117,69,,Aggregated,110.300000,0.000000,330,420,480,510,570,620,710,790,910,1100,1100,4362,0,330,321.22310550206475,9.336000000075728,1056.7249999999149,415.0375974323705
1791537118,71,,Aggregated,110.000000,0.000000,340,430,490,520,580,630,710,790,910,1100,1100,4484,0,340,328.76163320695986,9.336000000075728,1056.7249999999149,415.03612845673507
1791537119,72,,Aggregated,109.100000,0.000000,350,440,500,530,590,640,720,790,910,1100,1100,4585,0,350,335.3095366412233,9.336000000075728,1056.7249999999149,415.0870229007634
1791537120,74,,Aggregated,109.300000,0.000000,360,450,510,540,600,660,770,820,930,1100,1100,4685,0,360,343.15565321238256,9.336000000075728,1056.7249999999149,415.05635005336177
1791537121,76,,Aggregated,112.400000,0.000000,370,460,520,550,620,710,790,840,930,1100,1100,4803,0,370,353.1724198625881,9.336000000075728,1056.7249999999149,415.0510097855507
1791537122,77,,Aggregated,108.700000,0.000000,370,470,530,560,640,730,800,840,930,1100,1100,4894,0,370,360.23154789538484,9.336000000075728,1056.7249999999149,415.08500204331835
1791537123,79,,Aggregated,110.100000,0.000000,380,480,540,570,660,760,820,860,930,1100,1100,4988,0,380,367.9018736768277,9.336000000075728,1056.7249999999149,415.0515236567763
1791537124,81,,Aggregated,111.200000,0.000000,380,480,540,570,680,780,830,860,930,1100,1100,5062,0,380,373.87391760174194,9.336000000075728,1056.7249999999149,415.0657842749901
1791537125,82,,Aggregated,108.600000,0.000000,390,490,550,580,710,800,890,1100,1400,1500,1500,5151,0,390,387.3845800815407,9.336000000075728,1532.4522000000798,415.02853814793247
1791537126,84,,Aggregated,109.100000,0.000000,390,500,560,590,740,820,900,1100,1400,1500,1500,5243,0,390,395.03012685485743,9.336000000075728,1532.4522000000798,414.99523173755483
1791537127,86,,Aggregated,101.700000,0.000000,400,510,570,610,770,840,930,1100,1400,1500,1500,5345,0,400,404.0320736763367,9.336000000075728,1532.4522000000798,414.9747427502339
1791537128,87,,Aggregated,101.300000,0.000000,410,520,580,630,780,850,930,1100,1400,1500,1500,5470,0,410,411.54584506398936,9.336000000075728,1532.4522000000798,415.04168190127973
1791537129,89,,Aggregated,98.400000,0.000000,410,530,590,640,800,860,940,1100,1400,1500,1500,5591,0,410,420.58665694867096,9.336000000075728,1532.4522000000798,415.0395278125559
1791537130,91,,Aggregated,98.800000,0.000000,420,530,600,660,800,870,940,1100,1400,1500,1500,5679,0,420,426.8904351118186,9.336000000075728,1532.4522000000798,415.0660327522451
1791537131,92,,Aggregated,95.600000,0.000000,430,540,620,670,810,880,950,1200,1400,1500,1500,5793,0,430,433.8832948558637,9.336000000075728,1532.4522000000798,415.0567926808217
1791537132,94,,Aggregated,97.600000,0.000000,430,550,630,690,820,890,980,1200,1400,1500,1500,5880,0,430,440.5429613265333,9.336000000075728,1532.4522000000798,415.0219387755102
1791537133,96,,Aggregated,101.700000,0.000000,440,560,640,710,830,910,1100,1200,1500,2000,2000,5968,0,440,449.7655093163569,9.336000000075728,1978.8240000002588,415.0485924932976
1791537134,97,,Aggregated,98.400000,0.000000,440,560,650,730,850,940,1200,1300,1500,2000,2000,6049,0,440,459.7269714828926,9.336000000075728,1978.8240000002588,415.00925772855015
1791537135,99,,Aggregated,97.700000,0.000000,450,570,670,750,870,980,1200,1300,1500,2000,2000,6155,0,450,469.26329184403215,9.336000000075728,1978.8240000002588,414.9944760357433
1791537136,100,,Aggregated,96.100000,0.000000,460,580,690,760,890,990,1200,1300,1500,2000,2000,6252,0,460,476.73982376839666,9.336000000075728,1978.8240000002588,415.02783109404993
1791537137,100,,Aggregated,99.700000,0.000000,460,590,710,780,910,1000,1200,1300,1500,2000,2000,6355,0,460,485.1845037293498,9.336000000075728,1978.8240000002588,415.06514555468135
1791537138,100,,Aggregated,100.200000,0.000000,470,600,730,800,920,1000,1200,1300,1500,2000,2000,6469,0,470,492.5456541660253,9.336000000075728,1978.8240000002588,415.16602256917605
1791537139,100,,Aggregated,101.200000,0.000000,480,620,740,800,920,1000,1200,1300,1500,2000,2000,6600,0,480,499.11077074242627,9.336000000075728,1978.8240000002588,415.27666666666664
1791537140,100,,Aggregated,100.800000,0.000000,480,630,760,810,930,1000,1200,1300,1600,2000,2000,6705,0,480,506.802117136467,9.336000000075728,1978.8240000002588,415.3622669649515
1791537141,100,,Aggregated,102.400000,0.000000,490,640,770,820,940,1000,1200,1300,1600,2000,2000,6802,0,490,514.0015712878584,9.336000000075728,1978.8240000002588,415.4410467509556
1791537142,100,,Aggregated,102.000000,0.000000,490,650,780,830,950,1100,1200,1300,1600,2000,2000,6887,0,490,519.8834229853367,9.336000000075728,1978.8240000002588,415.5054450413823
1791537143,100,,Aggregated,98.800000,0.000000,500,660,790,840,960,1100,1200,1300,1600,2000,2000,6977,0,500,527.056646552962,9.336000000075728,1978.8240000002588,415.5733123118819
1791537144,100,,Aggregated,100.400000,0.000000,510,680,800,850,970,1100,1300,1300,1700,2000,2000,7090,0,510,534.8142089280699,9.336000000075728,1978.8240000002588,415.6565585331453
1791537145,100,,Aggregated,100.500000,0.000000,520,700,810,860,970,1100,1300,1300,1700,2000,2000,7209,0,520,540.8208422249984,9.336000000075728,1978.8240000002588,415.7393535857955
1791537146,100,,Aggregated,101.800000,0.000000,520,720,820,860,970,1100,1300,1300,1700,2000,2000,7320,0,520,545.543315286887,9.336000000075728,1978.8240000002588,415.8159836065574
1791537147,100,,Aggregated,103.000000,0.000000,530,720,820,870,970,1100,1300,1300,1700,2000,2000,7430,0,530,550.4312966891002,9.336000000075728,1978.8240000002588,415.8890982503365
1791537148,100,,Aggregated,105.000000,0.000000,530,730,830,870,990,1100,1300,1300,1700,2000,2000,7513,0,530,556.1657664448308,9.336000000075728,1978.8240000002588,415.9421003593771
1791537149,100,,Aggregated,106.300000,0.000000,540,750,840,880,990,1100,1300,1300,1700,2000,2000,7637,0,540,562.3930399109615,9.336000000075728,1978.8240000002588,416.02108157653527
1791537150,100,,Aggregated,105.100000,0.000000,550,760,840,880,990,1100,1300,1300,1700,2000,2000,7774,0,550,567.7697282737345,9.336000000075728,1978.8240000002588,416.10496526884486
1791537151,100,,Aggregated,104.600000,0.000000,550,770,850,890,990,1100,1300,1300,1700,2000,2000,7829,0,550,571.2745484480793,9.336000000075728,1978.8240000002588,416.1370545408098
1791537152,100,,Aggregated,105.700000,0.000000,560,780,850,890,1000,1100,1300,1400,1700,2000,2000,7936,0,560,578.9104499621993,9.336000000075728,1978.8240000002588,416.199470766129
1791537153,100,,Aggregated,105.700000,0.000000,570,780,860,900,1000,1100,1300,1400,1700,2000,2000,8040,0,570,583.0368533208974,9.336000000075728,1978.8240000002588,416.25932835820896
1791537154,100,,Aggregated,102.900000,0.000000,570,790,860,900,1000,1200,1300,1400,1700,2000,2000,8157,0,570,588.6283466347946,9.336000000075728,1978.8240000002588,416.32340321196517
1791537155,100,,Aggregated,105.600000,0.000000,580,800,860,900,1000,1200,1300,1400,1700,2000,2000,8259,0,580,593.3170999878943,9.336000000075728,1978.8240000002588,416.3788594260806
1791537156,100,,Aggregated,106.200000,0.000000,590,800,870,910,1000,1200,1300,1400,1700,2000,2000,8357,0,590,598.6486987435705,9.336000000075728,1978.8240000002588,416.42993897331576
1791537157,100,,Aggregated,104.900000,0.000000,590,810,870,910,1000,1200,1300,1400,1700,2000,2000,8452,0,590,602.9771999053504,9.336000000075728,1978.8240000002588,416.4782300047326
1791537158,100,,Aggregated,102.600000,0.000000,600,810,870,910,1000,1200,1300,1400,1700,2000,2000,8575,0,600,606.532865667641,9.336000000075728,1978.8240000002588,416.5399416909621
1791537159,100,,Aggregated,101.000000,0.000000,610,810,870,910,1000,1200,1300,1400,1700,2000,2000,8689,0,610,609.7294224076448,9.336000000075728,1978.8240000002588,416.5950051789619
1791537160,100,,Aggregated,103.600000,0.000000,620,820,880,910,1000,1200,1300,1400,1700,2000,2000,8798,0,620,613.3145627188029,9.336000000075728,1978.8240000002588,416.6465105705842
1791537161,100,,Aggregated,104.900000,0.000000,630,820,880,920,1000,1200,1300,1400,1700,2000,2000,8890,0,630,617.042081102366,9.336000000075728,1978.8240000002588,416.68953880764906
1791537162,100,,Aggregated,105.400000,0.000000,630,830,890,920,1100,1200,1300,1400,1700,2000,2000,8973,0,630,623.4732145102006,9.336000000075728,1978.8240000002588,416.72707009918645
1791537163,100,,Aggregated,106.000000,0.000000,640,830,890,930,1100,1200,1300,1400,1700,2000,2000,9055,0,640,629.1417399447852,9.336000000075728,1978.8240000002588,416.763224737714
1791537164,100,,Aggregated,103.900000,0.000000,650,830,900,930,1100,1200,1300,1400,1700,2000,2000,9120,0,650,633.0303308333363,9.336000000075728,1978.8240000002588,416.7919956140351
1791537165,100,,Aggregated,103.900000,0.000000,660,840,900,940,1100,1200,1300,1400,1700,2000,2000,9183,0,660,637.2069642273797,9.336000000075728,1978.8240000002588,416.81912229119024
1791537166,100,,Aggregated,98.900000,0.000000,660,840,900,940,1100,1200,1400,1500,1900,2200,2200,9242,0,660,644.411494449256,9.336000000075728,2165.157700000236,416.84408136766933
1791537167,100,,Aggregated,98.400000,0.000000,670,840,910,950,1100,1300,1400,1700,2100,2300,2300,9303,0,670,651.9400425991639,9.336000000075728,2265.2296000001115,416.86993442975387
1791537168,100,,Aggregated,89.800000,0.000000,670,850,910,960,1100,1300,1400,1700,2100,2300,2300,9399,0,670,658.0927030641578,9.336000000075728,2265.2296000001115,416.909884030216
1791537169,100,,Aggregated,88.500000,0.000000,690,850,920,960,1100,1300,1400,1700,2100,2300,2300,9503,0,690,662.1280796169646,9.336000000075728,2265.2296000001115,416.95180469325476
1791537170,100,,Aggregated,84.300000,0.000000,690,860,920,970,1200,1300,1400,1700,2100,2300,2300,9595,0,690,666.2035431057856,9.336000000075728,2265.2296000001115,416.9879103699844
1791537171,100,,Aggregated,82.100000,0.000000,710,860,930,970,1200,1300,1500,1700,2100,2300,2300,9701,0,710,670.2321512009086,9.336000000075728,2265.2296000001115,417.02927533243997
1791537172,100,,Aggregated,79.800000,0.000000,720,860,930,970,1200,1300,1400,1700,2100,2300,2300,9820,0,720,673.1101882077404,9.336000000075728,2265.2296000001115,417.0745417515275
1791537173,100,,Aggregated,79.000000,0.000000,720,860,930,970,1200,1300,1400,1700,2100,2300,2300,9939,0,720,674.7545648556203,9.336000000075728,2265.2296000001115,417.11872421772813
1791537174,100,,Aggregated,83.900000,0.000000,730,870,930,970,1200,1300,1400,1700,2100,2200,2300,10026,0,730,677.1883267404762,9.336000000075728,2265.2296000001115,417.1501097147417
1791537175,100,,Aggregated,87.700000,0.000000,740,870,930,980,1200,1300,1400,1700,2100,2200,2300,10136,0,740,681.7863508089986,9.336000000075728,2265.2296000001115,417.1930741910024
1791537176,100,,Aggregated,89.700000,0.000000,750,870,930,980,1200,1300,1400,1600,2100,2200,2300,10248,0,750,683.4764922911797,9.336000000075728,2265.2296000001115,417.2430718188915
1791537177,100,,Aggregated,89.200000,0.000000,750,870,940,990,1200,1300,1400,1600,2100,2200,2300,10352,0,750,687.1999329887958,9.336000000075728,2265.2296000001115,417.28844667697064
1791537178,100,,Aggregated,99.200000,0.000000,760,880,940,990,1200,1300,1400,1600,2100,2200,2300,10453,0,760,690.6930759399233,9.336000000075728,2265.2296000001115,417.33167511719125
1791537179,100,,Aggregated,100.000000,0.000000,760,880,950,990,1200,1300,1400,1600,2100,2200,2300,10565,0,760,693.6149559772854,9.336000000075728,2265.2296000001115,417.37870326549927
1791537180,100,,Aggregated,101.100000,0.000000,760,880,940,990,1200,1300,1400,1600,2100,2200,2300,10673,0,760,694.8504749648669,9.336000000075728,2265.2296000001115,417.42293638152347
1791537181,100,,Aggregated,101.400000,0.000000,760,880,940,990,1200,1300,1400,1600,2100,2200,2300,10770,0,760,696.5074063602619,9.336000000075728,2265.2296000001115,417.4623955431755
1791537182,100,,Aggregated,104.300000,0.000000,770,880,950,990,1200,1300,1400,1600,2100,2200,2300,10888,0,770,699.2563001102153,9.336000000075728,2265.2296000001115,417.50863335782515
1791537183,100,,Aggregated,105.200000,0.000000,770,880,950,1000,1200,1300,1400,1600,2100,2200,2300,10950,0,770,701.5200597990886,9.336000000075728,2265.2296000001115,417.5327853881279
1791537184,100,,Aggregated,106.500000,0.000000,780,890,950,1000,1200,1300,1400,1600,2100,2200,2300,11066,0,780,706.1810211820006,9.336000000075728,2265.2296000001115,417.5778058919212
1791537185,100,,Aggregated,103.900000,0.000000,780,890,950,1000,1200,1300,1500,1600,2100,2200,2300,11176,0,780,708.3075896653563,9.336000000075728,2265.2296000001115,417.61837866857553
1791537186,100,,Aggregated,101.100000,0.000000,780,890,950,1000,1200,1300,1500,1600,2100,2200,2300,11294,0,780,710.3207140517109,9.336000000075728,2265.2296000001115,417.6614131397202
1791537187,100,,Aggregated,102.500000,0.000000,780,890,950,1000,1200,1300,1500,1600,2100,2200,2300,11398,0,780,712.0263555623815,9.336000000075728,2265.2296000001115,417.69836813476047
1791537188,100,,Aggregated,102.800000,0.000000,780,890,950,1000,1200,1300,1500,1600,2100,2200,2300,11498,0,780,714.2112228996367,9.336000000075728,2265.2296000001115,417.7336928161419
1791537189,100,,Aggregated,103.900000,0.000000,790,890,950,1000,1200,1300,1500,1600,2100,2200,2300,11623,0,790,716.1402242450336,9.336000000075728,2265.2296000001115,417.7773380366515
1791537190,100,,Aggregated,105.500000,0.000000,790,890,950,1000,1200,1300,1500,1600,2100,2200,2300,11745,0,790,717.635533358878,9.336000000075728,2265.2296000001115,417.81873137505323
1791537191,100,,Aggregated,106.700000,0.000000,790,890,950,1000,1200,1300,1500,1600,2100,2200,2300,11855,0,790,719.1649904091115,9.336000000075728,2265.2296000001115,417.8554196541544
1791537192,100,,Aggregated,105.800000,0.000000,800,890,950,990,1200,1300,1500,1600,2100,2200,2300,11971,0,800,720.3902196474825,9.336000000075728,2265.2296000001115,417.8934090719238
1791537193,100,,Aggregated,106.300000,0.000000,800,890,950,990,1200,1300,1500,1600,2100,2200,2300,12078,0,800,722.0342256996199,9.336000000075728,2265.2296000001115,417.92771982116244
1791537194,100,,Aggregated,106.000000,0.000000,800,890,950,1000,1200,1300,1500,1600,2100,2200,2300,12171,0,800,724.716423572427,9.336000000075728,2265.2296000001115,417.95694684085123
1791537195,100,,Aggregated,108.100000,0.000000,800,890,950,1000,1200,1300,1500,1600,2100,2200,2300,12297,0,800,726.0884062047659,9.336000000075728,2265.2296000001115,417.9958526469871
1791537196,100,,Aggregated,109.700000,0.000000,800,890,950,1000,1200,1300,1400,1600,2100,2200,2300,12392,0,800,727.361910022595,9.336000000075728,2265.2296000001115,418.0241284699806
1791537197,100,,Aggregated,109.900000,0.000000,810,890,950,1000,1200,1300,1500,1600,2100,2200,2300,12499,0,810,729.4399150732047,9.336000000075728,2265.2296000001115,418.05616449315943
1791537198,100,,Aggregated,110.200000,0.000000,810,890,950,1000,1200,1300,1500,1600,2100,2200,2300,12602,0,810,730.599006316457,9.336000000075728,2265.2296000001115,418.0865735597524
1791537199,100,,Aggregated,109.100000,0.000000,810,900,950,1000,1200,1300,1500,1600,2100,2200,2300,12705,0,810,733.3703727272723,9.336000000075728,2265.2296000001115,418.116489571035
1791537200,100,,Aggregated,109.600000,0.000000,810,900,950,1000,1200,1300,1500,1600,2100,2200,2300,12814,0,810,734.7911236850321,9.336000000075728,2265.2296000001115,418.1475729670673
1791537201,100,,Aggregated,108.200000,0.000000,810,900,960,1000,1200,1300,1500,1600,2100,2200,2300,12939,0,810,736.560363521138,9.336000000075728,2265.2296000001115,418.18223974032
1791537202,100,,Aggregated,108.700000,0.000000,810,900,960,1000,1200,1300,1500,1600,2100,2200,2300,13030,0,810,738.6232690176523,9.336000000075728,2265.2296000001115,418.20729086722946
1791537203,100,,Aggregated,109.300000,0.000000,810,900,960,1000,1200,1300,1500,1600,2100,2200,2300,13124,0,810,740.5904808671146,9.336000000075728,2265.2296000001115,418.23277964035356
1791537204,100,,Aggregated,106.600000,0.000000,810,900,960,1000,1200,1300,1500,1600,2100,2200,2300,13250,0,810,741.6426582566048,9.336000000075728,2265.2296000001115,418.2668679245283
1791537205,100,,Aggregated,105.000000,0.000000,820,900,960,1000,1200,1300,1500,1600,2100,2200,2300,13352,0,820,742.9566089574615,9.336000000075728,2265.2296000001115,418.2935140802876
1791537206,100,,Aggregated,106.500000,0.000000,820,900,960,1000,1200,1300,1400,1600,2100,2200,2300,13471,0,820,744.5288722292352,9.336000000075728,2265.2296000001115,418.32373246232646
1791537207,100,,Aggregated,107.500000,0.000000,820,900,960,1000,1200,1300,1400,1600,2100,2200,2300,13577,0,820,745.7676305958629,9.336000000075728,2265.2296000001115,418.3508138764086
1791537208,100,,Aggregated,106.000000,0.000000,820,900,960,1000,1200,1300,1400,1600,2100,2200,2300,13691,0,820,746.7753026659868,9.336000000075728,2265.2296000001115,418.3792272295669
1791537209,100,,Aggregated,108.200000,0.000000,820,900,960,1000,1200,1300,1400,1600,2100,2200,2300,13783,0,820,748.7323428136135,9.336000000075728,2265.2296000001115,418.4016542117101
1791537210,100,,Aggregated,109.400000,0.000000,820,900,960,1000,1200,1300,1400,1600,2100,2200,2300,13892,0,820,750.1125543046386,9.336000000075728,2265.2296000001115,418.42801612438814
1791537211,100,,Aggregated,108.500000,0.000000,820,900,960,1000,1200,1300,1400,1600,2000,2200,2300,14008,0,820,751.5308112721325,9.336000000075728,2265.2296000001115,418.45545402627073
1791537212,100,,Aggregated,107.000000,0.000000,820,900,960,1000,1200,1300,1400,1600,2000,2200,2300,14127,0,820,752.372547384444,9.336000000075728,2265.2296000001115,418.4834713668861
1791537213,100,,Aggregated,105.700000,0.000000,820,900,960,1000,1200,1300,1400,1600,2000,2200,2300,14251,0,820,753.1997867728601,9.336000000075728,2265.2296000001115,418.5117535611536
1791537214,100,,Aggregated,109.000000,0.000000,830,900,960,1000,1200,1300,1400,1600,2000,2200,2300,14329,0,830,754.3341807313863,9.336000000075728,2265.2296000001115,418.52955544699563
1791537215,100,,Aggregated,110.200000,0.000000,830,900,960,1000,1200,1300,1400,1600,2000,2200,2300,14450,0,830,756.5924741176497,9.336000000075728,2265.2296000001115,418.55626297577857
1791537216,100,,Aggregated,112.100000,0.000000,830,910,960,1000,1200,1300,1400,1600,2000,2200,2300,14561,0,830,757.8089135155576,9.336000000075728,2265.2296000001115,418.58086669871574
1791537217,100,,Aggregated,108.800000,0.000000,830,910,960,1000,1200,1300,1400,1600,2000,2200,2300,14645,0,830,759.3320209354756,9.336000000075728,2265.2296000001115,418.5991123250256
1791537218,100,,Aggregated,108.500000,0.000000,830,910,970,1000,1200,1300,1400,1600,2000,2200,2300,14745,0,830,760.9012687826405,9.336000000075728,2265.2296000001115,418.6208884367582
1791537219,100,,Aggregated,107.900000,0.000000,830,910,970,1000,1200,1300,1400,1600,2000,2200,2300,14832,0,830,762.4949986650512,9.336000000075728,2265.2296000001115,418.6388888888889
1791537220,100,,Aggregated,104.900000,0.000000,830,910,970,1000,1200,1300,1400,1600,2000,2200,2300,14940,0,830,764.7372153815284,9.336000000075728,2265.2296000001115,418.6615127175368
1791537221,100,,Aggregated,105.400000,0.000000,830,910,970,1000,1200,1300,1400,1600,2000,2200,2300,15041,0,830,766.286332737187,9.336000000075728,2265.2296000001115,418.6824014360747
1791537222,100,,Aggregated,103.200000,0.000000,830,910,970,1000,1200,1300,1400,1600,2000,2200,2300,15171,0,830,767.0099032628053,9.336000000075728,2265.2296000001115,418.70865467009423
1791537223,100,,Aggregated,103.900000,0.000000,830,910,970,1000,1200,1300,1400,1600,2000,2200,2300,15312,0,830,767.1536035201165,9.336000000075728,2265.2296000001115,418.7373301985371
1791537224,100,,Aggregated,102.400000,0.000000,830,910,970,1000,1200,1300,1400,1600,2000,2200,2300,15406,0,830,767.8055975658847,9.336000000075728,2265.2296000001115,418.7552901466961
1791537225,100,,Aggregated,104.700000,0.000000,830,910,970,1000,1200,1300,1400,1600,2000,2200,2300,15506,0,830,768.8920324584045,9.336000000075728,2265.2296000001115,418.77453888817234
1791537226,100,,Aggregated,104.100000,0.000000,830,910,970,1000,1200,1300,1400,1600,2000,2200,2300,15635,0,830,769.9504243875939,9.336000000075728,2265.2296000001115,418.7992964502718
1791537227,100,,Aggregated,106.100000,0.000000,830,910,970,1000,1200,1300,1400,1600,2000,2200,2300,15743,0,830,770.7456457663742,9.336000000075728,2265.2296000001115,418.81972940354444
1791537228,100,,Aggregated,106.800000,0.000000,830,910,970,1000,1200,1300,1400,1600,2000,2200,2300,15860,0,830,771.1794893127377,9.336000000075728,2265.2296000001115,418.84142496847414
1791537229,100,,Aggregated,107.000000,0.000000,830,910,970,1000,1200,1300,1400,1600,2000,2200,2300,15991,0,830,771.1526532174358,9.336000000075728,2265.2296000001115,418.86517416046524
1791537230,100,,Aggregated,108.800000,0.000000,830,910,970,1000,1200,1300,1400,1600,2000,2200,2300,16114,0,830,771.9570362231611,9.336000000075728,2265.2296000001115,418.88736502420255
1791537231,100,,Aggregated,112.000000,0.000000,830,910,970,1000,1200,1300,1400,1600,2000,2200,2300,16225,0,830,772.4311249183369,9.336000000075728,2265.2296000001115,418.90699537750385
1791537232,100,,Aggregated,116.200000,0.000000,830,910,970,1000,1200,1300,1400,1600,2000,2200,2300,16338,0,830,773.3269045538011,9.336000000075728,2265.2296000001115,418.926735218509
1791537233,100,,Aggregated,116.600000,0.000000,830,910,960,1000,1200,1300,1400,1600,2000,2200,2300,16452,0,830,773.8710404814011,9.336000000075728,2265.2296000001115,418.94651106248483
1791537234,100,,Aggregated,117.000000,0.000000,830,910,960,1000,1200,1300,1400,1600,2000,2200,2300,16567,0,830,774.4212799661984,9.336000000075728,2265.2296000001115,418.9660167803465
1791537235,100,,Aggregated,115.300000,0.000000,840,910,960,1000,1200,1300,1400,1600,2000,2200,2300,16679,0,840,774.9950652257337,9.336000000075728,2265.2296000001115,418.9848911805264
1791537236,100,,Aggregated,114.300000,0.000000,840,910,960,1000,1200,1300,1400,1600,2000,2200,2300,16804,0,840,775.8959366579393,9.336000000075728,2265.2296000001115,419.00523684836946
1791537237,100,,Aggregated,116.300000,0.000000,840,910,960,1000,1200,1300,1400,1600,2000,2200,2300,16922,0,840,775.6591486408233,9.336000000075728,2265.2296000001115,419.0245833825789
1791537238,100,,Aggregated,117.000000,0.000000,840,910,960,1000,1200,1300,1400,1600,2000,2200,2300,17015,0,840,777.8360041375263,9.336000000075728,2265.2296000001115,419.03920070526004
1791537239,100,,Aggregated,119.700000,0.000000,840,910,960,1000,1200,1300,1400,1600,2000,2200,2300,17107,0,840,778.908516741685,9.336000000075728,2265.2296000001115,419.0540714327468
1791537240,100,,Aggregated,116.500000,0.000000,840,910,970,1000,1200,1300,1400,1600,2000,2200,2300,17218,0,840,780.3102282727382,9.336000000075728,2265.2296000001115,419.0710883958648
1791537241,100,,Aggregated,114.700000,0.000000,840,910,970,1000,1200,1300,1400,1600,2000,2200,2300,17324,0,840,781.3713823135537,9.336000000075728,2265.2296000001115,419.08791272223505
1791537242,100,,Aggregated,111.300000,0.000000,840,910,970,1000,1200,1300,1400,1600,2000,2200,2300,17413,0,840,782.5016849652563,9.336000000075728,2265.2296000001115,419.10141848044566
1791537243,100,,Aggregated,110.100000,0.000000,840,910,970,1000,1200,1300,1400,1600,2000,2200,2300,17537,0,840,783.7611864115873,9.336000000075728,2265.2296000001115,419.1206021554428
1791537244,100,,Aggregated,110.100000,0.000000,840,910,970,1000,1200,1300,1400,1600,2000,2200,2300,17638,0,840,784.8666747647128,9.336000000075728,2265.2296000001115,419.1356162830253
1791537245,100,,Aggregated,109.500000,0.000000,840,910,970,1000,1200,1300,1400,1600,2000,2200,2300,17735,0,840,786.1782915590644,9.336000000075728,2265.2296000001115,419.15021144629264
1791537246,100,,Aggregated,107.900000,0.000000,840,910,970,1000,1200,1300,1400,1500,2000,2200,2300,17840,0,840,786.8273171356504,9.336000000075728,2265.2296000001115,419.1652466367713
1791537247,100,,Aggregated,106.000000,0.000000,840,910,970,1000,1200,1300,1400,1500,2000,2200,2300,17960,0,840,787.2849226057903,9.336000000075728,2265.2296000001115,419.1826280623608
1791537248,100,,Aggregated,104.100000,0.000000,840,910,970,1000,1200,1300,1400,1500,2000,2200,2300,18060,0,840,788.2080647397563,9.336000000075728,2265.2296000001115,419.19673311184937
1791537249,100,,Aggregated,100.200000,0.000000,840,910,970,1000,1200,1300,1400,1500,2000,2200,2300,18148,0,840,789.2918032841085,9.336000000075728,2265.2296000001115,419.2093894644038
1791537250,100,,Aggregated,105.300000,0.000000,840,910,970,1000,1200,1300,1400,1600,2000,2200,2300,18265,0,840,790.4194188831102,9.336000000075728,2265.2296000001115,419.22606077196826
1791537251,100,,Aggregated,103.200000,0.000000,840,910,970,1000,1200,1300,1400,1500,2000,2200,2300,18368,0,840,791.2255578996078,9.336000000075728,2265.2296000001115,419.2401459059233
1791537252,100,,Aggregated,103.300000,0.000000,850,920,970,1000,1200,1300,1400,1600,2000,2200,2300,18467,0,850,792.913090177072,9.336000000075728,2265.2296000001115,419.2534250284291
1791537253,100,,Aggregated,104.400000,0.000000,850,920,980,1000,1200,1300,1400,1600,2000,2200,2300,18570,0,850,793.8988540441566,9.336000000075728,2265.2296000001115,419.26742057081316
1791537254,100,,Aggregated,103.400000,0.000000,850,920,980,1000,1200,1300,1400,1600,2000,2200,2300,18676,0,850,794.9367399443129,9.336000000075728,2265.2296000001115,419.28143071321483
1791537255,100,,Aggregated,102.200000,0.000000,850,920,980,1000,1200,1300,1400,1600,2000,2200,2300,18789,0,850,795.7034026398419,9.336000000075728,2265.2296000001115,419.2964500505615
1791537256,100,,Aggregated,102.900000,0.000000,850,920,980,1000,1200,1300,1400,1600,2000,2200,2300,18898,0,850,796.3096973171757,9.336000000075728,2265.2296000001115,419.3107736268388
1791537257,100,,Aggregated,103.300000,0.000000,850,920,970,1000,1200,1300,1400,1600,2000,2200,2300,18996,0,850,796.475602905874,9.336000000075728,2265.2296000001115,419.32327858496524
1791537258,100,,Aggregated,104.400000,0.000000,850,920,980,1000,1200,1300,1400,1600,2000,2200,2300,19105,0,850,798.5072094948961,9.336000000075728,2265.2296000001115,419.33703219052603
1791537259,100,,Aggregated,105.500000,0.000000,850,920,980,1000,1200,1300,1400,1500,2000,2200,2300,19215,0,850,798.8554111371321,9.336000000075728,2265.2296000001115,419.35087171480615
1791537260,100,,Aggregated,102.100000,0.000000,850,920,980,1000,1200,1300,1400,1500,2000,2200,2300,19332,0,850,798.9916319004756,9.336000000075728,2265.2296000001115,419.36555969377196
1791537261,100,,Aggregated,104.000000,0.000000,850,920,980,1000,1200,1300,1400,1500,2000,2200,2300,19469,0,850,798.8440848528426,9.336000000075728,2265.2296000001115,419.38255688530484
1791537263,100,,Aggregated,106.100000,0.000000,850,920,980,1000,1200,1300,1400,1500,2000,2200,2300,19552,0,850,799.823925572831,9.336000000075728,2265.2296000001115,419.3927475450082
1791537264,100,,Aggregated,106.300000,0.000000,850,920,980,1000,1200,1300,1400,1500,2000,2200,2300,19648,0,850,800.9929365177111,9.336000000075728,2265.2296000001115,419.404417752443
1791537265,100,,Aggregated,108.500000,0.000000,850,920,980,1000,1200,1300,1400,1600,2000,2400,2500,19762,0,850,802.1728057281647,9.336000000075728,2505.3398999998535,419.4177208784536
1791537266,100,,Aggregated,108.500000,0.000000,850,920,980,1000,1200,1300,1400,1600,2000,2400,2500,19863,0,850,802.6375856869554,9.336000000075728,2505.3398999998535,419.42969339978856
1791537267,100,,Aggregated,108.100000,0.000000,850,920,980,1000,1200,1300,1400,1600,2000,2400,2500,19965,0,850,803.0500575507137,9.336000000075728,2505.3398999998535,419.4413223140496
1791537268,100,,Aggregated,107.400000,0.000000,850,920,980,1000,1200,1300,1400,1600,2000,2300,2500,20068,0,850,804.4348905969699,9.336000000075728,2505.3398999998535,419.4532589196731
1791537269,100,,Aggregated,106.500000,0.000000,850,920,980,1000,1200,1300,1400,1600,2000,2300,2500,20181,0,850,805.3516522719387,9.336000000075728,2505.3398999998535,419.4663297160696
1791537270,100,,Aggregated,107.100000,0.000000,850,920,980,1000,1200,1300,1400,1600,2000,2300,2500,20273,0,850,806.2046770778866,9.336000000075728,2505.3398999998535,419.476742465348
1791537271,100,,Aggregated,107.300000,0.000000,850,920,980,1000,1200,1300,1400,1600,2000,2300,2500,20377,0,850,807.478981852088,9.336000000075728,2505.3398999998535,419.4884428522354
1791537272,100,,Aggregated,107.300000,0.000000,850,930,980,1000,1200,1300,1400,1600,2000,2300,2500,20488,0,850,808.0436714955097,9.336000000075728,2505.3398999998535,419.50073213588445
1791537273,100,,Aggregated,105.000000,0.000000,850,920,980,1000,1200,1300,1400,1600,2000,2300,2500,20596,0,850,808.238425160225,9.336000000075728,2505.3398999998535,419.51267236356574
1791537274,100,,Aggregated,101.900000,0.000000,850,930,980,1000,1200,1300,1400,1600,2000,2300,2500,20712,0,850,808.8791952587864,9.336000000075728,2505.3398999998535,419.52500965623796
1791537275,100,,Aggregated,101.900000,0.000000,850,930,980,1000,1200,1300,1400,1600,2000,2300,2500,20774,0,850,809.2531966833535,9.336000000075728,2505.3398999998535,419.53162607105037
1791537276,100,,Aggregated,104.800000,0.000000,860,930,980,1000,1200,1300,1400,1600,2000,2300,2500,20897,0,860,810.9847438244719,9.336000000075728,2505.3398999998535,419.54486289898074
1791537277,100,,Aggregated,101.400000,0.000000,860,930,980,1000,1200,1300,1400,1600,2000,2300,2500,20982,0,860,811.921803279,9.336000000075728,2505.3398999998535,419.5539033457249
1791537278,100,,Aggregated,102.200000,0.000000,860,930,980,1000,1200,1300,1400,1600,2000,2300,2500,21041,0,860,813.1593003611981,9.336000000075728,2505.3398999998535,419.56033458485814
1791537279,100,,Aggregated,101.100000,0.000000,860,930,990,1000,1200,1300,1500,1600,2000,2300,2500,21140,0,860,815.6437178429499,9.336000000075728,2505.3398999998535,419.57067171239356
1791537280,100,,Aggregated,97.100000,0.000000,860,930,990,1000,1200,1300,1500,1600,2000,2300,2500,21253,0,860,816.2427356749618,9.336000000075728,2505.3398999998535,419.5820825295252
1791537281,100,,Aggregated,96.000000,0.000000,860,930,990,1000,1200,1300,1500,1600,2000,2300,2500,21374,0,860,816.2852514269665,9.336000000075728,2505.3398999998535,419.5943669879293
1791537282,100,,Aggregated,97.900000,0.000000,860,930,990,1000,1200,1300,1500,1600,2000,2300,2500,21470,0,860,816.8732144201194,9.336000000075728,2505.3398999998535,419.6040521658128
1791537283,100,,Aggregated,99.100000,0.000000,860,930,990,1000,1200,1300,1500,1600,2000,2300,2500,21549,0,860,818.4452591581955,9.336000000075728,2505.3398999998535,419.6119541510047
1791537284,100,,Aggregated,97.900000,0.000000,860,930,990,1000,1200,1300,1500,1600,2000,2300,2500,21655,0,860,820.0982988455306,9.336000000075728,2505.3398999998535,419.6223504964212
1791537285,100,,Aggregated,94.800000,0.000000,860,930,990,1000,1200,1300,1500,1600,2000,2300,2500,21768,0,860,820.4587535648643,9.336000000075728,2505.3398999998535,419.63336089672913
1791537286,100,,Aggregated,95.200000,0.000000,860,930,990,1000,1200,1300,1500,1600,2000,2300,2500,21884,0,860,820.5512420352745,9.336000000075728,2505.3398999998535,419.64499177481264
1791537287,100,,Aggregated,98.400000,0.000000,860,930,990,1000,1200,1300,1500,1600,2000,2300,2500,21984,0,860,820.4609537299826,9.336000000075728,2505.3398999998535,419.65420305676855
1791537288,100,,Aggregated,99.100000,0.000000,860,930,990,1000,1200,1300,1500,1600,2000,2300,2500,22087,0,860,821.8717278987612,9.336000000075728,2505.3398999998535,419.6643727079277
1791537289,100,,Aggregated,100.500000,0.000000,860,930,990,1000,1200,1300,1500,1600,2000,2300,2500,22209,0,860,822.3269359673981,9.336000000075728,2505.3398999998535,419.6758071052276
1791537290,100,,Aggregated,104.000000,0.000000,860,930,990,1000,1200,1300,1500,1600,2000,2300,2500,22314,0,860,822.7911839383316,9.336000000075728,2505.3398999998535,419.68539930088735
1791537291,100,,Aggregated,105.100000,0.000000,860,930,990,1000,1200,1300,1500,1600,2000,2300,2500,22413,0,860,823.1209069111652,9.336000000075728,2505.3398999998535,419.69459688573596
1791537292,100,,Aggregated,104.700000,0.000000,860,930,990,1000,1200,1300,1500,1600,2000,2300,2500,22512,0,860,823.8362689276809,9.336000000075728,2505.3398999998535,419.70366915422886
1791537293,100,,Aggregated,104.300000,0.000000,860,930,990,1000,1200,1300,1500,1600,2000,2300,2500,22627,0,860,824.6248766738829,9.336000000075728,2505.3398999998535,419.71427940071595
1791537294,100,,Aggregated,104.300000,0.000000,860,930,990,1000,1200,1300,1500,1600,2000,2300,2500,22702,0,860,825.2779246189737,9.336000000075728,2505.3398999998535,419.7209056470796
1791537295,100,,Aggregated,107.400000,0.000000,860,930,990,1000,1200,1300,1500,1600,2000,2300,2500,22788,0,860,826.5321314024901,9.336000000075728,2505.3398999998535,419.72889239950854
1791537296,100,,Aggregated,105.400000,0.000000,860,930,990,1000,1200,1300,1500,1600,2000,2300,2500,22895,0,860,827.5111555754504,9.336000000075728,2505.3398999998535,419.738327145665
1791537297,100,,Aggregated,102.500000,0.000000,860,930,990,1000,1200,1300,1500,1600,2000,2300,2500,22992,0,860,828.00573906576,9.336000000075728,2505.3398999998535,419.7468249826026
1791537298,100,,Aggregated,101.100000,0.000000,860,940,1000,1000,1200,1300,1500,1600,2000,2300,2500,23068,0,860,829.5205442907903,9.336000000075728,2505.3398999998535,419.75346800762964
1791537299,100,,Aggregated,100.700000,0.000000,860,940,1000,1000,1200,1300,1500,1600,2000,2300,2500,23176,0,860,830.8855763289588,9.336000000075728,2505.3398999998535,419.7629012771833
1791537300,100,,Aggregated,98.600000,0.000000,860,940,1000,1000,1200,1300,1500,1600,2000,2300,2500,23290,0,860,831.1978030871604,9.336000000075728,2505.3398999998535,419.7726062687849
1791537301,100,,Aggregated,96.900000,0.000000,860,940,1000,1000,1200,1300,1500,1600,2000,2300,2500,23388,0,860,831.6532641696588,9.336000000075728,2505.3398999998535,419.78095604583547
1791537302,100,,Aggregated,97.500000,0.000000,860,940,990,1000,1200,1300,1500,1600,2000,2300,2500,23507,0,860,832.0976500829527,9.336000000075728,2505.3398999998535,419.7908282639214
1791537303,100,,Aggregated,96.100000,0.000000,870,940,990,1000,1200,1300,1500,1600,2000,2300,2500,23643,0,870,832.281653808737,9.336000000075728,2505.3398999998535,419.80218246415427
1791537304,100,,Aggregated,98.100000,0.000000,870,940,990,1000,1200,1300,1500,1600,2000,2300,2500,23765,0,870,832.4408217588881,9.336000000075728,2505.3398999998535,419.8122448979592
1791537305,100,,Aggregated,98.000000,0.000000,860,930,990,1000,1200,1300,1500,1600,2000,2300,2500,23886,0,860,832.3305123335829,9.336000000075728,2505.3398999998535,419.82215523737756
1791537306,100,,Aggregated,101.100000,0.000000,870,930,990,1000,1200,1300,1500,1600,2000,2300,2500,23972,0,870,832.6835177832453,9.336000000075728,2505.3398999998535,419.8292174203237
1791537307,100,,Aggregated,101.100000,0.000000,860,930,990,1000,1200,1300,1500,1600,2000,2300,2500,24050,0,860,832.5091378752577,9.336000000075728,2505.3398999998535,419.8354261954262
1791537308,100,,Aggregated,107.900000,0.000000,870,940,990,1000,1200,1300,1500,1600,2100,2400,2600,24154,0,870,834.733546600974,9.336000000075728,2581.669199999851,419.84350418150206
1791537309,100,,Aggregated,106.300000,0.000000,870,940,1000,1000,1200,1300,1500,1600,2100,2400,2600,24239,0,870,835.5965277899221,9.336000000075728,2581.669199999851,419.85028260241756
1791537310,100,,Aggregated,107.800000,0.000000,870,940,1000,1000,1200,1300,1500,1600,2100,2400,2600,24328,0,870,836.1548285761227,9.336000000075728,2581.669199999851,419.8574071029267
1791537311,100,,Aggregated,105.800000,0.000000,870,940,1000,1000,1200,1300,1500,1600,2100,2600,2600,24370,0,870,837.335843118585,9.336000000075728,2581.669199999851,419.86064833812065
1791537312,100,,Aggregated,104.700000,0.000000,870,940,1000,1000,1200,1300,1500,1700,2200,2900,3100,24478,0,870,840.3621241359559,9.336000000075728,3139.0989999999874,419.8690252471607
1791537313,100,,Aggregated,98.600000,0.000000,870,940,1000,1000,1200,1300,1500,1700,2200,2900,3100,24586,0,870,840.4118711421098,9.336000000075728,3139.0989999999874,419.8770438460913
1791537314,100,,Aggregated,95.500000,0.000000,870,940,1000,1100,1200,1300,1500,1700,2200,2900,3100,24661,0,870,841.6015991403398,9.336000000075728,3139.0989999999874,419.88305421515753
1791537315,100,,Aggregated,97.500000,0.000000,870,940,1000,1100,1200,1300,1500,1700,2200,2900,3100,24716,0,870,842.9810388574169,9.336000000075728,3139.0989999999874,419.88715811620006
1791537316,100,,Aggregated,91.800000,0.000000,870,940,1000,1100,1200,1300,1500,1700,2200,2900,3100,24816,0,870,844.8019424121492,9.336000000075728,3139.0989999999874,419.89454384268214
1791537317,100,,Aggregated,85.600000,0.000000,870,940,1000,1100,1200,1300,1500,1700,2200,2900,3100,24882,0,870,846.2378640985403,9.336000000075728,3139.0989999999874,419.89960614098544
1791537318,100,,Aggregated,82.800000,0.000000,870,940,1000,1100,1200,1400,1500,1700,2200,2900,3100,24971,0,870,847.3249807616791,9.336000000075728,3139.0989999999874,419.90629129790557
1791537319,100,,Aggregated,79.500000,0.000000,870,940,1000,1100,1200,1300,1500,1700,2200,2900,3100,25096,0,870,847.6114168114395,9.336000000075728,3139.0989999999874,419.9152454574434
1791537320,100,,Aggregated,81.000000,0.000000,870,940,1000,1100,1200,1400,1500,1700,2200,2900,3100,25194,0,870,847.5857540525473,9.336000000075728,3139.0989999999874,419.9227990791458
1791537321,100,,Aggregated,84.700000,0.000000,870,940,1000,1100,1200,1400,1500,1700,2200,2900,3100,25289,0,870,848.90790680928,9.336000000075728,3139.0989999999874,419.9296136660208
1791537322,100,,Aggregated,85.500000,0.000000,870,950,1000,1100,1200,1400,1500,1700,2200,2900,3100,25368,0,870,849.635930408384,9.336000000075728,3139.0989999999874,419.93543046357615
1791537323,100,,Aggregated,90.400000,0.000000,870,950,1000,1100,1200,1400,1500,1700,2200,2900,3100,25451,0,870,850.2199498055046,9.336000000075728,3139.0989999999874,419.9413775490158
1791537324,100,,Aggregated,90.700000,0.000000,870,950,1000,1100,1200,1400,1600,1700,2200,2900,3100,25514,0,870,852.3054204867881,9.336000000075728,3139.0989999999874,419.94555930077604
1791537325,100,,Aggregated,86.500000,0.000000,870,950,1000,1100,1200,1400,1600,1800,2200,2900,3100,25567,0,870,853.9622131771386,9.336000000075728,3139.0989999999874,419.9495443344937
1791537326,100,,Aggregated,84.300000,0.000000,870,950,1000,1100,1200,1400,1600,1800,2200,2900,3100,25648,0,870,856.3024276356788,9.336000000075728,3139.0989999999874,419.95516219588274
1791537327,100,,Aggregated,86.100000,0.000000,870,950,1000,1100,1200,1400,1600,1800,2200,2900,3100,25695,0,870,857.2955946020585,9.336000000075728,3139.0989999999874,419.9586300836739
1791537328,100,,Aggregated,83.400000,0.000000,870,950,1000,1100,1200,1400,1600,1800,2200,2900,3100,25773,0,870,859.1809971171344,9.336000000075728,3139.0989999999874,419.9639933263493
1791537329,100,,Aggregated,83.200000,0.000000,870,950,1000,1100,1200,1400,1600,1800,2200,2900,3100,25841,0,870,860.7283921597426,9.336000000075728,3139.0989999999874,419.9686544638365
1791537330,100,,Aggregated,81.200000,0.000000,870,950,1000,1100,1200,1400,1600,1800,2200,2900,3100,25890,0,870,862.2007539049789,9.336000000075728,3139.0989999999874,419.972112784859
1791537331,100,,Aggregated,75.700000,0.000000,880,950,1000,1100,1300,1400,1600,1800,2200,2900,3100,25973,0,880,864.5538546914075,9.336000000075728,3139.0989999999874,419.9777846224926
1791537332,100,,Aggregated,70.900000,0.000000,880,960,1000,1100,1300,1400,1600,1800,2200,2900,3100,26038,0,880,866.0206016936758,9.336000000075728,3139.0989999999874,419.9822182963361
1791537333,100,,Aggregated,68.700000,0.000000,880,960,1000,1100,1300,1400,1600,1800,2200,2900,3100,26104,0,880,867.5449527696876,9.336000000075728,3139.0989999999874,419.986783634692
1791537334,100,,Aggregated,66.500000,0.000000,880,960,1000,1100,1300,1400,1600,1800,2200,2900,3100,26182,0,880,869.2163649033654,9.336000000075728,3139.0989999999874,419.9923229699794
1791537335,100,,Aggregated,64.500000,0.000000,880,960,1000,1100,1300,1400,1700,1800,2200,2900,3100,26285,0,880,870.680770435607,9.336000000075728,3139.0989999999874,419.99897279817384
1791537336,100,,Aggregated,68.900000,0.000000,880,960,1000,1100,1300,1400,1700,1800,2200,2900,3100,26361,0,880,871.0083406775136,9.336000000075728,3139.0989999999874,420.0039831569364
1791537337,100,,Aggregated,67.400000,0.000000,880,960,1000,1100,1300,1400,1700,1800,2200,2900,3100,26398,0,880,871.7658541518272,9.336000000075728,3139.0989999999874,420.00651564512464
1791537338,100,,Aggregated,70.700000,0.000000,880,960,1000,1100,1300,1500,1700,1800,2200,2900,3100,26483,0,880,874.4944686024978,9.336000000075728,3139.0989999999874,420.01212098327227
1791537339,100,,Aggregated,71.500000,0.000000,880,960,1000,1100,1300,1500,1700,1800,2200,2900,3100,26527,0,880,875.6997548610831,9.336000000075728,3139.0989999999874,420.01492818637615
1791537340,100,,Aggregated,69.900000,0.000000,880,960,1000,1100,1300,1500,1700,1800,2200,2900,3100,26603,0,880,877.5386585234733,9.336000000075728,3139.0989999999874,420.01992256512426
1791537341,100,,Aggregated,68.200000,0.000000,880,970,1000,1100,1300,1500,1700,1800,2200,2900,3100,26696,0,880,879.2964750262195,9.336000000075728,3139.0989999999874,420.0259589451603
1791537342,100,,Aggregated,71.300000,0.000000,880,970,1000,1100,1300,1500,1700,1800,2200,2900,3100,26804,0,880,880.0425787382464,9.336000000075728,3139.0989999999874,420.0329801522161
1791537343,100,,Aggregated,71.600000,0.000000,880,970,1000,1100,1300,1500,1700,1800,2200,2900,3100,26891,0,880,880.1275737086737,9.336000000075728,3139.0989999999874,420.03878621099994
1791537344,100,,Aggregated,73.200000,0.000000,880,970,1000,1100,1300,1500,1700,1800,2200,2900,3100,26942,0,880,881.1997832083719,9.336000000075728,3139.0989999999874,420.0419048326034
1791537345,100,,Aggregated,78.100000,0.000000,880,970,1100,1100,1300,1500,1700,1800,2200,2900,3100,27015,0,880,883.0984191560235,9.336000000075728,3139.0989999999874,420.046529705719
1791537346,100,,Aggregated,74.700000,0.000000,880,970,1100,1100,1300,1500,1700,1800,2200,2900,3100,27122,0,880,884.1146720780163,9.336000000075728,3139.0989999999874,420.05324091143723
1791537347,100,,Aggregated,75.400000,0.000000,880,970,1100,1100,1300,1500,1700,1800,2200,2900,3100,27228,0,880,884.3694145107957,9.336000000075728,3139.0989999999874,420.0599750257088
1791537348,100,,Aggregated,75.600000,0.000000,880,970,1100,1100,1300,1500,1700,1800,2200,2900,3100,27319,0,880,884.5702722830243,9.336000000075728,3139.0989999999874,420.06552216406163
1791537349,100,,Aggregated,80.900000,0.000000,890,970,1100,1100,1300,1500,1700,1800,2200,2900,3100,27428,0,890,885.4481241650847,9.336000000075728,3139.0989999999874,420.0722983812163
1791537350,100,,Aggregated,84.800000,0.000000,890,970,1100,1100,1300,1500,1700,1800,2200,2900,3100,27501,0,890,885.4295330206152,9.336000000075728,3139.0989999999874,420.07665175811786
1791537351,100,,Aggregated,89.200000,0.000000,890,970,1100,1100,1300,1500,1700,1800,2200,2900,3100,27566,0,890,886.6124915802054,9.336000000075728,3139.0989999999874,420.080933033447
1791537352,100,,Aggregated,89.200000,0.000000,890,970,1100,1100,1300,1500,1700,1800,2400,2900,3100,27636,0,890,888.650421826601,9.336000000075728,3139.0989999999874,420.0849254595455
1791537353,100,,Aggregated,88.200000,0.000000,890,980,1100,1100,1300,1500,1700,1800,2400,2900,3100,27708,0,890,890.4460011440722,9.336000000075728,3139.0989999999874,420.0892161108705
1791537354,100,,Aggregated,85.100000,0.000000,890,980,1100,1100,1300,1500,1700,1800,2400,2900,3100,27781,0,890,891.287261106509,9.336000000075728,3139.0989999999874,420.09380511860627
1791537355,100,,Aggregated,79.900000,0.000000,890,980,1100,1100,1300,1500,1700,1800,2400,2900,3100,27865,0,890,892.3034278198427,9.336000000075728,3139.0989999999874,420.09883366230036
1791537356,100,,Aggregated,84.700000,0.000000,890,980,1100,1100,1300,1500,1700,1800,2400,2900,3100,27952,0,890,893.458295685458,9.336000000075728,3139.0989999999874,420.1041070406411
1791537357,100,,Aggregated,85.000000,0.000000,890,980,1100,1100,1300,1500,1700,1800,2400,2900,3100,28031,0,890,894.300208583352,9.336000000075728,3139.0989999999874,420.1085940565802
1791537358,100,,Aggregated,82.800000,0.000000,890,980,1100,1100,1300,1500,1700,1800,2400,2900,3100,28084,0,890,895.221821692065,9.336000000075728,3139.0989999999874,420.11184304230164
1791537359,100,,Aggregated,79.500000,0.000000,890,980,1100,1100,1300,1500,1700,1800,2400,2900,3100,28139,0,890,896.8957027435215,9.336000000075728,3139.0989999999874,420.11507160879916
1791537360,100,,Aggregated,75.600000,0.000000,890,980,1100,1100,1300,1500,1700,1800,2400,2900,3100,28183,0,890,898.2251525387629,9.336000000075728,3139.0989999999874,420.11765958201755
1791537361,100,,Aggregated,71.900000,0.000000,890,980,1100,1100,1300,1500,1700,1900,2400,2900,3100,28227,0,890,900.253495231514,9.336000000075728,3139.0989999999874,420.12013320579587
1791537362,100,,Aggregated,69.100000,0.000000,890,980,1100,1100,1300,1500,1700,1900,2600,3000,3100,28256,0,890,902.1511407594829,9.336000000075728,3139.0989999999874,420.12185022650056
1791537363,100,,Aggregated,66.200000,0.000000,890,990,1100,1100,1300,1500,1800,1900,2900,3100,3200,28283,0,890,904.1016404200384,9.336000000075728,3236.1429000002317,420.12339567938335
1791537364,100,,Aggregated,64.500000,0.000000,890,990,1100,1100,1300,1500,1800,1900,3000,3300,3500,28302,0,890,905.5900647692724,9.336000000075728,3474.071599999661,420.124584834994
1791537365,100,,Aggregated,61.400000,0.000000,890,990,1100,1100,1300,1500,1800,2000,3300,4000,4000,28332,0,890,908.356738041788,9.336000000075728,4021.653800000422,420.1261118170267
1791537366,100,,Aggregated,53.400000,0.000000,890,990,1100,1200,1300,1500,1800,2000,3600,4000,4100,28368,0,890,911.8700339290723,9.336000000075728,4061.8076999999175,420.1282783417936
1791537367,100,,Aggregated,49.100000,0.000000,890,990,1100,1200,1300,1600,1800,2100,3700,4000,4100,28397,0,890,914.5998760538058,9.336000000075728,4061.8076999999175,420.13001373384515
1791537368,100,,Aggregated,42.700000,0.000000,890,990,1100,1200,1400,1600,1800,2100,3800,4000,4100,28417,0,890,916.4931562057897,9.336000000075728,4061.8076999999175,420.13108350635184
1791537369,100,,Aggregated,38.900000,0.000000,890,990,1100,1200,1400,1600,1800,2200,3900,4300,4600,28455,0,890,920.4785140537663,9.336000000075728,4609.106400000201,420.1334036197505
1791537370,100,,Aggregated,33.700000,0.000000,890,990,1100,1200,1400,1600,1900,2400,3900,4300,4600,28487,0,890,923.5782394706331,9.336000000075728,4609.106400000201,420.13511426264614
1791537371,100,,Aggregated,30.400000,0.000000,890,990,1100,1200,1400,1600,1900,2600,3900,4300,4600,28513,0,890,925.9900093395969,9.336000000075728,4609.106400000201,420.1366043559078
1791537372,100,,Aggregated,29.000000,0.000000,890,990,1100,1200,1400,1600,1900,2800,3900,4300,4600,28535,0,890,927.8862294235124,9.336000000075728,4609.106400000201,420.13786577886805
1791537374,100,,Aggregated,27.600000,0.000000,890,990,1100,1200,1400,1600,1900,3200,3900,4300,4600,28585,0,890,932.2916257477672,9.336000000075728,4609.106400000201,420.14063319923036
1791537375,100,,Aggregated,27.600000,0.000000,890,990,1100,1200,1400,1600,2000,3200,3900,4300,4600,28616,0,890,934.6333499370958,9.336000000075728,4609.106400000201,420.14229801509646
1791537376,100,,Aggregated,28.900000,0.000000,890,990,1100,1200,1400,1600,2000,3300,3900,4300,4600,28655,0,890,937.4279691676821,9.336000000075728,4609.106400000201,420.14454719944166
1791537377,100,,Aggregated,29.100000,0.000000,890,990,1100,1200,1400,1600,2100,3300,3900,4300,4600,28713,0,890,940.8498590533878,9.336000000075728,4609.106400000201,420.1478076132762
1791537378,100,,Aggregated,29.300000,0.000000,890,990,1100,1200,1400,1600,2100,3300,3900,4300,4600,28725,0,890,941.5314356762377,9.336000000075728,4609.106400000201,420.14847693646647
1791537379,100,,Aggregated,32.100000,0.000000,900,990,1100,1200,1400,1600,2300,3300,3900,4300,4600,28757,0,900,943.7636729074638,9.336000000075728,4609.106400000201,420.15039816392533
1791537380,100,,Aggregated,31.600000,0.000000,900,990,1100,1200,1400,1600,2500,3300,3900,4300,4600,28816,0,900,948.0428625867552,9.336000000075728,4609.106400000201,420.15359522487506
1791537381,100,,Aggregated,31.900000,0.000000,900,1000,1100,1200,1400,1600,2600,3300,3900,4300,4600,28827,0,900,948.8329377493299,9.336000000075728,4609.106400000201,420.15419571929095
1791537382,100,,Aggregated,34.100000,0.000000,900,1000,1100,1200,1400,1700,2600,3300,3900,4300,4600,28856,0,900,950.9875550492076,9.336000000075728,4609.106400000201,420.1559467701691
1791537383,100,,Aggregated,32.700000,0.000000,900,1000,1100,1200,1400,1700,2800,3400,3900,4300,4600,28917,0,900,955.9729701801685,9.336000000075728,4609.106400000201,420.1592488847391
1791537384,100,,Aggregated,32.100000,0.000000,900,1000,1100,1200,1400,1700,2800,3400,3900,4300,4600,28926,0,900,956.5967703968722,9.336000000075728,4609.106400000201,420.15968332987626
1791537385,100,,Aggregated,34.600000,0.000000,900,1000,1100,1200,1400,1700,2900,3400,3900,4300,4600,28959,0,900,958.8779928899452,9.336000000075728,4609.106400000201,420.1616423219034
1791537386,100,,Aggregated,34.100000,0.000000,900,1000,1100,1200,1400,1700,2900,3300,3900,4300,4600,29016,0,900,962.8106624034984,9.336000000075728,4609.106400000201,420.1646677695065
1791537387,100,,Aggregated,31.900000,0.000000,900,1000,1100,1200,1400,1700,2900,3300,3900,4300,4600,29029,0,900,963.7428305074208,9.336000000075728,4609.106400000201,420.16535188948984
1791537388,100,,Aggregated,34.700000,0.000000,900,1000,1100,1200,1400,1700,2900,3400,3900,4300,4600,29051,0,900,965.4110162025377,9.336000000075728,4609.106400000201,420.1665002925889
1791537389,100,,Aggregated,31.200000,0.000000,900,1000,1100,1200,1400,1700,3000,3400,3900,4300,4600,29115,0,900,970.8962323784963,9.336000000075728,4609.106400000201,420.1699811093938
1791537390,100,,Aggregated,31.200000,0.000000,900,1000,1100,1200,1400,1700,3000,3400,3900,4300,4600,29165,0,900,972.8760854105922,9.336000000075728,4609.106400000201,420.1726727241557
1791537391,100,,Aggregated,33.000000,0.000000,900,1000,1100,1200,1400,1800,3000,3400,3900,4300,4600,29229,0,900,974.852631875874,9.336000000075728,4609.106400000201,420.17633172534124
1791537392,100,,Aggregated,32.100000,0.000000,900,1000,1100,1200,1400,1800,3000,3400,3900,4300,4600,29335,0,900,976.0616813465125,9.336000000075728,4609.106400000201,420.18203511164137
1791537393,100,,Aggregated,34.900000,0.000000,900,1000,1100,1200,1400,1800,3000,3400,3900,4300,4600,29436,0,900,976.0954365266998,9.336000000075728,4609.106400000201,420.18745753499115
1791537394,100,,Aggregated,40.400000,0.000000,900,1000,1100,1200,1400,1800,3000,3400,3900,4300,4600,29545,0,900,975.9340533694351,9.336000000075728,4609.106400000201,420.1932306650871
1791537395,100,,Aggregated,46.000000,0.000000,900,1000,1100,1200,1400,1800,3000,3400,3900,4300,4600,29659,0,900,975.533516814456,9.336000000075728,4609.106400000201,420.19923126201155
1791537396,100,,Aggregated,52.200000,0.000000,900,1000,1100,1200,1400,1800,3000,3400,3900,4300,4600,29759,0,900,974.9641198998603,9.336000000075728,4609.106400000201,420.2045095601331
1791537397,100,,Aggregated,61.800000,0.000000,900,1000,1100,1200,1400,1800,3000,3400,3900,4300,4600,29877,0,900,974.835416577968,9.336000000075728,4609.106400000201,420.21073066238245
1791537398,100,,Aggregated,68.200000,0.000000,900,1000,1100,1200,1400,1800,3000,3400,3900,4300,4600,29976,0,900,974.499448618894,9.336000000075728,4609.106400000201,420.21587269815853
1791537399,100,,Aggregated,74.100000,0.000000,900,1000,1100,1200,1400,1700,3000,3400,3900,4300,4600,30081,0,900,974.7046004454626,9.336000000075728,4609.106400000201,420.2212359961437
1791537400,100,,Aggregated,85.800000,0.000000,900,1000,1100,1200,1400,1700,3000,3400,3900,4300,4600,30190,0,900,974.6308277012245,9.336000000075728,4609.106400000201,420.22683007618417
1791537401,100,,Aggregated,92.000000,0.000000,900,1000,1100,1200,1400,1700,3000,3400,3900,4300,4600,30278,0,900,974.5003135808166,9.336000000075728,4609.106400000201,420.2312239910166
1791537402,100,,Aggregated,96.300000,0.000000,900,1000,1100,1200,1400,1700,3000,3400,3900,4300,4600,30375,0,900,974.9755237037022,9.336000000075728,4609.106400000201,420.2361481481482
1791537403,100,,Aggregated,102.600000,0.000000,900,1000,1100,1200,1400,1700,3000,3400,3900,4300,4600,30473,0,900,975.236540150296,9.336000000075728,4609.106400000201,420.241033045647
1791537404,100,,Aggregated,105.000000,0.000000,900,1000,1100,1200,1400,1700,3000,3400,3900,4300,4600,30568,0,900,975.4919255070655,9.336000000075728,4609.106400000201,420.24564904475267
1791537405,100,,Aggregated,105.100000,0.000000,900,1000,1100,1200,1400,1700,3000,3400,3900,4300,4600,30678,0,900,975.639767836886,9.336000000075728,4609.106400000201,420.2510267944455
1791537406,100,,Aggregated,103.500000,0.000000,900,1000,1100,1200,1400,1700,3000,3400,3900,4300,4600,30777,0,900,975.4915288039764,9.336000000075728,4609.106400000201,420.2560678428697
1791537407,100,,Aggregated,102.400000,0.000000,900,1000,1100,1200,1400,1700,3000,3400,3900,4300,4600,30881,0,900,975.1946589682963,9.336000000075728,4609.106400000201,420.26106667530195
1791537408,100,,Aggregated,101.300000,0.000000,900,1000,1100,1200,1400,1700,3000,3400,3900,4300,4600,30983,0,900,975.2753396410924,9.336000000075728,4609.106400000201,420.2659522964206
1791537409,100,,Aggregated,102.600000,0.000000,900,1000,1100,1200,1400,1700,3000,3400,3900,4300,4600,31082,0,900,975.2420233704387,9.336000000075728,4609.106400000201,420.27076764686956
1791537410,100,,Aggregated,99.200000,0.000000,900,1000,1100,1200,1400,1700,3000,3400,3900,4300,4600,31206,0,900,975.246502207908,9.336000000075728,4609.106400000201,420.27661347176826
1791537411,100,,Aggregated,101.500000,0.000000,900,1000,1100,1200,1400,1700,3000,3400,3900,4300,4600,31276,0,900,975.2238783699958,9.336000000075728,4609.106400000201,420.27979920705974
1791537412,100,,Aggregated,100.600000,0.000000,900,1000,1100,1200,1400,1700,3000,3400,3900,4300,4600,31348,0,900,976.2120792809743,9.336000000075728,4609.106400000201,420.2833992599209
1791537413,100,,Aggregated,101.500000,0.000000,900,1000,1100,1200,1400,1700,3000,3400,3900,4300,4600,31412,0,900,977.2556992041251,9.336000000075728,4609.106400000201,420.2863873678849
1791537414,100,,Aggregated,99.700000,0.000000,900,1000,1100,1200,1400,1700,3000,3400,3900,4300,4600,31517,0,900,978.1950192689651,9.336000000075728,4609.106400000201,420.2912079195355
1791537415,100,,Aggregated,96.000000,0.000000,900,1000,1100,1200,1400,1700,3000,3400,3900,4300,4600,31617,0,900,978.1789784894193,9.336000000075728,4609.106400000201,420.29588512509093
1791537416,100,,Aggregated,93.800000,0.000000,900,1000,1100,1200,1400,1700,3000,3400,3900,4300,4600,31729,0,900,978.162647530649,9.336000000075728,4609.106400000201,420.3011125468814
1791537417,100,,Aggregated,94.100000,0.000000,900,1000,1100,1200,1400,1700,2900,3400,3900,4300,4600,31867,0,900,977.1415960335128,9.336000000075728,4609.106400000201,420.307339881382
1791537418,100,,Aggregated,93.700000,0.000000,900,1000,1100,1200,1400,1700,2900,3400,3900,4300,4600,31977,0,900,976.4174343184145,9.336000000075728,4609.106400000201,420.31244331863525
1791537420,100,,Aggregated,94.500000,0.000000,900,1000,1100,1200,1400,1700,2900,3400,3900,4300,4600,32095,0,900,976.3084369309848,9.336000000075728,4609.106400000201,420.31780651191775
1791537421,100,,Aggregated,98.900000,0.000000,900,1000,1100,1200,1400,1700,2900,3400,3900,4300,4600,32216,0,900,975.6945564377927,9.336000000075728,4609.106400000201,420.32325552520484
1791537422,100,,Aggregated,97.800000,0.000000,900,1000,1100,1200,1400,1700,2900,3400,3900,4300,4600,32327,0,900,975.4142434930527,9.336000000075728,4609.106400000201,420.32802301481735
1791537423,100,,Aggregated,100.000000,0.000000,900,1000,1100,1200,1400,1700,2900,3400,3900,4300,4600,32403,0,900,975.5912804585973,9.336000000075728,4609.106400000201,420.3313890689134
1791537424,100,,Aggregated,104.100000,0.000000,900,1000,1100,1200,1400,1700,2900,3400,3900,4300,4600,32526,0,900,975.9838910533092,9.336000000075728,4609.106400000201,420.33696120027054
1791537425,100,,Aggregated,104.100000,0.000000,900,1000,1100,1200,1400,1700,2900,3400,3900,4300,4600,32617,0,900,975.5311673053908,9.336000000075728,4609.106400000201,420.3409265107153
1791537426,100,,Aggregated,110.300000,0.000000,900,1000,1100,1200,1400,1700,2900,3400,3900,4300,4600,32721,0,900,975.6709115185944,9.336000000075728,4609.106400000201,420.3451911616393
1791537427,100,,Aggregated,109.900000,0.000000,900,1000,1100,1200,1400,1700,2900,3400,3900,4300,4600,32810,0,900,976.0727732429112,9.336000000075728,4609.106400000201,420.3490704053642
1791537428,100,,Aggregated,110.200000,0.000000,900,1000,1100,1200,1400,1700,2900,3400,3900,4300,4600,32891,0,900,976.370506947187,9.336000000075728,4609.106400000201,420.35268006445534
1791537429,100,,Aggregated,107.900000,0.000000,900,1000,1100,1200,1400,1700,2900,3400,3900,4300,4600,32956,0,900,977.4629119735378,9.336000000075728,4609.106400000201,420.35544362179877
1791537430,100,,Aggregated,101.700000,0.000000,900,1000,1100,1200,1400,1700,2900,3400,3900,4300,4600,33010,0,900,978.3392657982405,9.336000000075728,4609.106400000201,420.357649197213
1791537431,100,,Aggregated,97.300000,0.000000,910,1000,1100,1200,1400,1700,2900,3400,3900,4300,4600,33086,0,910,979.5209240706015,9.336000000075728,4609.106400000201,420.36105905821194
1791537432,100,,Aggregated,91.400000,0.000000,910,1000,1100,1200,1400,1700,2900,3400,3900,4300,4600,33164,0,910,980.8611216560105,9.336000000075728,4609.106400000201,420.36428054516944
1791537433,100,,Aggregated,86.800000,0.000000,910,1000,1100,1200,1400,1700,2900,3400,3900,4300,4600,33211,0,910,981.5480585498761,9.336000000075728,4609.106400000201,420.3660835265424
1791537434,100,,Aggregated,80.900000,0.000000,910,1000,1100,1200,1400,1700,2900,3400,3900,4300,4600,33294,0,910,982.955720027631,9.336000000075728,4609.106400000201,420.36973628882083
1791537435,100,,Aggregated,80.400000,0.000000,910,1000,1100,1200,1400,1700,2900,3400,3900,4300,4600,33404,0,910,983.4978818704334,9.336000000075728,4609.106400000201,420.3742066818345
1791537436,100,,Aggregated,77.000000,0.000000,910,1000,1100,1200,1400,1700,2900,3400,3900,4300,4600,33499,0,910,983.2850551926915,9.336000000075728,4609.106400000201,420.3782799486552
1791537437,100,,Aggregated,77.900000,0.000000,910,1000,1100,1200,1400,1700,2900,3400,3900,4300,4600,33583,0,910,983.4345470237913,9.336000000075728,4609.106400000201,420.3817407616949
1791537438,100,,Aggregated,76.300000,0.000000,910,1000,1100,1200,1400,1700,2900,3400,3900,4300,4600,33689,0,910,984.0049369705243,9.336000000075728,4609.106400000201,420.3860607319897
1791537439,100,,Aggregated,77.000000,0.000000,910,1000,1100,1200,1400,1700,2900,3400,3900,4300,4600,33768,0,910,984.1936818289506,9.336000000075728,4609.106400000201,420.3892738687515
1791537440,100,,Aggregated,79.100000,0.000000,910,1000,1100,1200,1400,1700,2900,3400,3900,4300,4600,33887,0,910,984.052468332989,9.336000000075728,4609.106400000201,420.3941039336619
1791537441,100,,Aggregated,80.100000,0.000000,910,1000,1100,1200,1400,1700,2900,3400,3900,4300,4600,34002,0,910,983.6298072319274,9.336000000075728,4609.106400000201,420.39871184047996
1791537442,100,,Aggregated,86.100000,0.000000,910,1000,1100,1200,1400,1700,2900,3400,3900,4300,4600,34118,0,910,983.4797723430447,9.336000000075728,4609.106400000201,420.40315962248667
1791537443,100,,Aggregated,91.500000,0.000000,910,1000,1100,1200,1400,1700,2900,3400,3900,4300,4600,34200,0,910,983.7112684005849,9.336000000075728,4609.106400000201,420.4065789473684
1791537444,100,,Aggregated,96.000000,0.000000,910,1000,1100,1200,1400,1700,2900,3400,3900,4300,4600,34300,0,910,983.918729183673,9.336000000075728,4609.106400000201,420.4104956268222
1791537445,100,,Aggregated,97.200000,0.000000,910,1000,1100,1200,1400,1700,2900,3300,3900,4300,4600,34409,0,910,983.816304853382,9.336000000075728,4609.106400000201,420.41465895550584
1791537446,100,,Aggregated,99.500000,0.000000,910,1000,1100,1200,1400,1700,2900,3300,3900,4300,4600,34513,0,910,983.5267480630488,9.336000000075728,4609.106400000201,420.41879871352825
1791537447,100,,Aggregated,98.900000,0.000000,910,1000,1100,1200,1400,1700,2900,3300,3900,4300,4600,34612,0,910,983.5127039957235,9.336000000075728,4609.106400000201,420.4225702068647
1791537448,100,,Aggregated,102.100000,0.000000,910,1000,1100,1200,1400,1700,2900,3300,3900,4300,4600,34711,0,910,983.7945577367403,9.336000000075728,4609.106400000201,420.42629137737316
1791537449,100,,Aggregated,102.000000,0.000000,910,1000,1100,1200,1400,1700,2900,3300,3900,4300,4600,34810,0,910,983.6035972421724,9.336000000075728,4609.106400000201,420.43016374604997
1791537450,100,,Aggregated,100.800000,0.000000,910,1000,1100,1200,1400,1700,2900,3300,3900,4300,4600,34901,0,910,983.9135658176001,9.336000000075728,4609.106400000201,420.43362654365205
1791537451,100,,Aggregated,103.800000,0.000000,910,1000,1100,1200,1400,1700,2900,3300,3900,4300,4600,34998,0,910,983.9971157951904,9.336000000075728,4609.106400000201,420.43748214183665
1791537452,100,,Aggregated,100.900000,0.000000,910,1000,1100,1200,1400,1700,2900,3300,3900,4300,4600,35105,0,910,983.9454642358653,9.336000000075728,4609.106400000201,420.44133314342685
1791537453,100,,Aggregated,98.400000,0.000000,910,1000,1100,1200,1400,1700,2900,3300,3900,4300,4600,35243,0,910,983.4211584938874,9.336000000075728,4609.106400000201,420.4465567630451
1791537454,100,,Aggregated,99.300000,0.000000,910,1000,1100,1200,1400,1700,2900,3300,3900,4300,4600,35364,0,910,983.0327784272174,9.336000000075728,4609.106400000201,420.45122158126907
1791537455,100,,Aggregated,102.700000,0.000000,910,1000,1100,1200,1400,1700,2900,3300,3900,4300,4600,35482,0,910,982.6397525787761,9.336000000075728,4609.106400000201,420.45544219604307
1791537456,100,,Aggregated,103.900000,0.000000,910,1000,1100,1200,1400,1700,2900,3300,3900,4300,4600,35593,0,910,982.1340884893144,9.336000000075728,4609.106400000201,420.45938808192625
1791537457,100,,Aggregated,105.900000,0.000000,910,1000,1100,1200,1400,1700,2900,3300,3900,4300,4600,35704,0,910,981.9334225941112,9.336000000075728,4609.106400000201,420.463505489581
1791537458,100,,Aggregated,107.400000,0.000000,910,1000,1100,1200,1400,1700,2900,3300,3900,4300,4600,35826,0,910,981.4284820298154,9.336000000075728,4609.106400000201,420.46790040752524
1791537459,100,,Aggregated,109.100000,0.000000,910,1000,1100,1200,1400,1700,2900,3300,3900,4300,4600,35933,0,910,981.0019545515314,9.336000000075728,4609.106400000201,420.4717390699357
1791537460,100,,Aggregated,111.900000,0.000000,910,1000,1100,1200,1400,1700,2900,3300,3900,4300,4600,36060,0,910,980.8106711259059,9.336000000075728,4609.106400000201,420.47626178591236
1791537461,100,,Aggregated,112.000000,0.000000,910,1000,1100,1200,1400,1700,2900,3300,3900,4300,4600,36177,0,910,980.0159032230462,9.336000000075728,4609.106400000201,420.48060922685687
1791537462,100,,Aggregated,113.400000,0.000000,910,1000,1100,1200,1400,1700,2900,3300,3900,4300,4600,36292,0,910,979.7137901603696,9.336000000075728,4609.106400000201,420.4845420478342
1791537463,100,,Aggregated,117.500000,0.000000,910,1000,1100,1200,1400,1700,2900,3300,3900,4300,4600,36437,0,910,978.6083072453856,9.336000000075728,4609.106400000201,420.4895847627412
1791537464,100,,Aggregated,117.400000,0.000000,910,1000,1100,1200,1400,1700,2900,3300,3900,4300,4600,36556,0,910,978.2032607178058,9.336000000075728,4609.106400000201,420.49368092789143
1791537465,100,,Aggregated,118.800000,0.000000,910,1000,1100,1200,1400,1700,2900,3300,3900,4300,4600,36662,0,910,977.9533508428366,9.336000000075728,4609.106400000201,420.49762697070537
1791537466,100,,Aggregated,121.300000,0.000000,910,1000,1100,1200,1400,1700,2900,3300,3900,4300,4600,36769,0,910,977.8494964834531,9.336000000075728,4609.106400000201,420.5009654872311
1791537467,100,,Aggregated,119.200000,0.000000,910,1000,1100,1200,1400,1700,2900,3300,3900,4300,4600,36891,0,910,977.6266380309585,9.336000000075728,4609.106400000201,420.5051909679868
1791537468,100,,Aggregated,116.900000,0.000000,910,1000,1100,1200,1400,1700,2900,3300,3900,4300,4600,37018,0,910,976.8564724566465,9.336000000075728,4609.106400000201,420.5094278459128
1791537469,100,,Aggregated,116.600000,0.000000,900,1000,1100,1200,1400,1700,2900,3300,3900,4300,4600,37130,0,900,976.5088377646143,9.336000000075728,4609.106400000201,420.5133584702397
1791537470,100,,Aggregated,118.300000,0.000000,900,1000,1100,1200,1400,1700,2900,3300,3900,4300,4600,37246,0,900,976.0903288970659,9.336000000075728,4609.106400000201,420.5172099017344
1791537471,100,,Aggregated,119.100000,0.000000,900,1000,1100,1200,1400,1700,2900,3300,3900,4300,4600,37359,0,900,975.8864811638464,9.336000000075728,4609.106400000201,420.52102572338663
1791537472,100,,Aggregated,120.700000,0.000000,900,1000,1100,1200,1400,1700,2800,3300,3900,4300,4600,37475,0,900,975.6489417024716,9.336000000075728,4609.106400000201,420.52485657104734
1791537473,100,,Aggregated,116.600000,0.000000,900,1000,1100,1200,1400,1700,2800,3300,3900,4300,4600,37556,0,900,975.8992233890752,9.336000000075728,4609.106400000201,420.52747896474597
1791537474,100,,Aggregated,118.100000,0.000000,900,1000,1100,1200,1400,1700,2800,3300,3900,4300,4600,37655,0,900,975.7556139795554,9.336000000075728,4609.106400000201,420.53065993891914
1791537475,100,,Aggregated,113.700000,0.000000,900,1000,1100,1200,1400,1700,2800,3300,3900,4300,4600,37760,0,900,975.9650370656818,9.336000000075728,4609.106400000201,420.534375
1791537476,100,,Aggregated,110.800000,0.000000,900,1000,1100,1200,1400,1700,2800,3300,3900,4300,4600,37870,0,900,976.1069579640917,9.336000000075728,4609.106400000201,420.53773435437023
1791537477,100,,Aggregated,109.000000,0.000000,900,1000,1100,1200,1400,1700,2800,3300,3900,4300,4600,38019,0,900,974.9740422578218,9.336000000075728,4609.106400000201,420.5423340961098
1791537478,100,,Aggregated,108.300000,0.000000,900,1000,1100,1200,1400,1700,2800,3300,3900,4300,4600,38160,0,900,973.9479936818692,9.336000000075728,4609.106400000201,420.5469339622642
1791537479,100,,Aggregated,111.900000,0.000000,900,1000,1100,1200,1400,1700,2800,3300,3900,4300,4600,38289,0,900,973.2430179764461,9.336000000075728,4609.106400000201,420.5509676408368
1791537480,100,,Aggregated,112.300000,0.000000,900,1000,1100,1200,1400,1700,2800,3300,3900,4300,4600,38411,0,900,972.9506808518435,9.336000000075728,4609.106400000201,420.55476295852753
1791537481,100,,Aggregated,116.900000,0.000000,900,1000,1100,1200,1400,1700,2800,3300,3900,4300,4600,38474,0,900,972.5957764022501,9.336000000075728,4609.106400000201,420.5569475489941
1791537482,100,,Aggregated,113.300000,0.000000,900,1000,1100,1200,1400,1700,2800,3300,3900,4300,4600,38555,0,900,973.788407226045,9.336000000075728,4609.106400000201,420.55935676306575
1791537483,100,,Aggregated,114.800000,0.000000,900,1000,1100,1200,1400,1700,2800,3300,3900,4300,4600,38668,0,900,973.8149240276241,9.336000000075728,4609.106400000201,420.56297196648393
1791537484,100,,Aggregated,108.400000,0.000000,900,1000,1100,1200,1400,1700,2800,3300,3900,4300,4600,38798,0,900,973.1971691092382,9.336000000075728,4609.106400000201,420.56688489097377
1791537485,100,,Aggregated,111.100000,0.000000,900,1000,1100,1200,1400,1700,2800,3300,3900,4300,4600,38917,0,900,972.8708187861404,9.336000000075728,4609.106400000201,420.570573271321
1791537486,100,,Aggregated,111.900000,0.000000,900,1000,1100,1200,1400,1700,2800,3300,3900,4300,4600,39036,0,900,972.3704541858857,9.336000000075728,4609.106400000201,420.57418792909107
1791537487,100,,Aggregated,115.900000,0.000000,900,1000,1100,1200,1400,1700,2800,3300,3900,4300,4600,39157,0,900,972.1858086114938,9.336000000075728,4609.106400000201,420.5779043338356
1791537488,100,,Aggregated,117.600000,0.000000,900,1000,1100,1200,1400,1700,2800,3300,3900,4300,4600,39257,0,900,971.941452670868,9.336000000075728,4609.106400000201,420.58094097867894
1791537489,100,,Aggregated,113.900000,0.000000,900,1000,1100,1200,1400,1700,2800,3300,3900,4300,4600,39383,0,900,971.6239384328326,9.336000000075728,4609.106400000201,420.5846685117944
1791537490,100,,Aggregated,111.300000,0.000000,900,1000,1100,1200,1400,1700,2800,3300,3900,4300,4600,39508,0,900,971.4294270805981,9.336000000075728,4609.106400000201,420.5882352941176
1791537491,100,,Aggregated,106.300000,0.000000,900,1000,1100,1200,1400,1700,2800,3300,3900,4300,4600,39605,0,900,971.0204921752361,9.336000000075728,4609.106400000201,420.5910617346295
1791537492,100,,Aggregated,108.900000,0.000000,900,1000,1100,1200,1400,1700,2800,3300,3900,4300,4600,39726,0,900,970.9043008760068,9.336000000075728,4609.106400000201,420.5947993757237
1791537493,100,,Aggregated,110.100000,0.000000,900,1000,1100,1200,1400,1700,2800,3300,3900,4300,4600,39814,0,900,970.9525834229222,9.336000000075728,4609.106400000201,420.59717687245694
1791537494,100,,Aggregated,115.000000,0.000000,900,1000,1100,1200,1400,1700,2800,3300,3900,4300,4600,39898,0,900,971.5910726226939,9.336000000075728,4609.106400000201,420.59985462930473
1791537495,100,,Aggregated,114.500000,0.000000,900,1000,1100,1200,1400,1700,2800,3300,3900,4300,4600,40004,0,900,971.674636076399,9.336000000075728,4609.106400000201,420.60306469353065
1791537496,100,,Aggregated,109.800000,0.000000,900,1000,1100,1200,1400,1700,2800,3300,3900,4300,4600,40114,0,900,971.5035528094995,9.336000000075728,4609.106400000201,420.6059729770155
1791537497,100,,Aggregated,106.300000,0.000000,900,1000,1100,1200,1400,1600,2800,3300,3900,4300,4600,40226,0,900,971.3440820091547,9.336000000075728,4609.106400000201,420.6092576940287
1791537498,100,,Aggregated,106.500000,0.000000,900,1000,1100,1200,1400,1600,2700,3300,3900,4300,4600,40336,0,900,970.9849097034974,9.336000000075728,4609.106400000201,420.6124057913526
1791537499,100,,Aggregated,105.700000,0.000000,900,1000,1100,1200,1400,1600,2700,3300,3900,4300,4600,40448,0,900,970.7236464324636,9.336000000075728,4609.106400000201,420.615605221519
1791537500,100,,Aggregated,108.700000,0.000000,900,1000,1100,1200,1400,1600,2700,3300,3900,4300,4600,40570,0,900,970.2169354744959,9.336000000075728,4609.106400000201,420.61910278530934
1791537501,100,,Aggregated,109.000000,0.000000,900,1000,1100,1200,1400,1600,2700,3300,3900,4300,4600,40701,0,900,969.5471285472169,9.336000000075728,4609.106400000201,420.6225154173116
1791537502,100,,Aggregated,109.100000,0.000000,900,1000,1100,1200,1400,1600,2700,3300,3900,4300,4600,40782,0,900,970.0376672993054,9.336000000075728,4609.106400000201,420.6249816095336
1791537503,100,,Aggregated,108.700000,0.000000,900,1000,1100,1200,1400,1600,2700,3300,3900,4300,4600,40880,0,900,970.2121900122384,9.336000000075728,4609.106400000201,420.62776418786694
1791537504,100,,Aggregated,106.400000,0.000000,900,1000,1100,1200,1400,1600,2700,3300,3900,4300,4600,40975,0,900,970.3406417132466,9.336000000075728,4609.106400000201,420.6303355704698
1791537505,100,,Aggregated,105.900000,0.000000,900,1000,1100,1200,1400,1600,2700,3300,3900,4300,4600,41074,0,900,970.3437990383273,9.336000000075728,4609.106400000201,420.63307688562105
1791537506,100,,Aggregated,108.300000,0.000000,900,1000,1100,1200,1400,1600,2700,3300,3900,4300,4600,41181,0,900,970.5148898618367,9.336000000075728,4609.106400000201,420.6360457492533
1791537507,100,,Aggregated,111.100000,0.000000,900,1000,1100,1200,1400,1600,2700,3200,3900,4300,4600,41277,0,900,970.3947739516019,9.336000000075728,4609.106400000201,420.63885456791917
1791537508,100,,Aggregated,107.000000,0.000000,900,1000,1100,1200,1400,1600,2700,3200,3900,4300,4600,41384,0,900,970.5674387057869,9.336000000075728,4609.106400000201,420.6415039628842
1791537509,100,,Aggregated,108.200000,0.000000,900,1000,1100,1200,1400,1600,2700,3200,3900,4300,4600,41513,0,900,970.1343524944059,9.336000000075728,4609.106400000201,420.644906414858
1791537510,100,,Aggregated,103.900000,0.000000,900,1000,1100,1200,1400,1600,2700,3200,3900,4300,4600,41618,0,900,970.1582039406081,9.336000000075728,4609.106400000201,420.6476764861358
1791537511,100,,Aggregated,104.200000,0.000000,900,1000,1100,1200,1400,1600,2700,3200,3900,4300,4600,41727,0,900,969.913140822495,9.336000000075728,4609.106400000201,420.6504900903492
1791537512,100,,Aggregated,103.100000,0.000000,900,1000,1100,1200,1400,1600,2700,3200,3900,4300,4600,41849,0,900,969.6339490525518,9.336000000075728,4609.106400000201,420.65385074912183
1791537513,100,,Aggregated,101.500000,0.000000,900,1000,1100,1200,1400,1600,2700,3200,3900,4300,4600,41952,0,900,969.3799260774282,9.336000000075728,4609.106400000201,420.6566075514874
1791537514,100,,Aggregated,104.800000,0.000000,900,1000,1100,1200,1400,1600,2600,3200,3900,4300,4600,42078,0,900,969.3461776534132,9.336000000075728,4609.106400000201,420.6599648272256
1791537515,100,,Aggregated,106.400000,0.000000,900,1000,1100,1200,1400,1600,2600,3200,3900,4300,4600,42189,0,900,969.0027019365306,9.336000000075728,4609.106400000201,420.6628268031952
1791537516,100,,Aggregated,106.300000,0.000000,900,1000,1100,1200,1400,1600,2600,3200,3900,4300,4600,42319,0,900,968.4506690470066,9.336000000075728,4609.106400000201,420.66613105224604
1791537517,100,,Aggregated,107.000000,0.000000,900,1000,1100,1200,1400,1600,2600,3200,3900,4300,4600,42415,0,900,968.181002440181,9.336000000075728,4609.106400000201,420.6685370741483
1791537518,100,,Aggregated,111.400000,0.000000,900,1000,1100,1200,1400,1600,2600,3200,3900,4300,4600,42528,0,900,968.4254351932916,9.336000000075728,4609.106400000201,420.6715340481565
1791537519,100,,Aggregated,111.600000,0.000000,900,1000,1100,1200,1400,1600,2600,3200,3900,4300,4600,42638,0,900,968.4555622730959,9.336000000075728,4609.106400000201,420.6743984239411
1791537520,100,,Aggregated,111.100000,0.000000,900,1000,1100,1200,1400,1600,2600,3200,3900,4300,4600,42757,0,900,968.0838296208875,9.336000000075728,4609.106400000201,420.6773861589915
1791537521,100,,Aggregated,109.800000,0.000000,900,1000,1100,1200,1400,1600,2600,3200,3900,4300,4600,42870,0,900,967.591942866813,9.336000000075728,4609.106400000201,420.6802425938885
1791537522,100,,Aggregated,111.100000,0.000000,900,1000,1100,1200,1400,1600,2600,3200,3900,4300,4600,42970,0,900,967.4611971445252,9.336000000075728,4609.106400000201,420.6827321387014
1791537523,100,,Aggregated,111.700000,0.000000,900,1000,1100,1200,1400,1600,2600,3200,3900,4300,4600,43075,0,900,967.5514668508469,9.336000000075728,4609.106400000201,420.6854323853743
1791537524,100,,Aggregated,113.100000,0.000000,900,1000,1100,1200,1400,1600,2600,3200,3900,4300,4600,43173,0,900,967.5688489634776,9.336000000075728,4609.106400000201,420.6878141430987
1791537525,100,,Aggregated,111.300000,0.000000,900,1000,1100,1200,1400,1600,2600,3200,3900,4300,4600,43274,0,900,967.4451174146187,9.336000000075728,4609.106400000201,420.6903683505107
1791537526,100,,Aggregated,112.100000,0.000000,900,1000,1100,1200,1400,1600,2600,3200,3900,4300,4600,43355,0,900,968.0271404197953,9.336000000075728,4609.106400000201,420.6922846269173
1791537527,100,,Aggregated,111.100000,0.000000,900,1000,1100,1200,1400,1600,2600,3200,3900,4300,4600,43464,0,900,968.1732570173069,9.336000000075728,4609.106400000201,420.6949889563777
1791537528,100,,Aggregated,105.500000,0.000000,900,1000,1100,1200,1400,1600,2600,3200,3900,4300,4600,43588,0,900,967.7855945696112,9.336000000075728,4609.106400000201,420.6980361567404
1791537529,100,,Aggregated,104.500000,0.000000,900,1000,1100,1200,1400,1600,2600,3200,3900,4300,4600,43700,0,900,967.6072735057265,9.336000000075728,4609.106400000201,420.7008695652174
1791537530,100,,Aggregated,107.400000,0.000000,900,1000,1100,1200,1400,1600,2600,3200,3900,4300,4600,43793,0,900,967.5891979859856,9.336000000075728,4609.106400000201,420.7030118968785
1791537531,100,,Aggregated,108.100000,0.000000,900,1000,1100,1200,1400,1600,2600,3200,3900,4300,4600,43914,0,900,967.5568813954612,9.336000000075728,4609.106400000201,420.70585690212687
1791537532,100,,Aggregated,106.400000,0.000000,900,1000,1100,1200,1400,1600,2600,3200,3900,4300,4600,44024,0,900,967.6049915546138,9.336000000075728,4609.106400000201,420.70852262402326
1791537533,100,,Aggregated,105.100000,0.000000,900,1000,1100,1200,1400,1600,2600,3200,3900,4300,4600,44137,0,900,967.1603152162661,9.336000000075728,4609.106400000201,420.7112173459909
1791537534,100,,Aggregated,102.100000,0.000000,900,1000,1100,1200,1400,1600,2600,3200,3900,4300,4600,44242,0,900,966.928750268983,9.336000000075728,4609.106400000201,420.7139143800009
1791537535,100,,Aggregated,104.600000,0.000000,900,1000,1100,1200,1400,1600,2600,3200,3900,4300,4600,44351,0,900,966.8034277671385,9.336000000075728,4609.106400000201,420.71624089648486
1791537536,100,,Aggregated,105.800000,0.000000,900,990,1100,1200,1400,1600,2500,3200,3900,4300,4600,44484,0,900,966.5452422376661,9.336000000075728,4609.106400000201,420.7194946497617
1791537537,100,,Aggregated,106.600000,0.000000,900,990,1100,1200,1400,1600,2500,3200,3900,4300,4600,44594,0,900,966.234359795047,9.336000000075728,4609.106400000201,420.7220253845809
1791537538,100,,Aggregated,111.100000,0.000000,900,990,1100,1200,1400,1600,2500,3200,3900,4300,4600,44696,0,900,965.8999257785999,9.336000000075728,4609.106400000201,420.7242482548774
1791537539,100,,Aggregated,111.700000,0.000000,900,990,1100,1200,1400,1600,2500,3200,3900,4300,4600,44809,0,900,966.1315242250513,9.336000000075728,4609.106400000201,420.72688522395055
1791537540,100,,Aggregated,110.500000,0.000000,900,990,1100,1200,1400,1600,2500,3200,3900,4300,4600,44920,0,900,965.8043647373187,9.336000000075728,4609.106400000201,420.7295859305432
1791537541,100,,Aggregated,109.000000,0.000000,900,990,1100,1200,1400,1600,2500,3200,3900,4300,4600,45039,0,900,965.6626877328617,9.336000000075728,4609.106400000201,420.73232087746175
1791537542,100,,Aggregated,111.600000,0.000000,900,990,1100,1200,1400,1600,2500,3200,3900,4300,4600,45133,0,900,965.515685748795,9.336000000075728,4609.106400000201,420.73434072629783
1791537543,100,,Aggregated,111.000000,0.000000,900,990,1100,1200,1400,1600,2500,3200,3900,4300,4600,45275,0,900,965.2496936432995,9.336000000075728,4609.106400000201,420.73762562120373
1791537544,100,,Aggregated,114.800000,0.000000,900,990,1100,1200,1400,1600,2500,3200,3900,4300,4600,45396,0,900,964.940797744303,9.336000000075728,4609.106400000201,420.7403956295709
1791537545,100,,Aggregated,112.200000,0.000000,900,990,1100,1100,1400,1600,2500,3200,3900,4300,4600,45535,0,900,964.1614590798378,9.336000000075728,4609.106400000201,420.7433622488196
1791537546,100,,Aggregated,112.500000,0.000000,900,990,1100,1100,1400,1600,2500,3200,3900,4300,4600,45668,0,900,963.7012026714642,9.336000000075728,4609.106400000201,420.74643076114563
1791537547,100,,Aggregated,112.800000,0.000000,900,990,1100,1100,1400,1600,2500,3200,3900,4300,4600,45781,0,900,963.454327808489,9.336000000075728,4609.106400000201,420.74893514776875
1791537548,100,,Aggregated,115.300000,0.000000,900,990,1100,1100,1400,1600,2500,3200,3900,4300,4600,45879,0,900,963.5836702042423,9.336000000075728,4609.106400000201,420.7510843741145
1791537549,100,,Aggregated,115.600000,0.000000,900,990,1100,1100,1400,1600,2400,3200,3900,4300,4600,45973,0,900,963.5625423640054,9.336000000075728,4609.106400000201,420.7532029669589
1791537550,100,,Aggregated,116.300000,0.000000,900,990,1100,1100,1400,1600,2400,3200,3900,4300,4600,46082,0,900,963.2679974133162,9.336000000075728,4609.106400000201,420.75539256108675
1791537551,100,,Aggregated,117.300000,0.000000,900,990,1100,1100,1400,1600,2400,3200,3900,4300,4600,46182,0,900,963.335058498991,9.336000000075728,4609.106400000201,420.75756788359104
1791537552,100,,Aggregated,116.600000,0.000000,900,990,1100,1100,1400,1600,2400,3200,3900,4300,4600,46281,0,900,963.7224196214519,9.336000000075728,4609.106400000201,420.75987986430715
1791537553,100,,Aggregated,116.100000,0.000000,900,990,1100,1100,1400,1600,2400,3200,3900,4300,4600,46392,0,900,963.4890154013725,9.336000000075728,4609.106400000201,420.7620926021728
1791537554,100,,Aggregated,110.200000,0.000000,900,990,1100,1100,1400,1600,2400,3200,3900,4300,4600,46467,0,900,963.4356605677254,9.336000000075728,4609.106400000201,420.7638539178342
1791537555,100,,Aggregated,110.700000,0.000000,900,990,1100,1100,1400,1600,2400,3200,3900,4300,4600,46569,0,900,964.1279913612163,9.336000000075728,4609.106400000201,420.7660460821577
1791537556,100,,Aggregated,109.700000,0.000000,900,990,1100,1100,1400,1600,2400,3200,3900,4300,4600,46691,0,900,963.7509612173756,9.336000000075728,4609.106400000201,420.76837077809427
1791537557,100,,Aggregated,105.100000,0.000000,900,990,1100,1100,1400,1600,2400,3200,3900,4300,4600,46769,0,900,963.8887308580576,9.336000000075728,4609.106400000201,420.77010412880327
1791537558,100,,Aggregated,103.200000,0.000000,900,990,1100,1100,1400,1600,2400,3200,3900,4300,4600,46903,0,900,963.8578877726471,9.336000000075728,4609.106400000201,420.7731061978978
1791537559,100,,Aggregated,103.500000,0.000000,900,990,1100,1100,1400,1600,2400,3200,3900,4300,4600,46990,0,900,963.5512032794314,9.336000000075728,4609.106400000201,420.7748457118536
1791537560,100,,Aggregated,101.100000,0.000000,900,990,1100,1100,1400,1600,2300,3200,3900,4300,4600,47071,0,900,964.1285308873926,9.336000000075728,4609.106400000201,420.77665654012026
1791537561,100,,Aggregated,102.500000,0.000000,900,990,1100,1200,1400,1600,2300,3200,3900,4300,4600,47186,0,900,964.4401135124913,9.336000000075728,4609.106400000201,420.7791082100623
1791537562,100,,Aggregated,99.400000,0.000000,900,990,1100,1100,1400,1600,2300,3200,3900,4300,4600,47308,0,900,964.0873166483548,9.336000000075728,4609.106400000201,420.7814745920352
1791537563,100,,Aggregated,98.200000,0.000000,900,990,1100,1100,1400,1600,2300,3200,3900,4300,4600,47398,0,900,964.0580151947415,9.336000000075728,4609.106400000201,420.7833663867674
1791537564,100,,Aggregated,102.600000,0.000000,900,990,1100,1100,1400,1600,2300,3200,3900,4300,4600,47514,0,900,964.1386726712187,9.336000000075728,4609.106400000201,420.78576840510163
1791537565,100,,Aggregated,102.800000,0.000000,900,990,1100,1100,1400,1600,2300,3200,3900,4300,4600,47606,0,900,963.8977232260701,9.336000000075728,4609.106400000201,420.7876738226274
1791537566,100,,Aggregated,100.900000,0.000000,900,990,1100,1200,1400,1600,2300,3200,3900,4300,4600,47697,0,900,964.1985671971045,9.336000000075728,4609.106400000201,420.7895045810009
1791537567,100,,Aggregated,105.600000,0.000000,900,990,1100,1200,1400,1600,2300,3200,3900,4300,4600,47796,0,900,964.3276189116306,9.336000000075728,4609.106400000201,420.79134237174657
1791537568,100,,Aggregated,104.600000,0.000000,900,1000,1100,1200,1400,1600,2300,3200,3900,4300,4600,47881,0,900,964.6026054969668,9.336000000075728,4609.106400000201,420.7931747457238
1791537569,100,,Aggregated,100.800000,0.000000,900,1000,1100,1200,1400,1600,2300,3200,3900,4300,4600,47989,0,900,964.8456444601953,9.336000000075728,4609.106400000201,420.79553647710935
1791537570,100,,Aggregated,99.400000,0.000000,900,1000,1100,1200,1400,1600,2300,3200,3800,4300,4600,48110,0,900,964.5917436541329,9.336000000075728,4609.106400000201,420.79773435876115
1791537571,100,,Aggregated,96.200000,0.000000,900,1000,1100,1200,1400,1600,2300,3200,3800,4300,4600,48203,0,900,964.5903993880123,9.336000000075728,4609.106400000201,420.7996390266166
1791537572,100,,Aggregated,101.300000,0.000000,900,1000,1100,1100,1400,1600,2200,3200,3800,4300,4600,48331,0,900,964.3275534253456,9.336000000075728,4609.106400000201,420.80225941942024
1791537573,100,,Aggregated,103.000000,0.000000,900,990,1100,1100,1400,1600,2200,3200,3800,4300,4600,48433,0,900,964.1684152272297,9.336000000075728,4609.106400000201,420.8042863336981
1791537574,100,,Aggregated,101.200000,0.000000,900,990,1100,1100,1400,1600,2200,3200,3800,4300,4600,48548,0,900,964.1231518641432,9.336000000075728,4609.106400000201,420.806583175414
1791537575,100,,Aggregated,102.800000,0.000000,900,990,1100,1100,1400,1600,2200,3200,3800,4300,4600,48663,0,900,963.9087726712369,9.336000000075728,4609.106400000201,420.80878696340136
1791537576,100,,Aggregated,105.500000,0.000000,900,990,1100,1100,1400,1600,2200,3200,3800,4300,4600,48786,0,900,963.5781532529912,9.336000000075728,4609.106400000201,420.8114418070758
1791537577,100,,Aggregated,104.000000,0.000000,900,990,1100,1100,1400,1600,2200,3200,3800,4300,4600,48878,0,900,963.5402706943901,9.336000000075728,4609.106400000201,420.8131061009043
1791537578,100,,Aggregated,103.800000,0.000000,900,990,1100,1100,1400,1600,2200,3200,3800,4300,4600,48981,0,900,963.5570896776381,9.336000000075728,4609.106400000201,420.81496906963923
1791537579,100,,Aggregated,107.000000,0.000000,900,990,1100,1100,1400,1600,2200,3200,3800,4300,4600,49081,0,900,963.7405819950773,9.336000000075728,4609.106400000201,420.81689452130155
1791537580,100,,Aggregated,109.700000,0.000000,900,1000,1100,1100,1400,1600,2200,3100,3800,4300,4600,49177,0,900,963.9217604083284,9.336000000075728,4609.106400000201,420.81873640116316
1791537581,100,,Aggregated,109.800000,0.000000,900,1000,1100,1100,1400,1600,2200,3100,3800,4300,4600,49270,0,900,964.1516652932899,9.336000000075728,4609.106400000201,420.82056017860765
1791537582,100,,Aggregated,106.600000,0.000000,900,1000,1100,1100,1400,1600,2200,3100,3800,4300,4600,49346,0,900,964.6784379281074,9.336000000075728,4609.106400000201,420.82191059052406
1791537583,100,,Aggregated,105.700000,0.000000,900,1000,1100,1200,1400,1600,2200,3100,3800,4300,4600,49432,0,900,965.1503997734338,9.336000000075728,4609.106400000201,420.8234949020877
1791537584,100,,Aggregated,104.300000,0.000000,900,1000,1100,1200,1400,1600,2200,3100,3800,4300,4600,49523,0,900,965.0114908709165,9.336000000075728,4609.106400000201,420.82543464652787
1791537585,100,,Aggregated,100.600000,0.000000,900,1000,1100,1200,1400,1600,2200,3100,3800,4300,4600,49636,0,900,965.5115754875569,9.336000000075728,4609.106400000201,420.82746393746476
1791537586,100,,Aggregated,97.200000,0.000000,900,1000,1100,1200,1400,1600,2200,3100,3800,4300,4600,49742,0,900,965.318184122078,9.336000000075728,4609.106400000201,420.82935949499415
1791537587,100,,Aggregated,94.900000,0.000000,900,1000,1100,1200,1400,1600,2200,3100,3800,4300,4600,49862,0,900,965.0562470919818,9.336000000075728,4609.106400000201,420.83165536881796
1791537588,100,,Aggregated,95.800000,0.000000,900,1000,1100,1100,1400,1600,2200,3100,3800,4300,4600,49979,0,900,964.6828913163614,9.336000000075728,4609.106400000201,420.8338502170912
1791537589,100,,Aggregated,95.400000,0.000000,900,1000,1100,1100,1400,1600,2100,3100,3800,4300,4600,50107,0,900,964.3309322729449,9.336000000075728,4609.106400000201,420.83615063763546
1791537590,100,,Aggregated,96.600000,0.000000,900,1000,1100,1100,1400,1600,2100,3100,3800,4300,4600,50231,0,900,963.9185169397467,9.336000000075728,4609.106400000201,420.8384662857598
1791537591,100,,Aggregated,100.300000,0.000000,900,990,1100,1100,1400,1600,2100,3100,3800,4300,4600,50352,0,900,963.5314026036785,9.336000000075728,4609.106400000201,420.84066174134097
1791537592,100,,Aggregated,103.300000,0.000000,900,990,1100,1100,1400,1600,2100,3100,3800,4300,4600,50467,0,900,963.1794091941351,9.336000000075728,4609.106400000201,420.8427487268908
1791537593,100,,Aggregated,106.400000,0.000000,900,990,1100,1100,1400,1600,2100,3100,3800,4300,4600,50578,0,900,962.8958378702282,9.336000000075728,4609.106400000201,420.8446360077504
1791537594,100,,Aggregated,108.500000,0.000000,900,990,1100,1100,1400,1600,2100,3100,3800,4300,4600,50750,0,900,962.2953393852291,9.336000000075728,4609.106400000201,420.847881773399
1791537595,100,,Aggregated,111.700000,0.000000,900,990,1100,1100,1400,1600,2100,3100,3800,4300,4600,50878,0,900,961.6779084004953,9.336000000075728,4609.106400000201,420.8502103070089
1791537596,100,,Aggregated,116.800000,0.000000,900,990,1100,1100,1400,1600,2100,3100,3800,4300,4600,50973,0,900,961.2387533792477,9.336000000075728,4609.106400000201,420.8518627508681
1791537597,100,,Aggregated,122.900000,0.000000,900,990,1100,1100,1400,1600,2100,3100,3800,4300,4600,51084,0,900,961.3582192173749,9.336000000075728,4609.106400000201,420.8538485631509
1791537598,100,,Aggregated,123.400000,0.000000,900,990,1100,1100,1400,1600,2100,3100,3800,4300,4600,51198,0,900,961.3408651548965,9.336000000075728,4609.106400000201,420.8559709363647
1791537599,100,,Aggregated,122.400000,0.000000,900,990,1100,1100,1400,1600,2100,3100,3800,4300,4600,51322,0,900,961.0080935076654,9.336000000075728,4609.106400000201,420.85801410701066
1791537600,100,,Aggregated,122.400000,0.000000,900,990,1100,1100,1400,1600,2100,3100,3800,4300,4600,51428,0,900,960.9727332153764,9.336000000075728,4609.106400000201,420.86001788908766
1791537601,100,,Aggregated,120.700000,0.000000,900,990,1100,1100,1400,1600,2100,3100,3800,4300,4600,51503,0,900,961.0732246568227,9.336000000075728,4609.106400000201,420.8612896336136
1791537602,100,,Aggregated,121.000000,0.000000,900,990,1100,1100,1400,1600,2100,3100,3800,4300,4600,51627,0,900,961.3240662405397,9.336000000075728,4609.106400000201,420.86334669843296
1791537603,100,,Aggregated,118.700000,0.000000,900,990,1100,1100,1400,1600,2100,3100,3800,4300,4600,51750,0,900,960.8719749661905,9.336000000075728,4609.106400000201,420.8655652173913
1791537604,100,,Aggregated,115.800000,0.000000,900,990,1100,1100,1400,1600,2100,3100,3800,4300,4600,51854,0,900,960.6469871909655,9.336000000075728,4609.106400000201,420.86730049755084
1791537605,100,,Aggregated,115.700000,0.000000,900,990,1100,1100,1400,1600,2100,3100,3800,4300,4600,51970,0,900,960.5150434654672,9.336000000075728,4609.106400000201,420.8693284587262
1791537606,100,,Aggregated,113.800000,0.000000,900,990,1100,1100,1400,1600,2100,3100,3800,4300,4600,52082,0,900,960.3496652970376,9.336000000075728,4609.106400000201,420.87122230329095
1791537607,100,,Aggregated,109.900000,0.000000,900,990,1100,1100,1400,1600,2100,3100,3800,4300,4600,52170,0,900,960.3063170462005,9.336000000075728,4609.106400000201,420.87274295572166
1791537608,100,,Aggregated,109.500000,0.000000,900,990,1100,1100,1400,1600,2100,3100,3800,4300,4600,52268,0,900,960.6519931219921,9.336000000075728,4609.106400000201,420.87441646896764
1791537609,100,,Aggregated,110.800000,0.000000,900,990,1100,1100,1400,1600,2100,3100,3800,4300,4600,52377,0,900,960.6605249689807,9.336000000075728,4609.106400000201,420.8762815739733
1791537610,100,,Aggregated,107.900000,0.000000,900,990,1100,1100,1400,1600,2100,3100,3800,4300,4600,52505,0,900,960.2925715379553,9.336000000075728,4609.106400000201,420.8782973050186
1791537611,100,,Aggregated,106.500000,0.000000,900,990,1100,1100,1400,1600,2100,3100,3800,4300,4600,52623,0,900,960.03267898068,9.336000000075728,4609.106400000201,420.8803184919142
1791537612,100,,Aggregated,104.900000,0.000000,900,990,1100,1100,1300,1600,2100,3100,3800,4300,4600,52727,0,900,959.8743319798267,9.336000000075728,4609.106400000201,420.88207180381966
1791537613,100,,Aggregated,107.600000,0.000000,900,990,1100,1100,1300,1600,2100,3100,3800,4300,4600,52859,0,900,959.618449849606,9.336000000075728,4609.106400000201,420.88418244764375
1791537615,100,,Aggregated,110.900000,0.000000,900,990,1100,1100,1300,1600,2100,3100,3800,4300,4600,52958,0,900,959.6814791136434,9.336000000075728,4609.106400000201,420.885871822954
1791537616,100,,Aggregated,109.300000,0.000000,900,990,1100,1100,1300,1600,2100,3100,3800,4300,4600,53071,0,900,959.585114382626,9.336000000075728,4609.106400000201,420.88792372482146
1791537617,100,,Aggregated,111.000000,0.000000,900,990,1100,1100,1300,1600,2100,3100,3800,4300,4600,53179,0,900,959.3581720002325,9.336000000075728,4609.106400000201,420.88952406024936
1791537618,100,,Aggregated,109.400000,0.000000,900,990,1100,1100,1300,1600,2100,3100,3800,4300,4600,53303,0,900,959.1759641858874,9.336000000075728,4609.106400000201,420.8914695232914
1791537619,100,,Aggregated,109.300000,0.000000,900,990,1100,1100,1300,1600,2100,3100,3800,4300,4600,53389,0,900,959.1893899473741,9.336000000075728,4609.106400000201,420.89295547772014
1791537620,100,,Aggregated,109.300000,0.000000,900,990,1100,1100,1300,1600,2100,3100,3800,4300,4600,53502,0,900,959.3726869462893,9.336000000075728,4609.106400000201,420.89473290718104
1791537621,100,,Aggregated,112.300000,0.000000,900,990,1100,1100,1300,1600,2100,3100,3800,4300,4600,53625,0,900,959.0574277650418,9.336000000075728,4609.106400000201,420.8967645687646
1791537622,100,,Aggregated,112.000000,0.000000,900,990,1100,1100,1300,1600,2000,3100,3800,4300,4600,53726,0,900,958.8907879257781,9.336000000075728,4609.106400000201,420.898280162305
1791537623,100,,Aggregated,111.500000,0.000000,900,990,1100,1100,1300,1600,2000,3100,3800,4300,4600,53830,0,900,959.0936000798876,9.336000000075728,4609.106400000201,420.900167193015
1791537624,100,,Aggregated,111.500000,0.000000,900,990,1100,1100,1300,1600,2000,3100,3800,4300,4600,53926,0,900,959.1324566146267,9.336000000075728,4609.106400000201,420.90151318473465
1791537625,100,,Aggregated,110.100000,0.000000,900,990,1100,1100,1300,1600,2000,3100,3800,4300,4600,54017,0,900,959.361401873491,9.336000000075728,4609.106400000201,420.90306755280744
1791537626,100,,Aggregated,106.600000,0.000000,900,990,1100,1100,1300,1600,2000,3100,3800,4300,4600,54119,0,900,959.4001618119397,9.336000000075728,4609.106400000201,420.90474694654375
1791537627,100,,Aggregated,105.900000,0.000000,900,990,1100,1100,1300,1600,2000,3100,3800,4300,4600,54195,0,900,959.7977919568297,9.336000000075728,4609.106400000201,420.9058953778024
1791537628,100,,Aggregated,103.700000,0.000000,900,990,1100,1100,1300,1600,2000,3100,3800,4300,4600,54285,0,900,960.0473208971232,9.336000000075728,4609.106400000201,420.9072303582942
1791537629,100,,Aggregated,100.700000,0.000000,900,990,1100,1100,1300,1600,2000,3100,3800,4300,4600,54395,0,900,960.1579150160918,9.336000000075728,4609.106400000201,420.90907252504826
1791537630,100,,Aggregated,97.900000,0.000000,900,990,1100,1100,1300,1600,2000,3100,3800,4300,4600,54512,0,900,959.9090386575483,9.336000000075728,4609.106400000201,420.910900352216
1791537631,100,,Aggregated,100.400000,0.000000,900,990,1100,1100,1300,1600,2000,3100,3800,4300,4600,54592,0,900,959.9682745823617,9.336000000075728,4609.106400000201,420.9121849355217
1791537632,100,,Aggregated,99.700000,0.000000,900,990,1100,1100,1300,1600,2000,3100,3800,4300,4600,54712,0,900,960.1603672905457,9.336000000075728,4609.106400000201,420.91398596286007
1791537633,100,,Aggregated,96.100000,0.000000,900,990,1100,1100,1300,1600,2000,3100,3800,4300,4600,54816,0,900,959.9826866863756,9.336000000075728,4609.106400000201,420.91546263864564
1791537634,100,,Aggregated,97.400000,0.000000,900,990,1100,1100,1300,1600,2000,3100,3800,4300,4600,54924,0,900,960.0131633766733,9.336000000075728,4609.106400000201,420.9171218410895
1791537635,100,,Aggregated,99.000000,0.000000,900,990,1100,1100,1300,1600,2000,3100,3800,4300,4600,55010,0,900,960.2616882548697,9.336000000075728,4609.106400000201,420.91857844028357
1791537636,100,,Aggregated,99.200000,0.000000,900,990,1100,1100,1300,1600,2000,3100,3800,4300,4600,55124,0,900,960.2522521406356,9.336000000075728,4609.106400000201,420.92027066250637
1791537637,100,,Aggregated,98.100000,0.000000,900,990,1100,1100,1300,1600,2000,3100,3800,4300,4600,55245,0,900,960.0816982116104,9.336000000075728,4609.106400000201,420.92211059824416
1791537638,100,,Aggregated,100.200000,0.000000,900,990,1100,1100,1300,1600,2000,3100,3800,4300,4600,55355,0,900,959.8679624532638,9.336000000075728,4609.106400000201,420.9237647908951
1791537639,100,,Aggregated,104.300000,0.000000,900,990,1100,1100,1300,1600,2000,3100,3800,4300,4600,55463,0,900,959.7231201377565,9.336000000075728,4609.106400000201,420.9254457926906
1791537640,100,,Aggregated,106.600000,0.000000,900,990,1100,1100,1300,1600,2000,3100,3800,4300,4600,55563,0,900,959.6683143872795,9.336000000075728,4609.106400000201,420.9269117938196
1791537641,100,,Aggregated,106.200000,0.000000,900,990,1100,1100,1300,1600,2000,3100,3800,4300,4600,55655,0,900,960.0028119522125,9.336000000075728,4609.106400000201,420.92825442458
1791537642,100,,Aggregated,106.300000,0.000000,900,990,1100,1100,1300,1600,2000,3100,3800,4300,4600,55770,0,900,960.0124112981966,9.336000000075728,4609.106400000201,420.93001613770844
1791537643,100,,Aggregated,106.200000,0.000000,900,990,1100,1100,1300,1600,2000,3100,3800,4300,4600,55882,0,900,959.840122322043,9.336000000075728,4609.106400000201,420.93164167352637
1791537644,100,,Aggregated,106.300000,0.000000,900,990,1100,1100,1300,1600,2000,3100,3800,4300,4600,55988,0,900,959.7300990105094,9.336000000075728,4609.106400000201,420.9332892762735
1791537645,100,,Aggregated,105.600000,0.000000,900,990,1100,1100,1300,1600,2000,3100,3800,4300,4600,56105,0,900,959.6817628286321,9.336000000075728,4609.106400000201,420.9349612334017
1791537646,100,,Aggregated,106.100000,0.000000,900,990,1100,1100,1300,1600,2000,3000,3800,4300,4600,56207,0,900,959.7774149714523,9.336000000075728,4609.106400000201,420.93639582258436
1791537647,100,,Aggregated,107.900000,0.000000,900,990,1100,1100,1300,1600,2000,3000,3800,4300,4600,56320,0,900,959.7142758256465,9.336000000075728,4609.106400000201,420.9381036931818
1791537648,100,,Aggregated,106.600000,0.000000,900,990,1100,1100,1300,1600,2000,3000,3800,4300,4600,56441,0,900,959.3778638365798,9.336000000075728,4609.106400000201,420.9399018444039
1791537649,100,,Aggregated,106.800000,0.000000,900,990,1100,1100,1300,1600,2000,3000,3800,4300,4600,56540,0,900,959.4528544658722,9.336000000075728,4609.106400000201,420.94126282278035
1791537650,100,,Aggregated,108.300000,0.000000,900,990,1100,1100,1300,1600,2000,3000,3800,4300,4600,56637,0,900,959.5794162914775,9.336000000075728,4609.106400000201,420.9426876423539
1791537651,100,,Aggregated,105.900000,0.000000,900,990,1100,1100,1300,1600,2000,3000,3800,4300,4600,56734,0,900,959.4651429425106,9.336000000075728,4609.106400000201,420.9441780942645
1791537652,100,,Aggregated,104.100000,0.000000,900,990,1100,1100,1300,1600,2000,3000,3800,4300,4600,56840,0,900,959.5157821499007,9.336000000075728,4609.106400000201,420.94560168895146
1791537653,100,,Aggregated,106.800000,0.000000,900,990,1100,1100,1300,1600,2000,3000,3800,4300,4600,56949,0,900,959.4023038824271,9.336000000075728,4609.106400000201,420.94716325133015
1791537654,100,,Aggregated,107.000000,0.000000,900,990,1100,1100,1300,1600,2000,3000,3800,4300,4600,57035,0,900,959.5198654089648,9.336000000075728,4609.106400000201,420.94832997282373
1791537655,100,,Aggregated,107.100000,0.000000,900,990,1100,1100,1300,1600,2000,3000,3800,4300,4600,57149,0,900,959.5261002029837,9.336000000075728,4609.106400000201,420.9500078741535
1791537656,100,,Aggregated,104.300000,0.000000,900,990,1100,1100,1300,1600,2000,3000,3800,4300,4600,57265,0,900,959.2731398742745,9.336000000075728,4609.106400000201,420.95166331965424
1791537657,100,,Aggregated,106.200000,0.000000,900,990,1100,1100,1300,1600,2000,3000,3800,4300,4600,57411,0,900,958.662998374882,9.336000000075728,4609.106400000201,420.9535454877985
1791537658,100,,Aggregated,107.200000,0.000000,900,990,1100,1100,1300,1500,2000,3000,3800,4300,4600,57494,0,900,958.719735040184,9.336000000075728,4609.106400000201,420.95489964170173
1791537659,100,,Aggregated,108.900000,0.000000,900,990,1100,1100,1300,1500,2000,3000,3800,4300,4600,57581,0,900,959.060297136214,9.336000000075728,4609.106400000201,420.9560618954169
1791537660,100,,Aggregated,105.900000,0.000000,900,990,1100,1100,1300,1500,2000,3000,3800,4300,4600,57670,0,900,959.3869582295878,9.336000000075728,4609.106400000201,420.957378186232
1791537661,100,,Aggregated,105.300000,0.000000,900,990,1100,1100,1300,1500,2000,3000,3800,4300,4600,57769,0,900,959.5350935311372,9.336000000075728,4609.106400000201,420.95876681265037
1791537662,100,,Aggregated,105.100000,0.000000,900,990,1100,1100,1300,1500,2000,3000,3800,4300,4600,57863,0,900,959.7770075834347,9.336000000075728,4609.106400000201,420.9599398579403
1791537663,100,,Aggregated,103.700000,0.000000,900,990,1100,1100,1300,1500,2000,3000,3800,4300,4600,57941,0,900,959.8461785126295,9.336000000075728,4609.106400000201,420.9610983586752
1791537664,100,,Aggregated,101.900000,0.000000,900,990,1100,1100,1300,1500,2000,3000,3800,4300,4600,58043,0,900,960.4734341850055,9.336000000075728,4609.106400000201,420.9625277811278
1791537665,100,,Aggregated,99.200000,0.000000,900,990,1100,1100,1300,1500,2000,3000,3800,4300,4600,58143,0,900,960.4315231721833,9.336000000075728,4609.106400000201,420.96377895877407
1791537666,100,,Aggregated,99.800000,0.000000,900,990,1100,1100,1300,1500,2000,3000,3800,4300,4600,58249,0,900,960.4021001287617,9.336000000075728,4609.106400000201,420.9653041253927
1791537667,100,,Aggregated,98.800000,0.000000,900,990,1100,1100,1300,1500,2000,3000,3800,4300,4600,58357,0,900,960.333365154141,9.336000000075728,4609.106400000201,420.9668077522834
1791537668,100,,Aggregated,98.100000,0.000000,900,990,1100,1100,1300,1500,2000,3000,3800,4300,4600,58468,0,900,960.2408098412837,9.336000000075728,4609.106400000201,420.9683929670931
1791537669,100,,Aggregated,95.000000,0.000000,900,990,1100,1100,1300,1500,2000,3000,3800,4300,4600,58581,0,900,960.1154981478664,9.336000000075728,4609.106400000201,420.96980249568975
1791537670,100,,Aggregated,95.300000,0.000000,900,990,1100,1100,1300,1500,2000,3000,3800,4300,4600,58693,0,900,959.8971474366651,9.336000000075728,4609.106400000201,420.9713764844189
1791537671,100,,Aggregated,99.600000,0.000000,900,990,1100,1100,1300,1500,2000,3000,3800,4300,4600,58824,0,900,959.7204119611074,9.336000000075728,4609.106400000201,420.9730892152863
1791537672,100,,Aggregated,101.900000,0.000000,900,990,1100,1100,1300,1500,2000,3000,3800,4300,4600,58941,0,900,959.5645839755039,9.336000000075728,4609.106400000201,420.9746186864831
1791537673,100,,Aggregated,102.600000,0.000000,900,990,1100,1100,1300,1500,2000,3000,3800,4300,4600,59052,0,900,959.4527514766671,9.336000000075728,4609.106400000201,420.9761058050532
1791537674,100,,Aggregated,104.000000,0.000000,900,990,1100,1100,1300,1500,2000,3000,3800,4300,4600,59167,0,900,959.2408167999077,9.336000000075728,4609.106400000201,420.9776902665337
1791537675,100,,Aggregated,107.000000,0.000000,900,990,1100,1100,1300,1500,2000,3000,3800,4300,4600,59257,0,900,959.1850609531386,9.336000000075728,4609.106400000201,420.9788210675532
1791537676,100,,Aggregated,110.700000,0.000000,900,990,1100,1100,1300,1500,2000,3000,3800,4300,4600,59380,0,900,959.081551566186,9.336000000075728,4609.106400000201,420.98049848433817
1791537677,100,,Aggregated,110.700000,0.000000,900,990,1100,1100,1300,1500,2000,3000,3800,4300,4600,59469,0,900,958.961671238799,9.336000000075728,4609.106400000201,420.98167112276985
1791537678,100,,Aggregated,113.200000,0.000000,900,990,1100,1100,1300,1500,1900,3000,3800,4300,4600,59565,0,900,959.4368817980383,9.336000000075728,4609.106400000201,420.9828926382943
1791537679,100,,Aggregated,113.300000,0.000000,900,990,1100,1100,1300,1500,2000,3000,3800,4300,4600,59618,0,900,959.7376659129816,9.336000000075728,4609.106400000201,420.9835116911
1791537680,100,,Aggregated,108.800000,0.000000,900,990,1100,1100,1300,1500,2000,3000,3800,4300,4600,59709,0,900,960.1612542866258,9.336000000075728,4609.106400000201,420.9846421812457
1791537681,100,,Aggregated,103.400000,0.000000,900,990,1100,1100,1300,1500,1900,3000,3800,4300,4600,59816,0,900,960.306527848738,9.336000000075728,4609.106400000201,420.98607396014444
1791537682,100,,Aggregated,101.000000,0.000000,900,990,1100,1100,1300,1500,1900,3000,3800,4300,4600,59933,0,900,960.2835961623839,9.336000000075728,4609.106400000201,420.98760282315254
1791537683,100,,Aggregated,100.900000,0.000000,900,990,1100,1100,1300,1500,1900,3000,3800,4200,4600,60028,0,900,960.1984109915393,9.336000000075728,4609.106400000201,420.98885520090624
1791537684,100,,Aggregated,99.900000,0.000000,900,990,1100,1100,1300,1500,1900,3000,3800,4200,4600,60137,0,900,960.2960032758558,9.336000000075728,4609.106400000201,420.9902722117831
1791537685,100,,Aggregated,100.900000,0.000000,900,990,1100,1100,1300,1500,1900,3000,3800,4200,4600,60231,0,900,960.3332441716083,9.336000000075728,4609.106400000201,420.9914329830154
1791537686,100,,Aggregated,98.100000,0.000000,900,990,1100,1100,1300,1500,1900,3000,3800,4200,4600,60342,0,900,960.3289769845239,9.336000000075728,4609.106400000201,420.9929402406284
1791537687,100,,Aggregated,98.300000,0.000000,900,990,1100,1100,1300,1500,1900,3000,3800,4200,4600,60432,0,900,960.4879525632141,9.336000000075728,4609.106400000201,420.9940097961345
1791537688,100,,Aggregated,95.200000,0.000000,900,990,1100,1100,1300,1500,1900,3000,3800,4200,4600,60523,0,900,960.7791944516986,9.336000000075728,4609.106400000201,420.9953240916676
1791537689,100,,Aggregated,94.100000,0.000000,900,990,1100,1100,1300,1500,1900,3000,3800,4200,4600,60625,0,900,960.9115660931984,9.336000000075728,4609.106400000201,420.99643711340207
1791537690,100,,Aggregated,96.700000,0.000000,900,990,1100,1100,1300,1500,1900,3000,3800,4200,4600,60748,0,900,960.7031218657427,9.336000000075728,4609.106400000201,420.99802462632516
1791537691,100,,Aggregated,98.400000,0.000000,900,990,1100,1100,1300,1500,1900,3000,3800,4200,4600,60810,0,900,960.6751692682145,9.336000000075728,4609.106400000201,420.9987502055583
1791537692,100,,Aggregated,101.900000,0.000000,900,990,1100,1100,1300,1500,1900,3000,3800,4200,4600,60911,0,900,961.0983453809682,9.336000000075728,4609.106400000201,421.00003283479174
1791537693,100,,Aggregated,100.500000,0.000000,900,990,1100,1100,1300,1500,1900,3000,3800,4200,4600,61027,0,900,961.0818897242225,9.336000000075728,4609.106400000201,421.001458370885
1791537694,100,,Aggregated,99.300000,0.000000,900,990,1100,1100,1300,1500,1900,3000,3800,4200,4600,61122,0,900,961.1443746327043,9.336000000075728,4609.106400000201,421.0026667975524
1791537695,100,,Aggregated,98.100000,0.000000,900,990,1100,1100,1300,1500,1900,3000,3800,4200,4600,61243,0,900,960.9909437715361,9.336000000075728,4609.106400000201,421.0041147559721
1791537696,100,,Aggregated,98.900000,0.000000,900,990,1100,1100,1300,1500,1900,3000,3800,4200,4600,61374,0,900,960.7770134535831,9.336000000075728,4609.106400000201,421.00581679538567
1791537697,100,,Aggregated,99.800000,0.000000,900,990,1100,1100,1300,1500,1900,3000,3800,4200,4600,61488,0,900,960.5805788235134,9.336000000075728,4609.106400000201,421.00722092115535
1791537698,100,,Aggregated,101.000000,0.000000,900,990,1100,1100,1300,1500,1900,3000,3800,4200,4600,61603,0,900,960.3574502735293,9.336000000075728,4609.106400000201,421.00868464198174
1791537699,100,,Aggregated,102.900000,0.000000,900,990,1100,1100,1300,1500,1900,3000,3800,4200,4600,61723,0,900,960.0878822351503,9.336000000075728,4609.106400000201,421.0099638708423
1791537700,100,,Aggregated,106.500000,0.000000,900,990,1100,1100,1300,1500,1900,3000,3800,4200,4600,61837,0,900,959.970446239309,9.336000000075728,4609.106400000201,421.0114009411841
1791537701,100,,Aggregated,110.300000,0.000000,900,990,1100,1100,1300,1500,1900,3000,3800,4200,4600,61947,0,900,959.9247696950642,9.336000000075728,4609.106400000201,421.01270440860736
1791537702,100,,Aggregated,109.000000,0.000000,900,990,1100,1100,1300,1500,1900,3000,3800,4200,4600,62061,0,900,959.7927391759747,9.336000000075728,4609.106400000201,421.01409903159794
1791537703,100,,Aggregated,109.900000,0.000000,900,990,1100,1100,1300,1500,1900,3000,3800,4200,4600,62174,0,900,959.6003240470319,9.336000000075728,4609.106400000201,421.0154727056326
1791537704,100,,Aggregated,112.800000,0.000000,900,990,1100,1100,1300,1500,1900,3000,3800,4200,4600,62283,0,900,959.4654623380395,9.336000000075728,4609.106400000201,421.0168264213349
1791537705,100,,Aggregated,114.700000,0.000000,900,990,1100,1100,1300,1500,1900,3000,3800,4200,4600,62396,0,900,959.3200277101114,9.336000000075728,4609.106400000201,421.018190268607
1791537706,100,,Aggregated,115.300000,0.000000,900,990,1100,1100,1300,1500,1900,3000,3800,4200,4600,62503,0,900,959.1993474569243,9.336000000075728,4609.106400000201,421.0193910692287
1791537707,100,,Aggregated,115.300000,0.000000,900,990,1100,1100,1300,1500,1900,3000,3800,4200,4600,62613,0,900,959.1529788111114,9.336000000075728,4609.106400000201,421.0206826058486
1791537708,100,,Aggregated,114.900000,0.000000,900,990,1100,1100,1300,1500,1900,3000,3800,4200,4600,62757,0,900,958.8939916296212,9.336000000075728,4609.106400000201,421.0224038752649
1791537709,100,,Aggregated,114.000000,0.000000,900,990,1100,1100,1300,1500,1900,3000,3800,4200,4600,62863,0,900,958.5279366304521,9.336000000075728,4609.106400000201,421.0236227987847
1791537710,100,,Aggregated,113.600000,0.000000,900,990,1100,1100,1300,1500,1900,3000,3800,4200,4600,62971,0,900,958.6199492988851,9.336000000075728,4609.106400000201,421.0248527099776
1791537711,100,,Aggregated,113.200000,0.000000,900,990,1100,1100,1300,1500,1900,3000,3800,4200,4600,63075,0,900,958.7803687134378,9.336000000075728,4609.106400000201,421.02612762584226
1791537712,100,,Aggregated,112.500000,0.000000,900,990,1100,1100,1300,1500,1900,3000,3800,4200,4600,63192,0,900,958.5798373559957,9.336000000075728,4609.106400000201,421.0274876566654
1791537713,100,,Aggregated,111.500000,0.000000,900,990,1100,1100,1300,1500,1900,3000,3800,4200,4600,63301,0,900,958.3564696655676,9.336000000075728,4609.106400000201,421.0287041278969
1791537714,100,,Aggregated,111.100000,0.000000,900,990,1100,1100,1300,1500,1900,3000,3800,4200,4600,63412,0,900,958.205407378731,9.336000000075728,4609.106400000201,421.0300258626128
1791537715,100,,Aggregated,112.600000,0.000000,900,990,1100,1100,1300,1500,1900,3000,3800,4200,4600,63543,0,900,957.9911227420815,9.336000000075728,4609.106400000201,421.0314747493823
1791537716,100,,Aggregated,113.700000,0.000000,900,990,1100,1100,1300,1500,1900,2900,3800,4200,4600,63676,0,900,957.7881818911379,9.336000000075728,4609.106400000201,421.03305798102895
1791537717,100,,Aggregated,111.900000,0.000000,900,990,1100,1100,1300,1500,1900,2900,3800,4200,4600,63749,0,900,957.7251181916595,9.336000000075728,4609.106400000201,421.0338515113963
1791537718,100,,Aggregated,112.500000,0.000000,900,990,1100,1100,1300,1500,1900,2900,3800,4200,4600,63827,0,900,957.9960917903098,9.336000000075728,4609.106400000201,421.03475018409137
1791537719,100,,Aggregated,112.100000,0.000000,900,990,1100,1100,1300,1500,1900,2900,3800,4200,4600,63900,0,900,958.4379442269187,9.336000000075728,4609.106400000201,421.0356181533646
1791537720,100,,Aggregated,110.300000,0.000000,900,990,1100,1100,1300,1500,1900,2900,3800,4200,4600,63942,0,900,958.7500629664399,9.336000000075728,4609.106400000201,421.0360482937662
1791537721,100,,Aggregated,105.500000,0.000000,900,990,1100,1100,1300,1500,1900,2900,3800,4200,4600,64005,0,900,959.7333643824711,9.336000000075728,4609.106400000201,421.0367627529099
1791537722,100,,Aggregated,101.200000,0.000000,900,990,1100,1100,1300,1500,1900,2900,3800,4200,4600,64030,0,900,960.1906748789638,9.336000000075728,4609.106400000201,421.03707637045136
1791537723,100,,Aggregated,97.100000,0.000000,900,990,1100,1100,1300,1500,1900,2900,3800,4200,4600,64057,0,900,960.8736278064855,9.336000000075728,4609.106400000201,421.0373885757997
1791537724,100,,Aggregated,90.000000,0.000000,900,990,1100,1100,1300,1500,2000,2900,3800,4200,4600,64125,0,900,962.6835575391816,9.336000000075728,4609.106400000201,421.0381130604288
1791537725,100,,Aggregated,77.000000,0.000000,900,990,1100,1100,1300,1500,2000,2900,3800,4200,4600,64145,0,900,963.0807710889394,9.336000000075728,4609.106400000201,421.03836620157455
1791537726,100,,Aggregated,71.000000,0.000000,900,990,1100,1100,1300,1600,2000,2900,3800,4200,4600,64176,0,900,963.897112749315,9.336000000075728,4609.106400000201,421.03875280478684
1791537727,100,,Aggregated,65.100000,0.000000,900,990,1100,1100,1300,1600,2100,2900,3800,4200,4600,64232,0,900,965.4701751525722,9.336000000075728,4609.106400000201,421.039326192552
1791537728,100,,Aggregated,56.000000,0.000000,900,990,1100,1100,1300,1600,2100,3000,3800,4200,4600,64250,0,900,966.0028469447476,9.336000000075728,4609.106400000201,421.03948638132294
1791537729,100,,Aggregated,51.600000,0.000000,900,990,1100,1100,1300,1600,2100,3000,3800,4200,4600,64284,0,900,967.0393123374404,9.336000000075728,4609.106400000201,421.0399632879099
1791537730,100,,Aggregated,43.900000,0.000000,900,990,1100,1100,1300,1600,2200,3000,3800,4200,4600,64334,0,900,968.8286030636989,9.336000000075728,4609.106400000201,421.04047626449466
1791537731,100,,Aggregated,38.700000,0.000000,900,990,1100,1100,1300,1600,2300,3000,3800,4200,4600,64359,0,900,969.5182657856714,9.336000000075728,4609.106400000201,421.0408023741823
1791537732,100,,Aggregated,36.200000,0.000000,900,990,1100,1100,1300,1600,2300,3000,3800,4200,4600,64415,0,900,970.7245752417915,9.336000000075728,4609.106400000201,421.0413568268261
1791537733,100,,Aggregated,36.000000,0.000000,900,990,1100,1100,1300,1600,2400,3000,3800,4200,4600,64443,0,900,971.4622184535172,9.336000000075728,4609.106400000201,421.0416802445572
1791537734,100,,Aggregated,35.300000,0.000000,900,990,1100,1100,1400,1600,2400,3000,3800,4200,4600,64537,0,900,973.1013262330146,9.336000000075728,4609.106400000201,421.0427506701582
1791537735,100,,Aggregated,38.400000,0.000000,900,990,1100,1100,1400,1600,2400,3000,3800,4200,4600,64653,0,900,972.9618954897692,9.336000000075728,4609.106400000201,421.04401961239233
1791537736,100,,Aggregated,35.200000,0.000000,900,990,1100,1100,1400,1600,2400,3000,3800,4200,4600,64762,0,900,972.8999749668019,9.336000000075728,4609.106400000201,421.0452425805256
1791537737,100,,Aggregated,41.800000,0.000000,900,990,1100,1100,1400,1600,2400,3000,3800,4200,4600,64870,0,900,972.7969890211193,9.336000000075728,4609.106400000201,421.0464004932943
1791537738,100,,Aggregated,50.500000,0.000000,900,990,1100,1100,1300,1600,2400,3000,3800,4200,4600,64979,0,900,972.676185723079,9.336000000075728,4609.106400000201,421.04763077301897
1791537739,100,,Aggregated,55.400000,0.000000,900,990,1100,1100,1300,1600,2400,3000,3800,4200,4600,65085,0,900,972.6031198617185,9.336000000075728,4609.106400000201,421.04881309057384
1791537740,100,,Aggregated,64.300000,0.000000,900,990,1100,1100,1300,1600,2400,3000,3800,4200,4600,65198,0,900,972.4658955734825,9.336000000075728,4609.106400000201,421.0499861958956
1791537741,100,,Aggregated,73.000000,0.000000,900,990,1100,1100,1300,1600,2400,3000,3800,4200,4600,65314,0,900,972.1670075512128,9.336000000075728,4609.106400000201,421.0513366200202
1791537742,100,,Aggregated,80.000000,0.000000,900,990,1100,1100,1300,1600,2400,3000,3800,4200,4600,65414,0,900,972.1347984223548,9.336000000075728,4609.106400000201,421.05249640749685
1791537743,100,,Aggregated,86.900000,0.000000,900,990,1100,1100,1300,1600,2400,3000,3800,4200,4600,65531,0,900,972.0918301506147,9.336000000075728,4609.106400000201,421.05362347591216
1791537744,100,,Aggregated,95.600000,0.000000,900,990,1100,1100,1300,1600,2400,3000,3800,4200,4600,65622,0,900,972.0240902349816,9.336000000075728,4609.106400000201,421.0545548748895
1791537745,100,,Aggregated,100.200000,0.000000,900,990,1100,1100,1300,1600,2400,3000,3800,4200,4600,65723,0,900,972.2078982091497,9.336000000075728,4609.106400000201,421.05565783667817
1791537746,100,,Aggregated,109.700000,0.000000,900,990,1100,1100,1300,1600,2400,3000,3800,4200,4600,65827,0,900,972.1898117763221,9.336000000075728,4609.106400000201,421.0567852097164
1791537747,100,,Aggregated,108.100000,0.000000,900,990,1100,1100,1300,1600,2400,3000,3800,4200,4600,65940,0,900,972.0841786988166,9.336000000075728,4609.106400000201,421.0579921140431
1791537748,100,,Aggregated,107.400000,0.000000,900,990,1100,1100,1300,1600,2400,3000,3800,4200,4600,66058,0,900,971.9006458263949,9.336000000075728,4609.106400000201,421.05925096127646
1791537749,100,,Aggregated,107.400000,0.000000,900,990,1100,1100,1300,1600,2400,3000,3800,4200,4600,66172,0,900,971.6898049552682,9.336000000075728,4609.106400000201,421.0604485280783
1791537750,100,,Aggregated,107.900000,0.000000,900,990,1100,1100,1300,1600,2400,3000,3800,4200,4600,66307,0,900,971.5581283197856,9.336000000075728,4609.106400000201,421.06187883632197
1791537751,100,,Aggregated,109.700000,0.000000,900,990,1100,1100,1300,1600,2400,3000,3800,4200,4600,66428,0,900,971.0945082344796,9.336000000075728,4609.106400000201,421.0631510808695
1791537752,100,,Aggregated,111.600000,0.000000,900,990,1100,1100,1300,1600,2400,3000,3800,4200,4600,66535,0,900,970.8137793567291,9.336000000075728,4609.106400000201,421.06431201623207
1791537753,100,,Aggregated,111.100000,0.000000,900,990,1100,1100,1300,1600,2400,3000,3800,4200,4600,66651,0,900,970.8810262741731,9.336000000075728,4609.106400000201,421.0655053937675
1791537754,100,,Aggregated,110.600000,0.000000,900,990,1100,1100,1300,1600,2400,3000,3800,4200,4600,66752,0,900,970.8524672474213,9.336000000075728,4609.106400000201,421.0665298418025
1791537755,100,,Aggregated,112.000000,0.000000,900,990,1100,1100,1300,1600,2400,3000,3800,4200,4600,66873,0,900,970.7385350679624,9.336000000075728,4609.106400000201,421.0678001585094
1791537756,100,,Aggregated,111.500000,0.000000,900,990,1100,1100,1300,1600,2400,3000,3800,4200,4600,66988,0,900,970.4856250358254,9.336000000075728,4609.106400000201,421.0690123604228
1791537757,100,,Aggregated,113.000000,0.000000,900,990,1100,1100,1300,1600,2400,3000,3800,4200,4600,67107,0,900,970.083552379034,9.336000000075728,4609.106400000201,421.0702013202796
1791537758,100,,Aggregated,114.000000,0.000000,900,990,1100,1100,1300,1600,2300,3000,3800,4200,4600,67215,0,900,969.9974505110443,9.336000000075728,4609.106400000201,421.0713084876888
1791537759,100,,Aggregated,114.900000,0.000000,900,990,1100,1100,1300,1600,2300,3000,3800,4200,4600,67345,0,900,969.8245058371057,9.336000000075728,4609.106400000201,421.0726557279679
1791537760,100,,Aggregated,116.100000,0.000000,900,990,1100,1100,1300,1600,2300,3000,3800,4200,4600,67440,0,900,969.8124259875431,9.336000000075728,4609.106400000201,421.073546856465
1791537761,100,,Aggregated,113.500000,0.000000,900,990,1100,1100,1300,1600,2300,3000,3800,4200,4600,67545,0,900,969.8699232259959,9.336000000075728,4609.106400000201,421.0746613368865
1791537762,100,,Aggregated,113.800000,0.000000,900,990,1100,1100,1300,1600,2300,3000,3800,4200,4600,67638,0,900,969.8099257310963,9.336000000075728,4609.106400000201,421.0756823087614
1791537763,100,,Aggregated,112.400000,0.000000,900,990,1100,1100,1300,1600,2300,3000,3800,4200,4600,67733,0,900,970.006253396423,9.336000000075728,4609.106400000201,421.0766243928366
1791537764,100,,Aggregated,111.100000,0.000000,900,990,1100,1100,1300,1600,2300,3000,3800,4200,4600,67807,0,900,970.2643978173334,9.336000000075728,4609.106400000201,421.0773813913018
1791537765,100,,Aggregated,110.500000,0.000000,900,990,1100,1100,1300,1600,2300,3000,3800,4200,4600,67871,0,900,970.7056991174421,9.336000000075728,4609.106400000201,421.078015647331
1791537766,100,,Aggregated,107.400000,0.000000,900,990,1100,1100,1300,1600,2300,3000,3800,4200,4600,67932,0,900,971.1998263660704,9.336000000075728,4609.106400000201,421.0785344167697
1791537767,100,,Aggregated,104.500000,0.000000,900,990,1100,1100,1300,1600,2300,3000,3800,4200,4600,67997,0,900,971.8065449108033,9.336000000075728,4609.106400000201,421.07926820300895
1791537768,100,,Aggregated,99.700000,0.000000,900,990,1100,1100,1300,1600,2300,3000,3800,4200,4600,68058,0,900,972.3949400952114,9.336000000075728,4609.106400000201,421.0798289694084
1791537769,100,,Aggregated,94.400000,0.000000,900,990,1100,1100,1400,1600,2300,3000,3800,4200,4600,68123,0,900,972.9480035230376,9.336000000075728,4609.106400000201,421.08047208725395
1791537771,100,,Aggregated,87.900000,0.000000,900,990,1100,1100,1400,1600,2300,3000,3800,4200,4600,68197,0,900,973.5589898690545,9.336000000075728,4609.106400000201,421.0813085619602
1791537772,100,,Aggregated,83.900000,0.000000,900,990,1100,1100,1400,1600,2300,3000,3800,4200,4600,68271,0,900,973.964089464047,9.336000000075728,4609.106400000201,421.08196745323784
1791537773,100,,Aggregated,78.000000,0.000000,900,990,1100,1100,1400,1600,2300,3000,3800,4200,4600,68347,0,900,974.4383006803512,9.336000000075728,4609.106400000201,421.08268102477064
1791537774,100,,Aggregated,75.500000,0.000000,900,990,1100,1100,1400,1600,2300,3000,3800,4200,4600,68402,0,900,974.7636458773129,9.336000000075728,4609.106400000201,421.083345516213
1791537775,100,,Aggregated,70.000000,0.000000,900,990,1100,1100,1400,1600,2300,3000,3800,4200,4600,68486,0,900,975.490747538182,9.336000000075728,4609.106400000201,421.0840171713927
1791537776,100,,Aggregated,66.700000,0.000000,900,990,1100,1100,1400,1600,2300,3000,3800,4200,4600,68546,0,900,975.8619063110893,9.336000000075728,4609.106400000201,421.08473142123535
1791537777,100,,Aggregated,67.500000,0.000000,900,990,1100,1100,1400,1600,2300,3000,3800,4200,4600,68608,0,900,976.2555366414982,9.336000000075728,4609.106400000201,421.0852815998134
1791537778,100,,Aggregated,66.600000,0.000000,900,1000,1100,1200,1400,1600,2300,3000,3800,4200,4600,68685,0,900,976.908652008443,9.336000000075728,4609.106400000201,421.08604498798866
1791537779,100,,Aggregated,65.900000,0.000000,900,1000,1100,1200,1400,1600,2300,3000,3800,4200,4600,68767,0,900,977.458868884783,9.336000000075728,4609.106400000201,421.0868585222563
1791537780,100,,Aggregated,68.500000,0.000000,900,1000,1100,1200,1400,1600,2300,3000,3800,4200,4600,68821,0,900,977.7519578268244,9.336000000075728,4609.106400000201,421.08742970895514
1791537781,100,,Aggregated,70.200000,0.000000,900,1000,1100,1200,1400,1600,2300,3000,3800,4200,4600,68903,0,900,978.2960556376336,9.336000000075728,4609.106400000201,421.0882399895505
1791537782,100,,Aggregated,68.700000,0.000000,900,1000,1100,1200,1400,1600,2300,3000,3800,4200,4600,68953,0,900,978.5921697736125,9.336000000075728,4609.106400000201,421.08865459080823
1791537783,100,,Aggregated,69.800000,0.000000,900,1000,1100,1200,1400,1600,2300,3000,3800,4200,4600,69025,0,900,979.1219045664599,9.336000000075728,4609.106400000201,421.08946034045636
1791537784,100,,Aggregated,67.800000,0.000000,900,1000,1100,1200,1400,1600,2300,3000,3800,4200,4600,69113,0,900,979.7289881614141,9.336000000075728,4609.106400000201,421.0902579833027
1791537785,100,,Aggregated,67.700000,0.000000,900,1000,1100,1200,1400,1600,2300,3000,3800,4200,4600,69181,0,900,980.1808277171446,9.336000000075728,4609.106400000201,421.0909498272647
1791537786,100,,Aggregated,69.400000,0.000000,900,1000,1100,1200,1400,1600,2300,3000,3800,4200,4600,69238,0,900,980.4779758831821,9.336000000075728,4609.106400000201,421.0914526704989
1791537787,100,,Aggregated,67.500000,0.000000,900,1000,1100,1200,1400,1600,2300,3000,3800,4200,4600,69324,0,900,981.0278262203528,9.336000000075728,4609.106400000201,421.09229126997866
1791537788,100,,Aggregated,69.800000,0.000000,900,1000,1100,1200,1400,1600,2300,3000,3800,4200,4600,69376,0,900,981.3857826842094,9.336000000075728,4609.106400000201,421.0928419049815
1791537789,100,,Aggregated,72.100000,0.000000,900,1000,1100,1200,1400,1600,2300,3000,3800,4200,4600,69445,0,900,981.9317293196009,9.336000000075728,4609.106400000201,421.0934408524732
1791537790,100,,Aggregated,68.300000,0.000000,900,1000,1100,1200,1400,1600,2300,3000,3800,4200,4600,69532,0,900,982.5229085298799,9.336000000075728,4609.106400000201,421.0942587585572
1791537791,100,,Aggregated,68.100000,0.000000,900,1000,1100,1200,1400,1600,2300,3000,3800,4200,4600,69590,0,900,982.7555561172526,9.336000000075728,4609.106400000201,421.0948412128179
1791537792,100,,Aggregated,71.100000,0.000000,900,1000,1100,1200,1400,1600,2300,3000,3800,4200,4600,69669,0,900,983.2326203763466,9.336000000075728,4609.106400000201,421.0955661772094
1791537793,100,,Aggregated,68.600000,0.000000,900,1000,1100,1200,1400,1600,2300,3000,3800,4200,4600,69742,0,900,983.7997416836288,9.336000000075728,4609.106400000201,421.09626910613406
1791537794,100,,Aggregated,71.100000,0.000000,910,1000,1100,1200,1400,1600,2300,3000,3800,4200,4600,69783,0,910,984.170483663638,9.336000000075728,4609.106400000201,421.09665677887165
1791537795,100,,Aggregated,69.300000,0.000000,910,1000,1100,1200,1400,1600,2300,3000,3800,4200,4600,69859,0,910,984.8899900671306,9.336000000075728,4609.106400000201,421.09743912738514
1791537796,100,,Aggregated,68.000000,0.000000,910,1000,1100,1200,1400,1600,2300,3000,3800,4200,4600,69936,0,910,985.3131798787417,9.336000000075728,4609.106400000201,421.09808968199496
1791537797,100,,Aggregated,69.100000,0.000000,910,1000,1100,1200,1400,1600,2300,3000,3800,4200,4600,70003,0,910,985.6711668485592,9.336000000075728,4609.106400000201,421.0987386254875
1791537798,100,,Aggregated,69.100000,0.000000,910,1000,1100,1200,1400,1600,2300,3000,3800,4200,4600,70081,0,910,986.2078386409971,9.336000000075728,4609.106400000201,421.09948488177963
1791537799,100,,Aggregated,67.300000,0.000000,910,1000,1100,1200,1400,1600,2300,3000,3800,4200,4600,70147,0,910,986.5799256717993,9.336000000075728,4609.106400000201,421.10006129984174
1791537800,100,,Aggregated,69.800000,0.000000,910,1000,1100,1200,1400,1600,2300,3000,3800,4200,4600,70210,0,910,986.956777853578,9.336000000075728,4609.106400000201,421.1006409343398
1791537801,100,,Aggregated,68.500000,0.000000,910,1000,1100,1200,1400,1600,2300,3000,3800,4200,4600,70274,0,910,987.5148399706817,9.336000000075728,4609.106400000201,421.1013603893332
1791537802,100,,Aggregated,68.300000,0.000000,910,1000,1100,1200,1400,1600,2300,3000,3800,4200,4600,70326,0,910,988.0655286664918,9.336000000075728,4609.106400000201,421.10179734379886
1791537803,100,,Aggregated,68.100000,0.000000,910,1000,1100,1200,1400,1600,2300,3000,3800,4200,4600,70399,0,910,988.7227015951886,9.336000000075728,4609.106400000201,421.1024588417449
1791537804,100,,Aggregated,65.100000,0.000000,910,1000,1100,1200,1400,1600,2300,3000,3800,4200,4600,70463,0,910,989.1405588337099,9.336000000075728,4609.106400000201,421.10301860550925
1791537805,100,,Aggregated,67.600000,0.000000,910,1000,1100,1200,1400,1600,2300,3000,3800,4200,4600,70525,0,910,989.696590199216,9.336000000075728,4609.106400000201,421.1036937256292
1791537806,100,,Aggregated,67.300000,0.000000,910,1000,1100,1200,1400,1600,2300,3000,3800,4200,4600,70596,0,910,990.1645426936327,9.336000000075728,4609.106400000201,421.1041843730523
1791537807,100,,Aggregated,66.300000,0.000000,910,1000,1100,1200,1400,1600,2300,3000,3800,4200,4600,70668,0,910,990.9148772358026,9.336000000075728,4609.106400000201,421.1049414161997
1791537808,100,,Aggregated,66.300000,0.000000,910,1000,1100,1200,1400,1600,2300,3000,3800,4200,4600,70706,0,910,991.2426793652538,9.336000000075728,4609.106400000201,421.10533759511213
1791537809,100,,Aggregated,63.200000,0.000000,910,1000,1100,1200,1400,1600,2300,3000,3800,4200,4600,70790,0,910,991.7342034524598,9.336000000075728,4609.106400000201,421.1061166831473
1791537810,100,,Aggregated,62.900000,0.000000,910,1000,1100,1200,1400,1600,2300,3000,3800,4200,4600,70882,0,910,992.2327232202755,9.336000000075728,4609.106400000201,421.1069947236252
1791537811,100,,Aggregated,65.400000,0.000000,910,1000,1100,1200,1400,1600,2300,3000,3800,4200,4600,70949,0,910,992.4691976715615,9.336000000075728,4609.106400000201,421.1075138479753
1791537812,100,,Aggregated,64.700000,0.000000,910,1000,1100,1200,1400,1600,2300,3000,3800,4200,4600,71012,0,910,992.7881648284736,9.336000000075728,4609.106400000201,421.10813665296007
1791537813,100,,Aggregated,66.400000,0.000000,910,1000,1100,1200,1400,1600,2300,3000,3800,4200,4600,71095,0,910,993.1935492144254,9.336000000075728,4609.106400000201,421.1089668753077
1791537814,100,,Aggregated,69.300000,0.000000,910,1000,1100,1200,1400,1600,2300,3000,3800,4200,4600,71188,0,910,993.6337616690953,9.336000000075728,4609.106400000201,421.1097797381581
1791537815,100,,Aggregated,69.700000,0.000000,910,1000,1100,1200,1400,1600,2300,3000,3800,4200,4600,71246,0,910,993.8937088313671,9.336000000075728,4609.106400000201,421.1103219829885
1791537816,100,,Aggregated,71.500000,0.000000,910,1000,1100,1200,1400,1600,2300,3000,3800,4200,4600,71315,0,910,994.2882236780433,9.336000000075728,4609.106400000201,421.1110004907803
1791537817,100,,Aggregated,70.500000,0.000000,910,1000,1100,1200,1400,1600,2300,3000,3800,4200,4600,71402,0,910,994.8654898028024,9.336000000075728,4609.106400000201,421.11167754404636
1791537818,100,,Aggregated,71.400000,0.000000,910,1000,1100,1200,1400,1600,2300,3000,3800,4200,4600,71473,0,910,995.1834233066986,9.336000000075728,4609.106400000201,421.11233612692905
1791537819,100,,Aggregated,73.800000,0.000000,910,1000,1100,1200,1400,1600,2300,2900,3800,4200,4600,71533,0,910,995.3976656172631,9.336000000075728,4609.106400000201,421.11284302349964
1791537820,100,,Aggregated,74.100000,0.000000,910,1000,1100,1200,1400,1600,2300,2900,3800,4200,4600,71615,0,910,995.8302683250673,9.336000000075728,4609.106400000201,421.11360748446555
1791537821,100,,Aggregated,73.900000,0.000000,910,1000,1100,1200,1400,1600,2300,2900,3800,4200,4600,71686,0,910,996.1464308581824,9.336000000075728,4609.106400000201,421.11426219903467
1791537822,100,,Aggregated,75.000000,0.000000,910,1000,1100,1200,1400,1600,2300,2900,3800,4200,4600,71768,0,910,996.649240810662,9.336000000075728,4609.106400000201,421.1150373425482
1791537823,100,,Aggregated,74.100000,0.000000,910,1000,1100,1200,1400,1600,2300,2900,3800,4200,4600,71837,0,910,996.9022288917912,9.336000000075728,4609.106400000201,421.11565070924456
1791537824,100,,Aggregated,73.200000,0.000000,910,1000,1100,1200,1400,1600,2300,2900,3800,4200,4600,71915,0,910,997.3135368782539,9.336000000075728,4609.106400000201,421.1162622540499
1791537825,100,,Aggregated,72.000000,0.000000,910,1000,1100,1200,1400,1600,2300,2900,3800,4200,4600,71969,0,910,997.6681202865069,9.336000000075728,4609.106400000201,421.1168419736275
1791537826,100,,Aggregated,72.900000,0.000000,910,1000,1100,1200,1400,1600,2300,2900,3800,4200,4600,72045,0,910,998.2400350919504,9.336000000075728,4609.106400000201,421.11752376986607
1791537827,100,,Aggregated,73.300000,0.000000,910,1000,1100,1200,1400,1600,2300,2900,3800,4200,4600,72141,0,910,998.6446499480121,9.336000000075728,4609.106400000201,421.1183238380394
1791537828,100,,Aggregated,71.900000,0.000000,910,1000,1100,1200,1400,1600,2300,2900,3800,4200,4600,72258,0,910,998.3867993204831,9.336000000075728,4609.106400000201,421.1193916244568
1791537829,100,,Aggregated,73.900000,0.000000,910,1000,1100,1200,1400,1600,2200,2900,3800,4200,4600,72320,0,910,998.4680680102255,9.336000000075728,4609.106400000201,421.1200082964602
1791537830,100,,Aggregated,79.100000,0.000000,910,1000,1100,1200,1400,1600,2200,2900,3800,4200,4600,72392,0,910,998.9530934163931,9.336000000075728,4609.106400000201,421.1206210631009
1791537831,100,,Aggregated,78.300000,0.000000,910,1000,1100,1200,1400,1600,2200,2900,3800,4200,4600,72460,0,910,999.4293099544504,9.336000000075728,4609.106400000201,421.12119790229093
1791537832,100,,Aggregated,76.200000,0.000000,910,1000,1100,1200,1400,1600,2200,2900,3800,4200,4600,72540,0,910,999.8771210945613,9.336000000075728,4609.106400000201,421.1219189412738
1791537833,100,,Aggregated,77.400000,0.000000,910,1000,1100,1200,1400,1600,2200,2900,3800,4200,4600,72616,0,910,1000.3975379007306,9.336000000075728,4609.106400000201,421.1224798942382
1791537834,100,,Aggregated,76.800000,0.000000,910,1000,1100,1200,1400,1600,2200,2900,3800,4200,4600,72673,0,910,1000.6158862631162,9.336000000075728,4609.106400000201,421.12305808209373
1791537835,100,,Aggregated,75.300000,0.000000,910,1000,1100,1200,1400,1600,2200,2900,3800,4200,4600,72751,0,910,1001.0788627482713,9.336000000075728,4609.106400000201,421.1237921128232
1791537836,100,,Aggregated,75.400000,0.000000,910,1000,1100,1200,1400,1600,2200,2900,3800,4200,4600,72780,0,910,1001.354962846929,9.336000000075728,4609.106400000201,421.12400384721076
1791537837,100,,Aggregated,77.400000,0.000000,910,1000,1100,1200,1400,1600,2200,2900,3800,4200,4600,72864,0,910,1002.3236427179332,9.336000000075728,4609.106400000201,421.1247392402284
1791537838,100,,Aggregated,74.400000,0.000000,920,1000,1100,1200,1400,1600,2200,2900,3800,4200,4600,72941,0,920,1002.7284029462105,9.336000000075728,4609.106400000201,421.12538901303793
1791537839,100,,Aggregated,72.800000,0.000000,920,1000,1100,1200,1400,1600,2200,2900,3800,4200,4600,72993,0,920,1003.0317288082358,9.336000000075728,4609.106400000201,421.12587508391215
1791537840,100,,Aggregated,66.600000,0.000000,920,1000,1100,1200,1400,1600,2200,2900,3800,4200,4600,73082,0,920,1003.5106035138548,9.336000000075728,4609.106400000201,421.1266248871131
1791537841,100,,Aggregated,66.800000,0.000000,920,1000,1100,1200,1400,1600,2200,2900,3800,4200,4600,73148,0,920,1003.9217181604358,9.336000000075728,4609.106400000201,421.1271258270903
1791537842,100,,Aggregated,68.600000,0.000000,920,1000,1100,1200,1400,1700,2200,2900,3800,4200,4600,73219,0,920,1004.4231664403994,9.336000000075728,4609.106400000201,421.1277810404403
1791537843,100,,Aggregated,66.400000,0.000000,920,1000,1100,1200,1400,1700,2200,2900,3800,4200,4600,73278,0,920,1004.6490070894353,9.336000000075728,4609.106400000201,421.1282649635634
1791537844,100,,Aggregated,66.000000,0.000000,920,1000,1100,1200,1400,1700,2200,2900,3800,4200,4600,73364,0,920,1005.1622705059654,9.336000000075728,4609.106400000201,421.1290414917398
1791537845,100,,Aggregated,69.100000,0.000000,920,1000,1100,1200,1400,1700,2200,2900,3800,4200,4600,73448,0,920,1005.5502646144168,9.336000000075728,4609.106400000201,421.1297380459645
1791537846,100,,Aggregated,68.000000,0.000000,920,1000,1100,1200,1400,1700,2200,2900,3800,4200,4600,73499,0,920,1005.7315559014361,9.336000000075728,4609.106400000201,421.1301378250044
1791537847,100,,Aggregated,66.100000,0.000000,920,1000,1100,1200,1400,1700,2200,2900,3800,4200,4600,73583,0,920,1006.289679651546,9.336000000075728,4609.106400000201,421.1309677507033
1791537848,100,,Aggregated,70.600000,0.000000,920,1000,1100,1200,1400,1700,2200,2900,3800,4200,4600,73640,0,920,1006.5503430621902,9.336000000075728,4609.106400000201,421.1314095600217
1791537849,100,,Aggregated,70.200000,0.000000,920,1000,1100,1200,1400,1700,2200,2900,3800,4200,4600,73714,0,920,1006.9250292088299,9.336000000075728,4609.106400000201,421.13188810809345
1791537850,100,,Aggregated,71.400000,0.000000,920,1000,1100,1200,1400,1700,2200,2900,3800,4200,4600,73797,0,920,1007.4458358754382,9.336000000075728,4609.106400000201,421.1327289727225
1791537851,100,,Aggregated,71.700000,0.000000,920,1000,1100,1200,1400,1700,2200,2900,3800,4200,4600,73844,0,920,1007.7278197321335,9.336000000075728,4609.106400000201,421.13324034451006
1791537852,100,,Aggregated,69.200000,0.000000,920,1000,1100,1200,1400,1700,2200,2900,3800,4200,4600,73927,0,920,1008.3352088560279,9.336000000075728,4609.106400000201,421.1338482557117
1791537853,100,,Aggregated,71.300000,0.000000,920,1000,1200,1200,1500,1700,2200,2900,3800,4200,4600,74015,0,920,1008.7401614861795,9.336000000075728,4609.106400000201,421.13468891440925
1791537854,100,,Aggregated,72.300000,0.000000,920,1000,1200,1200,1400,1700,2200,2900,3800,4200,4600,74129,0,920,1008.6577428873928,9.336000000075728,4609.106400000201,421.13558796152654
1791537855,86,,Aggregated,69.400000,0.000000,920,1000,1100,1200,1400,1700,2200,2900,3800,4200,4600,74229,0,920,1008.5463150817001,9.336000000075728,4609.106400000201,421.13636179929676
