Timestamp,User Count,Type,Name,Requests/s,Failures/s,50%,66%,75%,80%,90%,95%,98%,99%,99.9%,99.99%,100%,Total Request Count,Total Failure Count,Total Median Response Time,Total Average Response Time,Total Min Response Time,Total Max Response Time,Total Average Content Size
1791563114,0,,Aggregated,0.000000,0.000000,N/A,N/A,N/A,N/A,N/A,N/A,N/A,N/A,N/A,N/A,N/A,0,0,0,0.0,0,0,0
1791563115,2,,Aggregated,0.000000,0.000000,16,17,18,18,19,28,84,180,180,180,180,70,0,16,18.950185714545245,9.731699999974808,175.15560000174446,408.6142857142857
1791563116,4,,Aggregated,0.000000,0.000000,18,19,20,21,32,39,84,160,180,180,180,196,0,18,21.672231122521428,9.731699999974808,175.15560000174446,412.0459183673469
1791563117,5,,Aggregated,55.000000,0.000000,22,30,34,36,40,47,76,87,180,180,180,322,0,22,27.10909130440973,9.731699999974808,175.15560000174446,413.972049689441
1791563118,7,,Aggregated,91.000000,0.000000,32,38,40,42,49,56,87,110,180,180,180,460,0,32,32.48833804343872,9.731699999974808,175.15560000174446,414.19347826086954
1791563119,9,,Aggregated,102.333333,0.000000,37,43,48,51,63,84,110,130,180,180,180,581,0,37,39.16684922545139,9.731699999974808,175.15560000174446,414.1514629948365
1791563120,10,,Aggregated,110.500000,0.000000,40,51,59,63,84,110,130,140,180,180,180,700,0,40,46.0502739999356,9.731699999974808,175.15560000174446,414.6042857142857
1791563121,12,,Aggregated,113.000000,0.000000,46,60,71,78,97,120,130,150,220,220,220,820,0,46,52.62823158531008,9.731699999974808,219.70000000146683,414.5012195121951
1791563122,14,,Aggregated,114.166667,0.000000,51,70,82,90,110,130,160,170,270,270,270,929,0,51,60.221478148505355,9.731699999974808,271.05479999954696,414.3649085037675
1791563123,15,,Aggregated,114.857143,0.000000,58,81,95,100,130,150,170,190,260,270,270,1044,0,58,67.61142432948186,9.731699999974808,271.05479999954696,414.65421455938696
1791563124,17,,Aggregated,114.125000,0.000000,65,91,110,120,150,170,190,220,270,330,330,1154,0,65,75.55075008661474,9.731699999974808,325.194900000497,414.62824956672443
1791563125,19,,Aggregated,114.333333,0.000000,72,100,120,130,160,180,210,230,280,330,330,1261,0,72,82.54249666924554,9.731699999974808,325.194900000497,414.8699444885012
1791563126,20,,Aggregated,113.400000,0.000000,81,110,130,140,170,190,220,250,280,330,330,1382,0,81,89.64252221411607,9.731699999974808,325.194900000497,414.8777134587554
1791563127,22,,Aggregated,119.100000,0.000000,87,120,140,150,180,210,250,270,330,330,330,1478,0,87,97.37585859263591,9.731699999974808,329.4060000007448,414.78619756427605
1791563128,24,,Aggregated,118.100000,0.000000,94,130,150,170,200,240,270,290,330,330,330,1575,0,94,105.38163326978166,9.731699999974808,329.4060000007448,414.93333333333334
1791563129,25,,Aggregated,115.600000,0.000000,100,140,170,180,230,260,300,320,370,410,410,1676,0,100,114.46308472548954,9.731699999974808,413.7375000027532,414.86336515513125
1791563130,27,,Aggregated,112.400000,0.000000,110,150,180,200,250,280,320,350,420,460,460,1760,0,110,122.8439742044946,9.731699999974808,457.41219999763416,414.7465909090909
1791563131,29,,Aggregated,109.200000,0.000000,110,160,190,220,270,320,350,380,460,470,470,1848,0,110,132.12798874454094,9.731699999974808,465.9748000012769,414.84199134199133
1791563132,30,,Aggregated,106.100000,0.000000,120,170,210,230,290,320,360,380,460,470,470,1958,0,120,140.89397236971956,9.731699999974808,465.9748000012769,414.8171603677222
1791563133,32,,Aggregated,103.000000,0.000000,130,180,230,250,310,330,370,380,420,470,470,2045,0,130,148.20102141804804,9.731699999974808,465.9748000012769,414.72567237163815
1791563134,34,,Aggregated,101.900000,0.000000,140,200,250,270,320,340,380,390,460,470,470,2147,0,140,156.42491192356627,9.731699999974808,474.36109999762266,414.8500232883093
1791563135,35,,Aggregated,100.300000,0.000000,140,210,260,280,330,370,410,440,510,540,540,2238,0,140,165.70198570147707,9.731699999974808,535.5749000009382,414.77837354781053
1791563136,37,,Aggregated,100.700000,0.000000,150,230,270,300,350,380,430,460,510,540,540,2327,0,150,173.67658504507767,9.731699999974808,535.5749000009382,414.8573270305114
1791563137,39,,Aggregated,97.900000,0.000000,160,250,290,310,360,400,440,460,520,540,540,2443,0,160,183.14957548092804,9.731699999974808,535.5749000009382,414.8473188702415
1791563138,40,,Aggregated,95.600000,0.000000,170,260,300,320,370,400,440,460,520,540,540,2529,0,170,189.61364768678945,9.731699999974808,535.5749000009382,414.77184657967575
1791563139,42,,Aggregated,94.400000,0.000000,180,270,310,330,390,420,460,490,540,550,550,2633,0,180,198.2545590200871,9.731699999974808,553.4517000014603,414.8754272692746
1791563140,44,,Aggregated,95.700000,0.000000,190,280,330,350,400,440,480,510,570,580,580,2746,0,190,207.77435790237618,9.731699999974808,575.1578999988851,414.86161689730517
1791563141,45,,Aggregated,96.000000,0.000000,200,290,340,360,420,450,490,510,570,580,580,2848,0,200,215.79693525278464,9.731699999974808,579.3311999987054,414.8261938202247
1791563142,47,,Aggregated,96.500000,0.000000,210,310,350,370,430,460,500,520,570,580,580,2949,0,210,223.23193445233167,9.731699999974808,579.3311999987054,414.79111563241776
1791563143,49,,Aggregated,97.200000,0.000000,220,320,360,380,440,470,510,520,570,580,580,3052,0,220,230.66113446918212,9.731699999974808,579.3311999987054,414.87778505897774
1791563144,50,,Aggregated,98.500000,0.000000,230,330,370,390,450,480,510,530,580,600,600,3156,0,230,238.5568231305283,9.731699999974808,604.6308999975736,414.84980988593156
1791563145,52,,Aggregated,99.600000,0.000000,250,340,380,410,460,480,510,530,580,600,600,3271,0,250,245.42121008863842,9.731699999974808,604.6308999975736,414.8434729440538
1791563146,54,,Aggregated,99.100000,0.000000,260,350,390,420,470,500,550,590,650,680,680,3381,0,260,254.9775159715965,9.731699999974808,676.3319000019692,414.93226855959773
1791563147,55,,Aggregated,103.300000,0.000000,270,360,400,430,480,520,580,620,680,730,730,3460,0,270,261.8244276878523,9.731699999974808,728.1357000028947,414.8621387283237
1791563148,57,,Aggregated,101.900000,0.000000,280,370,410,440,490,540,590,620,680,730,730,3573,0,280,270.1902563112189,9.731699999974808,728.1357000028947,414.9504617968094
1791563149,59,,Aggregated,103.700000,0.000000,290,380,420,450,510,550,590,620,680,730,730,3697,0,290,277.8704070597736,9.731699999974808,728.1357000028947,414.95618068704357
1791563150,60,,Aggregated,103.300000,0.000000,300,390,430,460,510,560,600,620,680,730,730,3822,0,300,285.65399338042363,9.731699999974808,728.1357000028947,414.9623233908948
1791563151,62,,Aggregated,103.200000,0.000000,310,390,440,470,520,570,610,630,680,730,730,3906,0,310,291.1308628520211,9.731699999974808,728.1357000028947,414.9979518689196
1791563152,64,,Aggregated,105.500000,0.000000,320,410,450,480,540,580,620,640,680,730,730,4030,0,320,299.7223966004965,9.731699999974808,728.1357000028947,415.00074441687343
1791563153,65,,Aggregated,108.500000,0.000000,320,420,460,490,550,600,640,660,690,730,730,4131,0,320,307.17905942871266,9.731699999974808,733.9073000002827,414.97191963205034
1791563154,67,,Aggregated,106.800000,0.000000,330,420,470,500,570,610,650,660,710,730,730,4242,0,330,314.78839523808875,9.731699999974808,733.9073000002827,415.04054691183404
1791563155,69,,Aggregated,107.000000,0.000000,340,440,480,510,580,620,660,690,770,810,810,4375,0,340,323.3220865599989,9.731699999974808,812.3820000000705,415.0534857142857
1791563156,70,,Aggregated,108.600000,0.000000,350,440,490,510,580,620,660,690,770,810,810,4499,0,350,328.0999665703494,9.731699999974808,812.3820000000705,415.05512336074685
1791563157,72,,Aggregated,106.000000,0.000000,360,450,490,520,580,620,660,690,770,810,810,4625,0,360,333.30429392432416,9.731699999974808,812.3820000000705,415.13535135135135
1791563158,74,,Aggregated,112.400000,0.000000,370,460,500,520,580,620,660,690,770,810,810,4777,0,370,338.85488090851595,9.731699999974808,812.3820000000705,415.16621310445885
1791563159,75,,Aggregated,116.200000,0.000000,380,470,500,530,580,620,650,680,770,810,810,4930,0,380,344.07066776875695,9.731699999974808,812.3820000000705,415.19776876267747
1791563160,77,,Aggregated,117.600000,0.000000,390,470,510,530,580,620,660,690,760,810,810,5048,0,390,349.32686089539897,9.731699999974808,812.3820000000705,415.25871632329637
1791563161,79,,Aggregated,121.600000,0.000000,390,480,520,540,590,630,670,690,760,810,810,5184,0,390,355.62949629628827,9.731699999974808,812.3820000000705,415.2673611111111
1791563162,80,,Aggregated,124.400000,0.000000,400,490,530,550,600,640,670,690,760,810,810,5321,0,400,362.6105038902404,9.731699999974808,812.3820000000705,415.27720353317045
1791563163,82,,Aggregated,125.600000,0.000000,410,490,530,550,600,640,680,690,760,810,810,5445,0,410,367.6244716437016,9.731699999974808,812.3820000000705,415.33792470156106
1791563164,84,,Aggregated,128.100000,0.000000,420,500,540,560,610,650,680,700,770,810,810,5607,0,420,374.6081568753231,9.731699999974808,812.3820000000705,415.3686463349385
1791563165,85,,Aggregated,131.800000,0.000000,430,510,540,560,610,650,680,700,770,810,810,5723,0,430,378.73556318363126,9.731699999974808,812.3820000000705,415.3555827363271
1791563166,87,,Aggregated,131.600000,0.000000,430,510,550,570,610,650,680,700,770,810,810,5885,0,430,384.6001362786577,9.731699999974808,812.3820000000705,415.44536958368735
1791563167,89,,Aggregated,137.600000,0.000000,440,520,550,570,620,650,680,700,770,810,810,6048,0,440,389.74436481479734,9.731699999974808,812.3820000000705,415.4720568783069
1791563168,90,,Aggregated,135.200000,0.000000,450,520,560,580,620,650,680,700,770,810,810,6178,0,450,393.8666472806555,9.731699999974808,812.3820000000705,415.47054062803494
1791563169,92,,Aggregated,137.400000,0.000000,460,530,560,580,620,650,680,700,770,810,810,6352,0,460,399.949864404894,9.731699999974808,812.3820000000705,415.5045654911839
1791563170,94,,Aggregated,139.400000,0.000000,460,530,570,590,630,650,680,700,770,810,810,6469,0,460,403.64408481988903,9.731699999974808,812.3820000000705,415.54583397743085
1791563171,95,,Aggregated,140.200000,0.000000,470,540,570,590,640,660,690,710,770,810,810,6642,0,470,410.0676602228005,9.731699999974808,812.3820000000705,415.5755796446853
1791563172,97,,Aggregated,143.600000,0.000000,470,550,580,600,640,670,710,730,800,850,850,6749,0,470,415.09349463621805,9.731699999974808,852.346600000601,415.605719365832
1791563173,99,,Aggregated,141.600000,0.000000,480,550,580,600,650,680,720,740,810,850,850,6886,0,480,420.6426656258822,9.731699999974808,852.346600000601,415.6063026430439
1791563174,100,,Aggregated,143.400000,0.000000,490,560,590,610,660,700,740,760,830,860,860,7045,0,490,427.39986955284803,9.731699999974808,863.8969999992696,415.62313697657913
1791563175,100,,Aggregated,142.800000,0.000000,490,560,600,620,670,710,750,770,830,970,970,7168,0,490,432.4795458286608,9.731699999974808,969.2030000005616,415.71121651785717
1791563176,100,,Aggregated,143.100000,0.000000,490,560,600,620,680,720,770,790,860,1100,1100,7277,0,490,437.7149966606902,9.731699999974808,1069.1708000013023,415.7872749759516
1791563177,100,,Aggregated,143.600000,0.000000,500,570,600,630,690,740,820,910,1000,1100,1100,7385,0,500,444.81969566687053,9.731699999974808,1110.3806999999506,415.8597156398104
1791563178,100,,Aggregated,143.900000,0.000000,500,570,610,640,700,770,870,920,1000,1100,1100,7507,0,500,451.5086430531312,9.731699999974808,1110.3806999999506,415.9387238577328
1791563179,100,,Aggregated,137.700000,0.000000,510,580,620,640,720,800,890,930,1000,1100,1100,7647,0,510,458.99841703934277,9.731699999974808,1110.3806999999506,416.02759251994246
1791563180,100,,Aggregated,134.400000,0.000000,510,580,620,650,730,820,890,930,1000,1100,1100,7775,0,510,464.60523817361747,9.731699999974808,1110.3806999999506,416.1054662379421
1791563181,100,,Aggregated,131.400000,0.000000,520,590,630,660,750,830,890,930,1000,1100,1100,7889,0,520,469.71713528962755,9.731699999974808,1110.3806999999506,416.17302573203193
1791563182,100,,Aggregated,124.900000,0.000000,520,590,630,660,770,840,900,930,1000,1100,1100,7996,0,520,474.6014489244468,9.731699999974808,1110.3806999999506,416.2342421210605
1791563183,100,,Aggregated,124.800000,0.000000,520,590,640,670,780,850,920,950,1000,1100,1100,8101,0,520,480.3740562646429,9.731699999974808,1110.3806999999506,416.293050240711
1791563184,100,,Aggregated,125.800000,0.000000,530,600,640,680,800,870,930,960,1000,1100,1100,8207,0,530,485.88251855731187,9.731699999974808,1110.3806999999506,416.3505544047764
1791563185,100,,Aggregated,122.500000,0.000000,530,600,650,690,820,880,930,970,1000,1100,1100,8321,0,530,491.2112942194268,9.731699999974808,1110.3806999999506,416.4107679365461
1791563186,100,,Aggregated,122.800000,0.000000,530,610,660,700,820,880,930,960,1000,1100,1100,8458,0,530,496.2806784582472,9.731699999974808,1110.3806999999506,416.4816741546465
1791563187,100,,Aggregated,116.700000,0.000000,540,610,670,710,830,890,930,960,1000,1100,1100,8606,0,540,501.8531542876914,9.731699999974808,1110.3806999999506,416.5547292586568
1791563188,100,,Aggregated,115.300000,0.000000,540,620,680,730,830,890,930,960,1000,1100,1100,8714,0,540,505.77302211382425,9.731699999974808,1110.3806999999506,416.60683956851045
1791563189,100,,Aggregated,116.400000,0.000000,540,620,680,740,840,890,940,970,1000,1100,1100,8826,0,540,510.3057213120176,9.731699999974808,1110.3806999999506,416.65952866530705
1791563190,100,,Aggregated,117.200000,0.000000,550,630,690,750,840,890,940,970,1000,1100,1100,8938,0,550,514.4233847393036,9.731699999974808,1110.3806999999506,416.7111210561647
1791563191,100,,Aggregated,117.500000,0.000000,550,630,700,760,850,890,940,970,1000,1100,1100,9048,0,550,518.2732729442822,9.731699999974808,1110.3806999999506,416.7601679929266
1791563192,100,,Aggregated,120.200000,0.000000,550,640,710,770,850,900,960,980,1100,1200,1200,9151,0,550,523.3935201726447,9.731699999974808,1195.594599998003,416.8054857392635
1791563193,100,,Aggregated,121.100000,0.000000,550,640,720,780,860,910,970,990,1100,1200,1200,9281,0,550,528.3152478719785,9.731699999974808,1195.594599998003,416.8606831160435
1791563194,100,,Aggregated,116.600000,0.000000,560,650,730,770,860,910,970,990,1100,1200,1200,9440,0,560,531.5962498622677,9.731699999974808,1195.594599998003,416.92627118644066
1791563195,100,,Aggregated,116.400000,0.000000,560,650,730,770,860,910,970,990,1100,1200,1200,9572,0,560,533.926363288739,9.731699999974808,1195.594599998003,416.979314667781
1791563196,100,,Aggregated,116.200000,0.000000,570,660,730,770,860,910,960,990,1100,1200,1200,9707,0,570,536.2893130730189,9.731699999974808,1195.594599998003,417.0317296796126
1791563197,100,,Aggregated,119.200000,0.000000,570,670,730,770,860,910,960,990,1100,1200,1200,9870,0,570,539.1874505166953,9.731699999974808,1195.594599998003,417.093515704154
1791563198,100,,Aggregated,124.900000,0.000000,580,670,730,770,850,910,960,990,1100,1200,1200,9995,0,580,541.3585625112358,9.731699999974808,1195.594599998003,417.1394697348674
1791563199,100,,Aggregated,125.700000,0.000000,580,670,730,770,850,900,960,990,1100,1100,1200,10142,0,580,543.4499422105903,9.731699999974808,1195.594599998003,417.19591796489846
1791563200,100,,Aggregated,126.800000,0.000000,580,680,730,770,850,900,960,990,1100,1100,1200,10286,0,580,546.1643698522088,9.731699999974808,1195.594599998003,417.2598677814505
1791563201,100,,Aggregated,132.500000,0.000000,590,680,730,770,850,900,960,990,1100,1100,1200,10419,0,590,548.1816113830331,9.731699999974808,1195.594599998003,417.31711296669545
1791563202,100,,Aggregated,130.500000,0.000000,590,680,730,770,850,900,960,990,1100,1100,1200,10546,0,590,550.7438414943858,9.731699999974808,1195.594599998003,417.37075668499904
1791563203,100,,Aggregated,131.900000,0.000000,590,690,740,770,850,900,960,990,1100,1100,1200,10697,0,590,553.7101624473977,9.731699999974808,1195.594599998003,417.4329251191923
1791563204,100,,Aggregated,136.600000,0.000000,600,690,740,770,850,900,960,980,1100,1100,1200,10824,0,600,555.5116599593327,9.731699999974808,1195.594599998003,417.48355506282337
1791563205,100,,Aggregated,137.700000,0.000000,600,690,740,770,850,900,960,980,1100,1100,1200,10958,0,600,557.3793050374004,9.731699999974808,1195.594599998003,417.53595546632596
1791563206,100,,Aggregated,138.400000,0.000000,600,690,740,770,850,900,960,980,1100,1100,1200,11115,0,600,559.838239019327,9.731699999974808,1195.594599998003,417.59523166891586
1791563207,100,,Aggregated,141.800000,0.000000,610,700,740,770,850,900,960,980,1100,1100,1200,11241,0,610,562.0316262076182,9.731699999974808,1195.594599998003,417.64193577083887
1791563208,100,,Aggregated,138.300000,0.000000,610,700,740,770,850,900,960,980,1100,1100,1200,11363,0,610,563.9060248437761,9.731699999974808,1195.594599998003,417.68643844055265
1791563209,100,,Aggregated,137.500000,0.000000,620,700,740,770,840,890,960,980,1100,1100,1200,11547,0,620,565.7989706417079,9.731699999974808,1195.594599998003,417.7511907854854
1791563210,100,,Aggregated,137.500000,0.000000,620,700,740,770,840,890,960,980,1100,1100,1200,11672,0,620,566.4646917837385,9.731699999974808,1195.594599998003,417.7942083618917
1791563211,100,,Aggregated,137.100000,0.000000,620,700,740,770,840,890,950,980,1100,1100,1200,11854,0,620,568.1134972667268,9.731699999974808,1195.594599998003,417.85566053652775
1791563212,100,,Aggregated,138.000000,0.000000,620,700,740,770,840,890,950,980,1100,1100,1200,11974,0,620,569.3848677133603,9.731699999974808,1195.594599998003,417.89427092032736
1791563213,100,,Aggregated,142.100000,0.000000,620,700,740,760,840,890,950,980,1100,1100,1200,12105,0,620,570.6368777860215,9.731699999974808,1195.594599998003,417.93572903758775
1791563214,100,,Aggregated,139.100000,0.000000,630,700,740,760,840,890,950,980,1100,1100,1200,12281,0,630,571.8566000244124,9.731699999974808,1195.594599998003,417.9908802214803
1791563215,100,,Aggregated,144.500000,0.000000,630,700,730,760,840,890,950,980,1100,1100,1200,12410,0,630,572.9102174697673,9.731699999974808,1195.594599998003,418.0299758259468
1791563216,100,,Aggregated,144.700000,0.000000,630,700,730,760,840,890,950,980,1100,1100,1200,12585,0,630,574.7486822804744,9.731699999974808,1195.594599998003,418.0820023837902
1791563217,100,,Aggregated,142.300000,0.000000,630,700,730,760,840,890,950,980,1100,1100,1200,12714,0,630,575.7620277095943,9.731699999974808,1195.594599998003,418.1190813276703
1791563218,100,,Aggregated,145.500000,0.000000,630,700,730,760,840,890,950,980,1100,1100,1200,12848,0,630,576.6255526229587,9.731699999974808,1195.594599998003,418.1569894146949
1791563219,100,,Aggregated,146.300000,0.000000,640,700,730,760,830,890,950,980,1100,1100,1200,13027,0,640,577.6585308589678,9.731699999974808,1195.594599998003,418.2066477316343
1791563220,100,,Aggregated,151.600000,0.000000,640,700,730,760,830,890,950,980,1100,1100,1200,13155,0,640,578.5902479969416,9.731699999974808,1195.594599998003,418.24120106423413
1791563221,100,,Aggregated,147.500000,0.000000,640,700,730,760,830,890,950,980,1100,1100,1200,13325,0,640,580.2334417785954,9.731699999974808,1195.594599998003,418.2859287054409
1791563222,100,,Aggregated,149.700000,0.000000,640,700,730,760,830,890,950,980,1100,1100,1200,13443,0,640,581.2157222717982,9.731699999974808,1195.594599998003,418.3165216097597
1791563223,100,,Aggregated,147.700000,0.000000,640,700,730,760,840,890,960,990,1100,1100,1200,13543,0,640,584.1063993280526,9.731699999974808,1195.594599998003,418.3420955475153
1791563224,100,,Aggregated,147.200000,0.000000,640,700,740,760,840,890,960,990,1100,1100,1200,13676,0,640,585.7685750877309,9.731699999974808,1195.594599998003,418.3754752851711
1791563225,100,,Aggregated,140.800000,0.000000,640,700,740,760,840,890,960,990,1100,1100,1200,13847,0,640,587.127532750764,9.731699999974808,1195.594599998003,418.4168411930382
1791563226,100,,Aggregated,142.800000,0.000000,650,700,730,760,840,890,960,990,1100,1100,1200,13979,0,650,587.6945175334322,9.731699999974808,1195.594599998003,418.44860147363903
1791563227,100,,Aggregated,141.800000,0.000000,650,700,730,760,830,890,960,990,1100,1100,1200,14140,0,650,588.8982507072018,9.731699999974808,1195.594599998003,418.4861386138614
1791563228,100,,Aggregated,139.300000,0.000000,650,700,730,760,830,890,960,990,1100,1100,1200,14279,0,650,590.056263799974,9.731699999974808,1195.594599998003,418.5183136073955
1791563229,100,,Aggregated,144.000000,0.000000,650,700,730,760,830,890,960,990,1100,1100,1200,14413,0,650,590.7661734683842,9.731699999974808,1195.594599998003,418.54825504752654
1791563230,100,,Aggregated,138.000000,0.000000,650,700,730,750,830,890,960,990,1100,1100,1200,14581,0,650,591.7425262670473,9.731699999974808,1195.594599998003,418.58548796378847
1791563231,100,,Aggregated,140.600000,0.000000,650,700,730,750,830,890,960,990,1100,1100,1200,14706,0,650,592.772446872012,9.731699999974808,1195.594599998003,418.6122671018632
1791563232,100,,Aggregated,141.100000,0.000000,650,700,730,750,830,890,960,990,1100,1100,1200,14841,0,650,593.8590113334575,9.731699999974808,1195.594599998003,418.64099454214676
1791563233,100,,Aggregated,137.400000,0.000000,650,700,730,750,830,890,960,990,1100,1100,1200,15011,0,650,594.8845848910695,9.731699999974808,1195.594599998003,418.67617080807406
1791563234,100,,Aggregated,143.200000,0.000000,650,700,730,760,830,890,960,990,1100,1100,1200,15133,0,650,595.9025354853524,9.731699999974808,1195.594599998003,418.70105068393576
1791563235,100,,Aggregated,145.000000,0.000000,650,700,730,750,830,890,960,990,1100,1100,1200,15324,0,650,596.7164268402404,9.731699999974808,1195.594599998003,418.7391673192378
1791563236,100,,Aggregated,142.100000,0.000000,660,700,730,750,830,890,950,990,1100,1100,1200,15443,0,660,597.3158132487093,9.731699999974808,1195.594599998003,418.76254613740855
1791563237,100,,Aggregated,147.600000,0.000000,660,700,730,750,830,890,950,990,1100,1100,1200,15577,0,660,598.0089659883047,9.731699999974808,1195.594599998003,418.7883417859665
1791563238,100,,Aggregated,145.200000,0.000000,660,700,730,750,830,890,960,990,1100,1100,1200,15677,0,660,599.6367159851901,9.731699999974808,1195.594599998003,418.80716973910825
1791563239,100,,Aggregated,145.600000,0.000000,660,710,740,760,830,890,970,1000,1100,1100,1200,15806,0,660,602.2186053270806,9.731699999974808,1195.594599998003,418.8310768062761
1791563240,100,,Aggregated,145.300000,0.000000,660,710,740,760,840,900,970,1000,1100,1100,1200,15947,0,660,604.4181470934875,9.731699999974808,1195.594599998003,418.85733993854643
1791563241,100,,Aggregated,141.100000,0.000000,660,710,740,760,840,900,970,1000,1100,1100,1200,16055,0,660,606.1803979943837,9.731699999974808,1195.594599998003,418.87673621924637
1791563242,100,,Aggregated,136.700000,0.000000,660,710,740,770,840,900,970,1000,1100,1100,1200,16172,0,660,607.3162858953658,9.731699999974808,1195.594599998003,418.897786297304
1791563243,100,,Aggregated,135.000000,0.000000,660,710,740,770,840,900,970,1000,1100,1100,1200,16282,0,660,608.7174741616428,9.731699999974808,1195.594599998003,418.91708635302786
1791563244,100,,Aggregated,128.900000,0.000000,660,710,750,770,850,900,970,1000,1100,1100,1200,16401,0,660,610.3363647094609,9.731699999974808,1195.594599998003,418.93799158587893
1791563245,100,,Aggregated,128.300000,0.000000,670,710,750,770,850,900,970,1000,1100,1100,1200,16574,0,670,612.1103630927877,9.731699999974808,1195.594599998003,418.9671775069386
1791563246,100,,Aggregated,128.900000,0.000000,670,720,750,780,850,900,970,1000,1100,1100,1200,16685,0,670,613.3713155169231,9.731699999974808,1195.594599998003,418.98585555888525
1791563247,100,,Aggregated,125.200000,0.000000,670,720,750,780,850,900,970,1000,1100,1100,1200,16794,0,670,614.8075281767232,9.731699999974808,1195.594599998003,419.0038108848398
1791563248,100,,Aggregated,124.900000,0.000000,670,720,750,780,850,900,960,1000,1100,1100,1200,16902,0,670,616.315330647253,9.731699999974808,1195.594599998003,419.0215359129097
1791563249,100,,Aggregated,118.600000,0.000000,670,720,760,780,850,900,960,1000,1100,1100,1200,17020,0,670,617.7302367214969,9.731699999974808,1195.594599998003,419.04024676850764
1791563250,100,,Aggregated,117.800000,0.000000,670,720,760,780,850,900,960,1000,1100,1100,1200,17149,0,670,619.0349530118299,9.731699999974808,1195.594599998003,419.06087818531694
1791563251,100,,Aggregated,118.600000,0.000000,670,720,760,790,850,900,960,1000,1100,1100,1200,17305,0,670,621.0150139323813,9.731699999974808,1195.594599998003,419.0850043340075
1791563252,100,,Aggregated,123.400000,0.000000,670,720,760,790,850,900,960,1000,1100,1100,1200,17416,0,670,621.7864181212578,9.731699999974808,1195.594599998003,419.1019751952228
1791563253,100,,Aggregated,124.200000,0.000000,680,730,760,790,850,900,960,1000,1100,1100,1200,17531,0,680,622.9841364440033,9.731699999974808,1195.594599998003,419.1195025954024
1791563254,100,,Aggregated,124.300000,0.000000,680,730,760,790,850,900,960,1000,1100,1100,1200,17646,0,680,623.9901477445217,9.731699999974808,1195.594599998003,419.1366882012921
1791563255,100,,Aggregated,123.500000,0.000000,680,730,770,790,850,900,960,1000,1100,1100,1200,17769,0,680,625.5240491473828,9.731699999974808,1195.594599998003,419.1548764702572
1791563256,100,,Aggregated,123.900000,0.000000,680,730,770,790,860,900,960,1000,1100,1100,1200,17925,0,680,627.2151480334636,9.731699999974808,1195.594599998003,419.17751743375175
1791563257,100,,Aggregated,124.200000,0.000000,680,730,770,800,860,900,960,1000,1100,1100,1200,18038,0,680,628.7536061148593,9.731699999974808,1195.594599998003,419.193813061315
1791563258,100,,Aggregated,123.900000,0.000000,680,730,770,800,860,910,970,1000,1100,1100,1200,18144,0,680,630.4519800705361,9.731699999974808,1195.594599998003,419.2087191358025
1791563259,100,,Aggregated,124.200000,0.000000,680,730,770,800,860,910,970,1000,1100,1100,1200,18257,0,680,631.7807654159927,9.731699999974808,1195.594599998003,419.22468094429536
1791563260,100,,Aggregated,123.600000,0.000000,680,740,780,800,860,910,970,1000,1100,1100,1200,18373,0,680,632.6095315517221,9.731699999974808,1195.594599998003,419.24067925760625
1791563261,100,,Aggregated,122.500000,0.000000,680,740,780,800,860,910,970,1000,1100,1100,1200,18492,0,680,633.5922354369341,9.731699999974808,1195.594599998003,419.25692191217826
1791563262,100,,Aggregated,117.800000,0.000000,680,740,780,810,860,910,970,1000,1100,1100,1200,18639,0,680,635.1854223509724,9.731699999974808,1195.594599998003,419.27640967863084
1791563263,100,,Aggregated,119.500000,0.000000,690,740,780,810,860,910,960,1000,1100,1100,1200,18769,0,690,636.5137557088676,9.731699999974808,1195.594599998003,419.29383557994566
1791563264,100,,Aggregated,123.800000,0.000000,690,740,780,810,860,910,960,1000,1100,1100,1200,18879,0,690,637.7280118332394,9.731699999974808,1195.594599998003,419.3082790402034
1791563265,100,,Aggregated,123.700000,0.000000,690,740,780,810,860,910,960,1000,1100,1100,1200,18991,0,690,638.8058402558972,9.731699999974808,1195.594599998003,419.3226265072929
1791563266,100,,Aggregated,121.800000,0.000000,690,740,780,810,860,910,960,1000,1100,1100,1200,19103,0,690,639.8852406794599,9.731699999974808,1195.594599998003,419.3370674763126
1791563267,100,,Aggregated,117.200000,0.000000,690,750,790,810,860,910,960,1000,1100,1100,1200,19218,0,690,640.9406760380749,9.731699999974808,1195.594599998003,419.3513372879592
1791563268,100,,Aggregated,117.600000,0.000000,690,750,790,810,860,910,960,1000,1100,1100,1200,19364,0,690,642.2352672588162,9.731699999974808,1195.594599998003,419.3696033877298
1791563269,100,,Aggregated,118.100000,0.000000,690,750,790,820,870,910,960,1000,1100,1100,1200,19492,0,690,643.7676748819885,9.731699999974808,1195.594599998003,419.3852862712908
1791563270,100,,Aggregated,123.300000,0.000000,690,750,790,820,870,910,960,1000,1100,1100,1200,19609,0,690,644.9474135600848,9.731699999974808,1195.594599998003,419.39930644092
1791563271,100,,Aggregated,123.900000,0.000000,690,750,790,820,870,910,960,1000,1100,1100,1200,19719,0,690,645.9834306100562,9.731699999974808,1195.594599998003,419.41259698767686
1791563272,100,,Aggregated,124.200000,0.000000,690,750,800,820,870,910,960,1000,1100,1100,1200,19826,0,690,647.0399299102039,9.731699999974808,1195.594599998003,419.42519923333
1791563273,100,,Aggregated,121.700000,0.000000,700,760,800,820,870,910,960,1000,1100,1100,1200,19935,0,700,648.2713754702672,9.731699999974808,1195.594599998003,419.4379232505643
1791563274,100,,Aggregated,117.000000,0.000000,700,760,800,820,870,910,960,1000,1100,1100,1200,20050,0,700,649.5948804339039,9.731699999974808,1195.594599998003,419.4512718204489
1791563275,100,,Aggregated,116.900000,0.000000,700,760,800,820,870,910,960,1000,1100,1100,1200,20165,0,700,650.5735480287502,9.731699999974808,1195.594599998003,419.4645177287379
1791563276,100,,Aggregated,117.000000,0.000000,700,760,800,830,870,910,970,1000,1100,1100,1200,20265,0,700,651.8637978534293,9.731699999974808,1195.594599998003,419.4757957068838
1791563277,100,,Aggregated,118.200000,0.000000,700,760,810,830,880,920,970,1000,1100,1100,1200,20426,0,700,653.8187384118178,9.731699999974808,1195.594599998003,419.49378243415254
1791563278,100,,Aggregated,121.700000,0.000000,700,760,800,830,880,920,970,1000,1100,1100,1200,20548,0,700,654.4524254866544,9.731699999974808,1195.594599998003,419.5073486470703
1791563279,100,,Aggregated,119.900000,0.000000,700,760,810,830,870,920,970,1000,1100,1100,1200,20653,0,700,655.2477801917281,9.731699999974808,1195.594599998003,419.51871398828257
1791563280,100,,Aggregated,115.800000,0.000000,700,770,810,830,880,920,970,1000,1100,1100,1200,20762,0,700,656.4350074173855,9.731699999974808,1195.594599998003,419.5304883922551
1791563281,100,,Aggregated,115.800000,0.000000,700,770,810,830,880,920,970,1000,1100,1100,1200,20880,0,700,657.2794759913675,9.731699999974808,1195.594599998003,419.54305555555555
1791563282,100,,Aggregated,115.100000,0.000000,700,770,810,830,880,920,970,1000,1100,1100,1200,20999,0,700,658.1927308395531,9.731699999974808,1195.594599998003,419.5555502642983
1791563283,100,,Aggregated,115.500000,0.000000,700,770,810,830,880,920,970,1000,1100,1100,1200,21128,0,700,659.5918200634121,9.731699999974808,1195.594599998003,419.5689606209769
1791563284,100,,Aggregated,118.600000,0.000000,710,770,810,830,880,920,970,1000,1100,1100,1200,21266,0,710,660.8147584595023,9.731699999974808,1195.594599998003,419.58337251951474
1791563285,100,,Aggregated,122.000000,0.000000,710,770,810,830,880,920,970,1000,1100,1100,1200,21379,0,710,661.6061194489822,9.731699999974808,1195.594599998003,419.59488282894426
1791563286,100,,Aggregated,121.200000,0.000000,710,770,810,830,880,920,970,1000,1100,1100,1200,21489,0,710,662.4063696588845,9.731699999974808,1195.594599998003,419.60589138629064
1791563287,100,,Aggregated,120.300000,0.000000,710,770,810,830,880,920,970,1000,1100,1100,1200,21599,0,710,663.3923470947619,9.731699999974808,1195.594599998003,419.6170656048891
1791563288,100,,Aggregated,116.700000,0.000000,710,780,820,830,880,920,970,1000,1100,1100,1200,21717,0,710,664.3131541280931,9.731699999974808,1195.594599998003,419.62853985357094
1791563289,100,,Aggregated,117.600000,0.000000,710,780,820,830,880,920,970,1000,1100,1100,1200,21889,0,710,665.3022846224044,9.731699999974808,1195.594599998003,419.6453926629814
1791563290,100,,Aggregated,117.000000,0.000000,710,780,820,830,880,920,970,1000,1100,1100,1200,22000,0,710,665.8073898408996,9.731699999974808,1195.594599998003,419.6558636363636
1791563291,100,,Aggregated,119.700000,0.000000,710,780,820,830,880,920,970,1000,1100,1100,1200,22110,0,710,666.7803233830758,9.731699999974808,1195.594599998003,419.6663500678426
1791563292,100,,Aggregated,123.200000,0.000000,710,780,820,830,880,920,970,1000,1100,1100,1200,22223,0,710,667.4033332358282,9.731699999974808,1195.594599998003,419.67704630337937
1791563293,100,,Aggregated,123.200000,0.000000,710,780,820,840,880,920,970,1000,1100,1100,1200,22336,0,710,668.399292944118,9.731699999974808,1195.594599998003,419.68758954154725
1791563294,100,,Aggregated,120.300000,0.000000,720,780,820,840,880,920,970,1000,1100,1100,1200,22460,0,720,669.270012983072,9.731699999974808,1195.594599998003,419.6991540516474
1791563295,100,,Aggregated,117.100000,0.000000,720,780,820,840,880,920,970,1000,1100,1100,1200,22591,0,720,670.3212835642414,9.731699999974808,1195.594599998003,419.71094683723607
1791563296,100,,Aggregated,118.000000,0.000000,720,780,820,840,880,920,970,1000,1100,1100,1200,22721,0,720,671.2929768496004,9.731699999974808,1195.594599998003,419.7226354473835
1791563297,100,,Aggregated,121.400000,0.000000,720,780,820,840,880,920,970,1000,1100,1100,1200,22837,0,720,671.9934843105384,9.731699999974808,1195.594599998003,419.73302097473396
1791563298,100,,Aggregated,123.100000,0.000000,720,790,820,840,880,920,970,1000,1100,1100,1200,22946,0,720,672.7805669528357,9.731699999974808,1195.594599998003,419.74270025276735
1791563299,100,,Aggregated,122.900000,0.000000,720,790,820,840,880,920,970,1000,1100,1100,1200,23064,0,720,673.3118982960361,9.731699999974808,1195.594599998003,419.7530350329518
1791563300,100,,Aggregated,123.200000,0.000000,720,790,820,840,880,920,970,1000,1100,1100,1200,23201,0,720,674.0786449247781,9.731699999974808,1195.594599998003,419.76483772251197
1791563301,100,,Aggregated,120.300000,0.000000,720,790,820,840,880,920,970,1000,1100,1100,1200,23335,0,720,674.9643389543505,9.731699999974808,1195.594599998003,419.7761731304907
1791563302,100,,Aggregated,118.000000,0.000000,720,790,820,840,880,920,970,1000,1100,1100,1200,23456,0,720,675.898472062574,9.731699999974808,1195.594599998003,419.78657912687584
1791563303,100,,Aggregated,123.800000,0.000000,720,790,820,840,880,920,970,1000,1100,1100,1200,23567,0,720,676.7607813849755,9.731699999974808,1195.594599998003,419.79594348029025
1791563304,100,,Aggregated,123.600000,0.000000,730,790,820,840,880,920,970,1000,1100,1100,1200,23683,0,730,677.5401398260236,9.731699999974808,1195.594599998003,419.80555672845503
1791563305,100,,Aggregated,123.000000,0.000000,730,790,820,840,880,920,970,1000,1100,1100,1200,23796,0,730,678.1585797907101,9.731699999974808,1195.594599998003,419.81484283072786
1791563306,100,,Aggregated,122.800000,0.000000,730,790,820,840,880,920,970,1000,1100,1100,1200,23924,0,730,678.8096804087828,9.731699999974808,1195.594599998003,419.825154656412
1791563307,100,,Aggregated,119.800000,0.000000,730,790,820,840,880,920,970,1000,1100,1100,1200,24069,0,730,679.6858306576813,9.731699999974808,1195.594599998003,419.8368856205077
1791563308,100,,Aggregated,118.300000,0.000000,730,790,820,840,880,920,970,1000,1100,1100,1200,24192,0,730,680.4283556671509,9.731699999974808,1195.594599998003,419.84668485449737
1791563309,100,,Aggregated,120.600000,0.000000,730,790,830,840,890,920,970,1000,1100,1100,1200,24298,0,730,681.3952429911814,9.731699999974808,1195.594599998003,419.8550497983373
1791563310,100,,Aggregated,123.600000,0.000000,730,800,830,840,890,920,970,1000,1100,1100,1200,24412,0,730,682.0561722554366,9.731699999974808,1195.594599998003,419.86367360314597
1791563311,100,,Aggregated,124.000000,0.000000,730,790,830,840,880,920,970,1000,1100,1100,1200,24520,0,730,682.4397679730713,9.731699999974808,1195.594599998003,419.872145187602
1791563312,100,,Aggregated,122.500000,0.000000,730,800,830,840,880,920,970,1000,1100,1100,1200,24628,0,730,683.1252320691771,9.731699999974808,1195.594599998003,419.8804612636024
1791563313,100,,Aggregated,117.100000,0.000000,730,800,830,840,890,930,970,1000,1100,1100,1200,24741,0,730,684.2248953518321,9.731699999974808,1195.594599998003,419.8890505638414
1791563314,100,,Aggregated,117.000000,0.000000,730,800,830,840,890,930,970,1000,1100,1100,1200,24885,0,730,685.2464491139124,9.731699999974808,1195.594599998003,419.90002009242517
1791563315,100,,Aggregated,117.100000,0.000000,740,800,830,850,890,930,970,1000,1100,1100,1200,25018,0,740,686.1298198297116,9.731699999974808,1195.594599998003,419.9097449836118
1791563317,100,,Aggregated,117.200000,0.000000,740,800,830,850,890,930,970,1000,1100,1100,1200,25124,0,740,686.7449952754232,9.731699999974808,1195.594599998003,419.9174096481452
1791563318,100,,Aggregated,121.800000,0.000000,740,800,830,850,890,930,970,1000,1100,1100,1200,25245,0,740,687.4861855654489,9.731699999974808,1195.594599998003,419.926440879382
1791563319,100,,Aggregated,119.300000,0.000000,740,800,830,850,890,930,970,1000,1100,1100,1200,25360,0,740,687.9189866916291,9.731699999974808,1195.594599998003,419.93466088328074
1791563320,100,,Aggregated,116.700000,0.000000,740,800,830,850,890,930,970,1000,1100,1100,1200,25472,0,740,688.5830769707798,9.731699999974808,1195.594599998003,419.94276067839195
1791563321,100,,Aggregated,116.700000,0.000000,740,800,830,850,890,930,970,1000,1100,1100,1200,25585,0,740,689.4475480124954,9.731699999974808,1195.594599998003,419.9507914793825
1791563322,100,,Aggregated,117.100000,0.000000,740,800,830,850,890,930,970,1000,1100,1100,1200,25726,0,740,690.0416539182024,9.731699999974808,1195.594599998003,419.96066236492265
1791563323,100,,Aggregated,117.100000,0.000000,740,800,830,850,890,930,970,1000,1100,1100,1200,25869,0,740,690.5114626193389,9.731699999974808,1195.594599998003,419.9706598631567
1791563324,100,,Aggregated,116.900000,0.000000,740,800,830,850,890,930,970,1000,1100,1100,1200,25977,0,740,691.3072883435212,9.731699999974808,1195.594599998003,419.9781729991916
1791563325,100,,Aggregated,124.000000,0.000000,740,800,830,850,890,930,970,1000,1100,1100,1200,26083,0,740,692.2408515776415,9.731699999974808,1195.594599998003,419.9853544454242
1791563326,100,,Aggregated,123.400000,0.000000,740,800,830,850,890,930,970,1000,1100,1100,1200,26196,0,740,692.8124195945802,9.731699999974808,1195.594599998003,419.9930142006413
1791563327,100,,Aggregated,119.100000,0.000000,740,800,830,850,890,930,970,1000,1100,1100,1200,26309,0,740,693.4900245581209,9.731699999974808,1195.594599998003,420.00045611767837
1791563328,100,,Aggregated,119.100000,0.000000,740,810,830,850,890,930,980,1000,1100,1100,1200,26407,0,740,694.2788969553376,9.731699999974808,1195.594599998003,420.0070435869277
1791563329,100,,Aggregated,118.100000,0.000000,750,810,830,850,890,930,980,1000,1400,1400,1500,26497,0,750,696.4498352379355,9.731699999974808,1464.0207999982522,420.01286938143943
1791563330,100,,Aggregated,116.300000,0.000000,750,810,840,850,900,940,990,1000,1400,1400,1500,26604,0,750,697.6511603969167,9.731699999974808,1464.0207999982522,420.0199594046008
1791563331,100,,Aggregated,113.200000,0.000000,750,810,840,850,900,940,990,1000,1400,1400,1500,26668,0,750,698.5716191840253,9.731699999974808,1464.0207999982522,420.02433628318585
1791563332,100,,Aggregated,112.900000,0.000000,750,810,840,850,900,940,1000,1000,1400,1500,1600,26729,0,750,700.0635474914739,9.731699999974808,1594.472600001609,420.02820906131916
1791563333,100,,Aggregated,107.200000,0.000000,750,810,840,850,900,940,1000,1100,1900,2000,2000,26781,0,750,702.2878145700151,9.731699999974808,2033.3898999997473,420.0316642395728
1791563334,100,,Aggregated,101.300000,0.000000,750,810,840,850,900,950,1000,1200,1900,2000,2000,26831,0,750,704.4830964443947,9.731699999974808,2033.3898999997473,420.03473593977117
1791563335,100,,Aggregated,90.100000,0.000000,750,810,840,850,900,950,1000,1300,2000,2100,2100,26865,0,750,706.0667654382868,9.731699999974808,2124.336700002459,420.0369998138842
1791563336,100,,Aggregated,85.300000,0.000000,750,810,840,860,900,950,1000,1400,2100,2300,2300,26933,0,750,709.4949461255552,9.731699999974808,2295.7294000007096,420.0412133813537
1791563337,100,,Aggregated,77.600000,0.000000,750,810,840,860,900,950,1000,1400,2100,2300,2400,26954,0,750,710.559379134806,9.731699999974808,2387.1531000004325,420.04270238183574
1791563338,100,,Aggregated,73.900000,0.000000,750,810,840,860,910,960,1100,1800,2300,2400,2400,27036,0,750,714.9688423768158,9.731699999974808,2413.37669999848,420.04782512205946
1791563339,100,,Aggregated,64.500000,0.000000,750,810,840,860,910,960,1100,1800,2300,2400,2400,27072,0,750,716.2674513777923,9.731699999974808,2413.37669999848,420.0501994680851
1791563340,100,,Aggregated,62.800000,0.000000,750,810,840,860,910,960,1300,1800,2300,2400,2400,27149,0,750,718.7406946664552,9.731699999974808,2413.37669999848,420.0549559836458
1791563341,100,,Aggregated,57.300000,0.000000,750,810,840,860,910,970,1400,1800,2300,2400,2400,27237,0,750,721.4713867826708,9.731699999974808,2413.37669999848,420.06046921467123
1791563342,100,,Aggregated,54.700000,0.000000,750,810,840,860,910,970,1400,1800,2300,2400,2400,27254,0,750,722.047588500756,9.731699999974808,2413.37669999848,420.06149556028475
1791563343,100,,Aggregated,58.100000,0.000000,750,810,840,860,910,980,1600,1900,2300,2400,2400,27340,0,750,725.7436508851355,9.731699999974808,2413.37669999848,420.0669348939283
1791563344,100,,Aggregated,52.500000,0.000000,750,810,840,860,910,980,1600,1900,2300,2400,2400,27364,0,750,726.6207918286652,9.731699999974808,2413.37669999848,420.0684110510159
1791563345,100,,Aggregated,56.700000,0.000000,750,810,840,860,920,990,1600,1900,2300,2400,2400,27454,0,750,729.8625371093312,9.731699999974808,2413.37669999848,420.0739418663947
1791563346,100,,Aggregated,52.900000,0.000000,750,810,840,860,920,990,1600,1900,2300,2400,2400,27542,0,750,732.3433215162139,9.731699999974808,2413.37669999848,420.0792970735604
1791563347,100,,Aggregated,59.100000,0.000000,750,820,840,860,920,1000,1600,1900,2300,2400,2400,27566,0,750,732.9003933903924,9.731699999974808,2413.37669999848,420.0808242037292
1791563348,100,,Aggregated,56.200000,0.000000,750,820,850,860,920,1000,1700,1900,2300,2400,2400,27658,0,750,735.8243149902224,9.731699999974808,2413.37669999848,420.0864126111794
1791563349,100,,Aggregated,61.200000,0.000000,750,820,850,860,920,1000,1700,1900,2300,2400,2400,27696,0,750,736.87823833043,9.731699999974808,2413.37669999848,420.08864095898326
1791563350,100,,Aggregated,61.800000,0.000000,760,820,850,860,930,1000,1700,1900,2300,2400,2400,27767,0,760,738.8022319443791,9.731699999974808,2413.37669999848,420.09291605142795
1791563351,100,,Aggregated,61.500000,0.000000,760,820,850,870,930,1000,1700,1900,2300,2400,2400,27862,0,760,741.5622832639278,9.731699999974808,2413.37669999848,420.09862895700235
1791563352,100,,Aggregated,61.600000,0.000000,760,820,850,870,930,1100,1700,1900,2300,2400,2400,27901,0,760,742.4416191247467,9.731699999974808,2413.37669999848,420.10107164617756
1791563353,100,,Aggregated,62.400000,0.000000,760,820,850,870,930,1200,1700,1900,2300,2400,2400,27977,0,760,744.224925528097,9.731699999974808,2413.37669999848,420.1054795010187
1791563354,100,,Aggregated,63.200000,0.000000,760,820,850,870,940,1300,1700,1900,2300,2400,2400,28070,0,760,746.4529585963512,9.731699999974808,2413.37669999848,420.1110081938012
1791563355,100,,Aggregated,63.500000,0.000000,760,820,850,870,940,1300,1700,1900,2300,2400,2400,28103,0,760,747.3035374906444,9.731699999974808,2413.37669999848,420.11304842899335
1791563356,100,,Aggregated,70.600000,0.000000,760,820,850,870,940,1400,1700,1900,2300,2400,2400,28180,0,760,749.5885961710285,9.731699999974808,2413.37669999848,420.11745919091555
1791563357,100,,Aggregated,64.000000,0.000000,760,820,850,870,950,1400,1700,1900,2300,2400,2400,28272,0,760,752.4016474214617,9.731699999974808,2413.37669999848,420.12280701754383
1791563358,100,,Aggregated,68.100000,0.000000,760,820,850,870,950,1400,1700,1900,2300,2400,2400,28298,0,760,752.9812951939911,9.731699999974808,2413.37669999848,420.12431973991096
1791563359,100,,Aggregated,67.500000,0.000000,760,820,850,870,950,1400,1700,1900,2300,2400,2400,28383,0,760,755.1616980128798,9.731699999974808,2413.37669999848,420.12919705457495
1791563360,100,,Aggregated,63.500000,0.000000,760,820,850,870,950,1400,1700,1900,2300,2400,2400,28480,0,760,757.7203478756869,9.731699999974808,2413.37669999848,420.13476123595507
1791563361,100,,Aggregated,70.200000,0.000000,760,820,850,870,960,1400,1700,1900,2300,2400,2400,28507,0,760,758.2737480338005,9.731699999974808,2413.37669999848,420.1361770793138
1791563362,100,,Aggregated,65.900000,0.000000,760,820,850,880,960,1500,1700,1900,2300,2400,2400,28591,0,760,760.3983309397909,9.731699999974808,2413.37669999848,420.14105837501313
1791563363,100,,Aggregated,63.700000,0.000000,760,820,860,880,960,1500,1700,1900,2300,2400,2400,28681,0,760,762.870179613665,9.731699999974808,2413.37669999848,420.1460897458248
1791563364,100,,Aggregated,69.900000,0.000000,760,820,860,880,970,1500,1700,1900,2300,2400,2400,28707,0,760,763.4690866513231,9.731699999974808,2413.37669999848,420.1474901591946
1791563365,100,,Aggregated,64.600000,0.000000,760,820,860,880,970,1500,1700,1900,2300,2400,2400,28798,0,760,765.7860957149642,9.731699999974808,2413.37669999848,420.1527189388152
1791563366,100,,Aggregated,63.300000,0.000000,760,830,860,880,980,1500,1700,1900,2300,2400,2400,28868,0,760,767.6141633538709,9.731699999974808,2413.37669999848,420.15671331578216
1791563367,100,,Aggregated,69.900000,0.000000,760,830,860,880,980,1500,1700,1900,2300,2400,2400,28915,0,760,768.6976519072991,9.731699999974808,2413.37669999848,420.15915614732836
1791563368,100,,Aggregated,64.200000,0.000000,760,830,860,880,990,1500,1700,1900,2300,2400,2400,29005,0,760,771.180954976714,9.731699999974808,2413.37669999848,420.1640406826409
1791563369,100,,Aggregated,66.700000,0.000000,760,830,860,880,990,1500,1700,1900,2300,2400,2400,29048,0,760,772.1291604585374,9.731699999974808,2413.37669999848,420.1662765078491
1791563370,100,,Aggregated,69.700000,0.000000,770,830,860,880,1000,1500,1700,1900,2300,2400,2400,29120,0,770,773.7651581249855,9.731699999974808,2413.37669999848,420.17029532967035
1791563371,100,,Aggregated,64.000000,0.000000,770,830,860,880,1000,1500,1700,1900,2300,2400,2400,29210,0,770,775.8306885826628,9.731699999974808,2413.37669999848,420.1752824375214
1791563372,100,,Aggregated,68.800000,0.000000,770,830,860,890,1000,1500,1700,1900,2300,2400,2400,29244,0,770,776.6719335248114,9.731699999974808,2413.37669999848,420.17716454657364
1791563373,100,,Aggregated,69.900000,0.000000,770,830,860,890,1000,1500,1700,1900,2300,2400,2400,29325,0,770,778.7751630758589,9.731699999974808,2413.37669999848,420.1814833759591
1791563374,100,,Aggregated,64.400000,0.000000,770,830,860,890,1100,1500,1700,1900,2300,2400,2400,29414,0,770,781.0387929013247,9.731699999974808,2413.37669999848,420.1862378459237
1791563375,100,,Aggregated,69.600000,0.000000,770,830,860,890,1100,1500,1700,1900,2300,2400,2400,29443,0,770,781.7583160309604,9.731699999974808,2413.37669999848,420.18778657066196
1791563376,100,,Aggregated,65.700000,0.000000,770,830,860,890,1200,1500,1700,1900,2300,2400,2400,29526,0,770,783.8053176285171,9.731699999974808,2413.37669999848,420.192271218587
1791563377,100,,Aggregated,64.000000,0.000000,770,830,860,890,1300,1500,1700,1900,2300,2400,2400,29619,0,770,786.1364394273801,9.731699999974808,2413.37669999848,420.1972044971133
1791563378,100,,Aggregated,70.100000,0.000000,770,830,860,890,1300,1500,1700,1900,2300,2400,2400,29643,0,770,786.6384471139753,9.731699999974808,2413.37669999848,420.19839422460615
1791563379,100,,Aggregated,64.700000,0.000000,770,830,870,890,1300,1500,1700,1900,2300,2400,2400,29731,0,770,788.7510913221743,9.731699999974808,2413.37669999848,420.20302041640036
1791563380,100,,Aggregated,64.600000,0.000000,770,830,870,890,1300,1500,1700,1900,2300,2400,2400,29828,0,770,790.696495732183,9.731699999974808,2413.37669999848,420.208093066917
1791563381,100,,Aggregated,70.600000,0.000000,770,830,870,900,1300,1500,1700,1900,2300,2400,2400,29927,0,770,792.1672234303318,9.731699999974808,2413.37669999848,420.2132522471347
1791563382,100,,Aggregated,64.800000,0.000000,770,830,870,900,1300,1500,1700,1900,2300,2400,2400,30043,0,770,791.8795956928246,9.731699999974808,2413.37669999848,420.2192191192624
1791563383,100,,Aggregated,64.400000,0.000000,770,830,870,900,1300,1500,1700,1900,2300,2400,2400,30148,0,770,792.0787558113152,9.731699999974808,2413.37669999848,420.2246583521295
1791563384,100,,Aggregated,73.500000,0.000000,770,830,870,900,1300,1500,1700,1900,2300,2400,2400,30260,0,770,792.225249669515,9.731699999974808,2413.37669999848,420.23027098479844
1791563385,100,,Aggregated,79.900000,0.000000,770,830,870,900,1300,1500,1700,1900,2300,2400,2400,30384,0,770,792.3389415382939,9.731699999974808,2413.37669999848,420.23650605581884
1791563386,100,,Aggregated,88.500000,0.000000,770,830,870,900,1300,1500,1700,1900,2300,2400,2400,30519,0,770,792.4675674628749,9.731699999974808,2413.37669999848,420.2431927651627
1791563387,100,,Aggregated,92.100000,0.000000,770,830,870,900,1300,1500,1700,1900,2300,2400,2400,30590,0,770,792.664032327541,9.731699999974808,2413.37669999848,420.246878064727
1791563388,100,,Aggregated,94.700000,0.000000,770,830,870,900,1300,1500,1700,1900,2300,2400,2400,30678,0,770,794.0831452636894,9.731699999974808,2413.37669999848,420.25122237433993
1791563389,100,,Aggregated,102.300000,0.000000,770,840,870,900,1300,1500,1700,1900,2300,2400,2400,30779,0,770,795.4556679976429,9.731699999974808,2413.37669999848,420.2561161831119
1791563390,100,,Aggregated,102.300000,0.000000,780,840,870,900,1300,1500,1700,1900,2300,2400,2400,30885,0,780,795.8361051707775,9.731699999974808,2413.37669999848,420.2612595110895
1791563391,100,,Aggregated,100.700000,0.000000,780,840,870,900,1300,1500,1700,1900,2300,2400,2400,31003,0,780,795.9135560429446,9.731699999974808,2413.37669999848,420.2668451440183
1791563392,100,,Aggregated,109.600000,0.000000,780,840,870,900,1300,1500,1700,1900,2300,2400,2400,31114,0,780,795.9683916500426,9.731699999974808,2413.37669999848,420.2722247219901
1791563393,100,,Aggregated,113.900000,0.000000,780,840,870,900,1300,1500,1700,1900,2300,2400,2400,31288,0,780,796.1062150632642,9.731699999974808,2413.37669999848,420.28061876757863
1791563394,100,,Aggregated,112.600000,0.000000,780,840,870,900,1300,1500,1700,1900,2300,2400,2400,31398,0,780,796.0342068825857,9.731699999974808,2413.37669999848,420.28581438308174
1791563395,100,,Aggregated,108.300000,0.000000,780,840,870,900,1300,1500,1700,1900,2300,2400,2400,31506,0,780,796.0778955119481,9.731699999974808,2413.37669999848,420.29070653208913
1791563396,100,,Aggregated,107.600000,0.000000,780,840,870,900,1300,1500,1700,1900,2300,2400,2400,31610,0,780,796.4300989844809,9.731699999974808,2413.37669999848,420.2956026573869
1791563397,100,,Aggregated,112.200000,0.000000,780,840,870,900,1300,1500,1700,1900,2300,2400,2400,31727,0,780,796.6131017776486,9.731699999974808,2413.37669999848,420.3010684905601
1791563398,100,,Aggregated,112.900000,0.000000,780,840,870,900,1300,1500,1700,1900,2300,2400,2400,31845,0,780,796.7496519422037,9.731699999974808,2413.37669999848,420.3064531323599
1791563399,100,,Aggregated,112.500000,0.000000,780,840,870,900,1300,1500,1700,1900,2300,2400,2400,31961,0,780,797.0793583429636,9.731699999974808,2413.37669999848,420.3117549513469
1791563400,100,,Aggregated,115.500000,0.000000,780,840,870,900,1300,1500,1700,1900,2300,2400,2400,32091,0,780,797.6521253061429,9.731699999974808,2413.37669999848,420.3175968340033
1791563401,100,,Aggregated,118.200000,0.000000,780,840,870,900,1300,1500,1700,1900,2300,2400,2400,32212,0,780,797.9358560970893,9.731699999974808,2413.37669999848,420.3229231342357
1791563402,100,,Aggregated,116.800000,0.000000,780,840,870,900,1300,1500,1700,1900,2300,2400,2400,32321,0,780,798.1325454038995,9.731699999974808,2413.37669999848,420.3278363912008
1791563403,100,,Aggregated,115.200000,0.000000,780,840,870,900,1300,1500,1700,1900,2300,2400,2400,32435,0,780,798.1382862463211,9.731699999974808,2413.37669999848,420.3328503160167
1791563404,100,,Aggregated,115.400000,0.000000,780,840,870,900,1300,1500,1700,1900,2300,2400,2400,32549,0,780,798.3475740145451,9.731699999974808,2413.37669999848,420.33785984208424
1791563405,100,,Aggregated,117.100000,0.000000,780,840,870,900,1300,1500,1700,1900,2300,2400,2400,32661,0,780,798.4587799179267,9.731699999974808,2413.37669999848,420.342702305502
1791563406,100,,Aggregated,118.800000,0.000000,780,840,870,900,1300,1500,1700,1900,2300,2400,2400,32781,0,780,798.5285107592623,9.731699999974808,2413.37669999848,420.34785393978217
1791563407,100,,Aggregated,115.800000,0.000000,780,840,870,900,1300,1500,1700,1900,2300,2400,2400,32918,0,780,798.7878109575119,9.731699999974808,2413.37669999848,420.353666686919
1791563408,100,,Aggregated,114.800000,0.000000,780,840,870,900,1300,1500,1700,1900,2300,2400,2400,33046,0,780,798.9842150971176,9.731699999974808,2413.37669999848,420.359226532712
1791563409,100,,Aggregated,115.600000,0.000000,780,840,870,900,1300,1500,1700,1900,2300,2400,2400,33152,0,780,799.1964167169201,9.731699999974808,2413.37669999848,420.3637186293436
1791563410,100,,Aggregated,115.800000,0.000000,790,840,870,900,1300,1500,1700,1900,2300,2400,2400,33268,0,790,799.4695300017836,9.731699999974808,2413.37669999848,420.36855236263074
1791563411,100,,Aggregated,116.500000,0.000000,790,840,880,900,1200,1500,1700,1900,2300,2400,2400,33371,0,790,799.9308901111548,9.731699999974808,2413.37669999848,420.372868658416
1791563412,100,,Aggregated,116.900000,0.000000,790,840,880,900,1200,1500,1700,1900,2300,2400,2400,33490,0,790,800.2002876530111,9.731699999974808,2413.37669999848,420.37790385189606
1791563413,100,,Aggregated,116.800000,0.000000,790,840,880,900,1200,1500,1700,1900,2300,2400,2400,33594,0,790,800.4416489581275,9.731699999974808,2413.37669999848,420.38212180746564
1791563414,100,,Aggregated,116.500000,0.000000,790,840,880,900,1200,1500,1700,1900,2300,2400,2400,33701,0,790,800.8064002581324,9.731699999974808,2413.37669999848,420.38639802973205
1791563415,100,,Aggregated,115.300000,0.000000,790,840,880,900,1200,1500,1700,1900,2300,2400,2400,33809,0,790,801.1377413735796,9.731699999974808,2413.37669999848,420.3908426750274
1791563416,100,,Aggregated,113.400000,0.000000,790,840,880,900,1200,1500,1600,1900,2300,2400,2400,33918,0,790,801.4031937849911,9.731699999974808,2413.37669999848,420.39521787841267
1791563417,100,,Aggregated,111.700000,0.000000,790,840,880,900,1200,1500,1600,1900,2200,2400,2400,34036,0,790,801.5999958719989,9.731699999974808,2413.37669999848,420.39998824773767
1791563418,100,,Aggregated,114.800000,0.000000,790,840,880,900,1200,1500,1600,1900,2200,2400,2400,34162,0,790,801.6574329488716,9.731699999974808,2413.37669999848,420.4050699607751
1791563419,100,,Aggregated,114.300000,0.000000,790,850,880,900,1200,1500,1600,1900,2200,2400,2400,34300,0,790,802.0834443731585,9.731699999974808,2413.37669999848,420.4103498542274
1791563420,100,,Aggregated,114.200000,0.000000,790,850,880,900,1200,1500,1600,1900,2200,2400,2400,34415,0,790,802.2926189800773,9.731699999974808,2413.37669999848,420.41493534795876
1791563421,100,,Aggregated,113.700000,0.000000,790,850,880,900,1200,1500,1600,1900,2200,2400,2400,34536,0,790,802.3555962676435,9.731699999974808,2413.37669999848,420.41964906184853
1791563422,100,,Aggregated,114.000000,0.000000,790,850,880,900,1200,1500,1600,1800,2200,2400,2400,34641,0,790,802.4205266158414,9.731699999974808,2413.37669999848,420.42371756011664
1791563423,100,,Aggregated,114.100000,0.000000,790,850,880,900,1200,1500,1600,1800,2200,2400,2400,34745,0,790,802.8933331673436,9.731699999974808,2413.37669999848,420.42771621816087
1791563424,100,,Aggregated,115.100000,0.000000,790,850,880,900,1200,1500,1600,1800,2200,2400,2400,34859,0,790,803.0805778593569,9.731699999974808,2413.37669999848,420.4321409105253
1791563425,100,,Aggregated,114.300000,0.000000,790,850,880,900,1200,1500,1600,1800,2200,2400,2400,34970,0,790,803.2083221789911,9.731699999974808,2413.37669999848,420.4363168430083
1791563426,100,,Aggregated,114.500000,0.000000,790,850,880,900,1200,1500,1600,1800,2200,2400,2400,35079,0,790,803.3712114883351,9.731699999974808,2413.37669999848,420.4404629550443
1791563427,100,,Aggregated,116.700000,0.000000,790,850,880,900,1200,1500,1600,1800,2200,2400,2400,35200,0,790,803.6993716335032,9.731699999974808,2413.37669999848,420.4448295454545
1791563428,100,,Aggregated,115.800000,0.000000,800,850,880,900,1100,1500,1600,1800,2200,2400,2400,35358,0,800,803.7859782623262,9.731699999974808,2413.37669999848,420.45084563606537
1791563429,100,,Aggregated,115.700000,0.000000,800,850,880,900,1100,1500,1600,1800,2200,2400,2400,35478,0,800,803.7665742121688,9.731699999974808,2413.37669999848,420.45532442640507
1791563430,100,,Aggregated,115.800000,0.000000,800,850,880,900,1100,1500,1600,1800,2200,2400,2400,35587,0,800,803.8491948885639,9.731699999974808,2413.37669999848,420.4593250344227
1791563431,100,,Aggregated,116.200000,0.000000,800,850,880,900,1100,1500,1600,1800,2200,2400,2400,35699,0,800,803.8537659934266,9.731699999974808,2413.37669999848,420.46337432421075
1791563432,100,,Aggregated,116.400000,0.000000,800,850,880,900,1100,1500,1600,1800,2200,2400,2400,35817,0,800,803.9539245581523,9.731699999974808,2413.37669999848,420.4674875059329
1791563433,100,,Aggregated,117.300000,0.000000,800,850,880,900,1100,1500,1600,1800,2200,2400,2400,35949,0,800,803.9549490500241,9.731699999974808,2413.37669999848,420.4723636262483
1791563434,100,,Aggregated,118.600000,0.000000,800,850,880,900,1100,1500,1600,1800,2200,2400,2400,36095,0,800,804.0697057736335,9.731699999974808,2413.37669999848,420.4776007757307
1791563435,100,,Aggregated,122.700000,0.000000,800,850,880,900,1100,1500,1600,1800,2200,2400,2400,36206,0,800,804.2107655388414,9.731699999974808,2413.37669999848,420.4814395404077
1791563436,100,,Aggregated,121.700000,0.000000,800,850,880,900,1100,1500,1600,1800,2200,2400,2400,36319,0,800,804.19221379166,9.731699999974808,2413.37669999848,420.4854759216939
1791563437,100,,Aggregated,120.000000,0.000000,800,850,880,900,1100,1500,1600,1800,2200,2400,2400,36429,0,800,804.1601761261439,9.731699999974808,2413.37669999848,420.48930796892586
1791563438,100,,Aggregated,117.400000,0.000000,800,850,880,900,1000,1500,1600,1800,2200,2400,2400,36543,0,800,804.2384598992784,9.731699999974808,2413.37669999848,420.493336617136
1791563439,100,,Aggregated,119.100000,0.000000,800,850,880,900,1000,1500,1600,1800,2200,2400,2400,36662,0,800,804.4025749113335,9.731699999974808,2413.37669999848,420.49735420871747
1791563440,100,,Aggregated,121.500000,0.000000,800,850,880,900,1000,1500,1600,1800,2200,2400,2400,36827,0,800,804.5484374236108,9.731699999974808,2413.37669999848,420.5030548239064
1791563441,100,,Aggregated,124.400000,0.000000,800,850,880,900,1000,1500,1600,1800,2200,2400,2400,36933,0,800,804.6902801748927,9.731699999974808,2413.37669999848,420.50662009584926
1791563442,100,,Aggregated,123.500000,0.000000,800,850,880,900,1000,1500,1600,1800,2200,2400,2400,37037,0,800,805.2076636093458,9.731699999974808,2413.37669999848,420.5101655101655
1791563443,100,,Aggregated,122.600000,0.000000,800,850,880,900,1000,1500,1600,1800,2200,2400,2400,37160,0,800,804.8790137190356,9.731699999974808,2413.37669999848,420.51439720129173
1791563444,100,,Aggregated,119.800000,0.000000,800,850,880,900,1000,1500,1600,1800,2200,2400,2400,37341,0,800,804.3222416084027,9.731699999974808,2413.37669999848,420.5203127929086
1791563445,100,,Aggregated,116.300000,0.000000,800,850,880,900,1000,1500,1600,1800,2200,2400,2400,37471,0,800,803.7683528862161,9.731699999974808,2413.37669999848,420.52467241333295
1791563446,100,,Aggregated,123.700000,0.000000,800,850,880,900,1000,1500,1600,1800,2200,2400,2400,37594,0,800,803.4424977655855,9.731699999974808,2413.37669999848,420.52862158855135
1791563447,100,,Aggregated,125.000000,0.000000,800,850,880,900,1000,1500,1600,1800,2200,2400,2400,37749,0,800,803.0988061829303,9.731699999974808,2413.37669999848,420.53381546531034
1791563448,100,,Aggregated,127.500000,0.000000,800,850,880,900,1000,1500,1600,1800,2200,2400,2400,37877,0,800,803.3902714839991,9.731699999974808,2413.37669999848,420.53795179132453
1791563449,100,,Aggregated,132.300000,0.000000,800,850,880,900,1000,1500,1600,1800,2200,2400,2400,37989,0,800,803.374936081482,9.731699999974808,2413.37669999848,420.5415515017505
1791563450,100,,Aggregated,129.700000,0.000000,800,850,880,900,1000,1500,1600,1800,2200,2400,2400,38120,0,800,802.8642049527665,9.731699999974808,2413.37669999848,420.54577649527806
1791563451,100,,Aggregated,126.500000,0.000000,800,850,880,900,1000,1500,1600,1800,2200,2400,2400,38303,0,800,802.1379436858592,9.731699999974808,2413.37669999848,420.5514189489074
1791563452,100,,Aggregated,128.300000,0.000000,790,850,880,900,1000,1500,1600,1800,2200,2400,2400,38432,0,790,801.6229974916603,9.731699999974808,2413.37669999848,420.55552664446293
1791563453,100,,Aggregated,135.500000,0.000000,790,850,880,900,1000,1500,1600,1800,2200,2400,2400,38609,0,790,801.1352069724552,9.731699999974808,2413.37669999848,420.56103499184127
1791563454,100,,Aggregated,138.700000,0.000000,790,850,880,900,1000,1500,1600,1800,2200,2400,2400,38731,0,790,800.6560295628702,9.731699999974808,2413.37669999848,420.5647930598229
1791563455,100,,Aggregated,144.700000,0.000000,790,840,870,900,1000,1500,1600,1800,2200,2400,2400,38917,0,790,800.0970781868987,9.731699999974808,2413.37669999848,420.5705475756096
1791563456,100,,Aggregated,138.700000,0.000000,790,840,870,900,1000,1500,1600,1800,2200,2400,2400,39041,0,790,799.6168993442669,9.731699999974808,2413.37669999848,420.5743193053457
1791563457,100,,Aggregated,143.400000,0.000000,790,840,870,900,1000,1500,1600,1800,2200,2400,2400,39184,0,790,799.1170344732433,9.731699999974808,2413.37669999848,420.57865455287873
1791563458,100,,Aggregated,143.700000,0.000000,790,840,870,900,1000,1500,1600,1800,2200,2400,2400,39350,0,790,798.5522998017686,9.731699999974808,2413.37669999848,420.583583227446
1791563459,100,,Aggregated,139.800000,0.000000,790,840,870,900,1000,1500,1600,1800,2200,2400,2400,39474,0,790,798.1817137710808,9.731699999974808,2413.37669999848,420.58729796828294
1791563460,100,,Aggregated,146.300000,0.000000,790,840,870,900,1000,1500,1600,1800,2200,2400,2400,39626,0,790,797.9392737596439,9.731699999974808,2413.37669999848,420.5918084086206
1791563461,100,,Aggregated,148.100000,0.000000,790,840,870,900,1000,1500,1600,1800,2200,2400,2400,39774,0,790,797.5848796525273,9.731699999974808,2413.37669999848,420.5962186352894
1791563462,100,,Aggregated,150.300000,0.000000,790,840,870,900,1000,1500,1600,1800,2200,2400,2400,39894,0,790,797.2327326414908,9.731699999974808,2413.37669999848,420.5996891763172
1791563463,100,,Aggregated,147.900000,0.000000,790,840,870,890,1000,1500,1600,1800,2200,2400,2400,40078,0,790,796.8561223464147,9.731699999974808,2413.37669999848,420.605095064624
1791563464,100,,Aggregated,145.700000,0.000000,790,840,870,890,1000,1500,1600,1800,2200,2400,2400,40197,0,790,796.4458323780292,9.731699999974808,2413.37669999848,420.6084533671667
1791563465,100,,Aggregated,147.300000,0.000000,780,840,870,890,1000,1500,1600,1800,2200,2400,2400,40385,0,780,795.8362752234643,9.731699999974808,2413.37669999848,420.6138417729355
1791563466,100,,Aggregated,146.500000,0.000000,780,840,870,890,1000,1500,1600,1800,2200,2400,2400,40512,0,780,795.2651025004847,9.731699999974808,2413.37669999848,420.6173232622433
1791563467,100,,Aggregated,144.600000,0.000000,780,840,870,890,1000,1500,1600,1800,2200,2400,2400,40689,0,780,794.762434874281,9.731699999974808,2413.37669999848,420.6224532428912
1791563468,100,,Aggregated,146.200000,0.000000,780,840,870,890,1000,1500,1600,1800,2200,2400,2400,40819,0,780,794.2541450598902,9.731699999974808,2413.37669999848,420.6259829981136
1791563469,100,,Aggregated,148.700000,0.000000,780,840,870,890,1000,1500,1600,1800,2200,2400,2400,41014,0,780,793.4501286853183,9.731699999974808,2413.37669999848,420.6313453942556
1791563470,100,,Aggregated,146.500000,0.000000,780,840,870,890,1000,1500,1600,1800,2200,2400,2400,41139,0,780,792.8421656554524,9.731699999974808,2413.37669999848,420.63484771141736
1791563471,100,,Aggregated,147.100000,0.000000,780,840,870,890,1000,1500,1600,1800,2200,2400,2400,41325,0,780,792.1595867755506,9.731699999974808,2413.37669999848,420.63983061101027
1791563472,100,,Aggregated,151.000000,0.000000,780,840,870,890,1000,1500,1600,1800,2200,2400,2400,41459,0,780,791.6082268674992,9.731699999974808,2413.37669999848,420.6435755806942
1791563473,100,,Aggregated,152.800000,0.000000,780,840,870,890,990,1500,1600,1800,2200,2400,2400,41636,0,780,790.9981037395448,9.731699999974808,2413.37669999848,420.64823710250744
1791563474,100,,Aggregated,155.500000,0.000000,780,840,870,890,990,1500,1600,1800,2200,2400,2400,41769,0,780,790.7182867461433,9.731699999974808,2413.37669999848,420.65179918121095
1791563475,100,,Aggregated,151.600000,0.000000,780,840,870,890,990,1500,1600,1800,2200,2400,2400,41911,0,780,790.183759631115,9.731699999974808,2413.37669999848,420.6554365202453
1791563476,100,,Aggregated,156.600000,0.000000,780,840,870,890,990,1500,1600,1800,2200,2400,2400,42084,0,780,789.5015492704995,9.731699999974808,2413.37669999848,420.66008459271933
1791563477,100,,Aggregated,154.200000,0.000000,780,840,870,890,990,1500,1600,1800,2200,2400,2400,42229,0,780,789.0154533827391,9.731699999974808,2413.37669999848,420.6638565914419
1791563478,100,,Aggregated,156.900000,0.000000,780,840,870,890,990,1500,1600,1800,2200,2400,2400,42399,0,780,788.3862541144755,9.731699999974808,2413.37669999848,420.66829406353924
1791563479,100,,Aggregated,154.500000,0.000000,770,830,870,890,990,1500,1600,1800,2200,2400,2400,42530,0,770,787.8915967481702,9.731699999974808,2413.37669999848,420.6715024688455
1791563480,100,,Aggregated,157.500000,0.000000,770,830,870,890,990,1500,1600,1800,2200,2400,2400,42706,0,770,787.4811197185326,9.731699999974808,2413.37669999848,420.67608766918
1791563481,100,,Aggregated,157.600000,0.000000,770,830,870,890,990,1500,1600,1800,2200,2400,2400,42818,0,770,787.2522279975639,9.731699999974808,2413.37669999848,420.6788967256761
1791563482,100,,Aggregated,157.200000,0.000000,770,830,870,890,990,1500,1600,1800,2200,2400,2400,42928,0,770,787.5616452944388,9.731699999974808,2413.37669999848,420.6816995900112
1791563483,100,,Aggregated,152.000000,0.000000,770,830,870,890,990,1500,1600,1800,2200,2400,2400,43060,0,770,787.5753881096077,9.731699999974808,2413.37669999848,420.6850209010683
1791563484,100,,Aggregated,148.600000,0.000000,770,830,870,890,990,1500,1600,1800,2200,2400,2400,43227,0,770,787.3132800148013,9.731699999974808,2413.37669999848,420.68912947926066
1791563485,100,,Aggregated,145.300000,0.000000,770,830,870,890,980,1500,1600,1800,2200,2400,2400,43350,0,770,787.0409716401343,9.731699999974808,2413.37669999848,420.6922029988466
1791563486,100,,Aggregated,146.300000,0.000000,770,830,870,890,980,1500,1600,1800,2200,2400,2400,43520,0,770,786.6271312224223,9.731699999974808,2413.37669999848,420.69643841911767
1791563487,100,,Aggregated,145.400000,0.000000,770,830,860,890,980,1500,1600,1800,2200,2400,2400,43649,0,770,786.3946337854195,9.731699999974808,2413.37669999848,420.6995120163119
1791563488,100,,Aggregated,140.800000,0.000000,770,830,860,890,980,1500,1600,1800,2200,2400,2400,43778,0,770,786.1697965667644,9.731699999974808,2413.37669999848,420.7026817122756
1791563489,100,,Aggregated,144.700000,0.000000,770,830,860,890,980,1500,1600,1800,2200,2400,2400,43952,0,770,785.7711007462643,9.731699999974808,2413.37669999848,420.7068165271205
1791563490,100,,Aggregated,137.900000,0.000000,770,830,860,890,980,1500,1600,1800,2200,2400,2400,44077,0,770,785.3891219366066,9.731699999974808,2413.37669999848,420.70978061120314
1791563491,100,,Aggregated,143.000000,0.000000,770,830,860,890,980,1500,1600,1800,2200,2400,2400,44181,0,770,785.464395710822,9.731699999974808,2413.37669999848,420.7123197754691
1791563492,100,,Aggregated,136.800000,0.000000,770,830,860,890,980,1500,1600,1800,2200,2400,2400,44282,0,770,785.9186514136633,9.731699999974808,2413.37669999848,420.71469219999096
1791563493,100,,Aggregated,136.900000,0.000000,770,830,870,890,990,1500,1600,1800,2200,2400,2400,44387,0,770,786.3777224592752,9.731699999974808,2413.37669999848,420.71714691238424
1791563494,100,,Aggregated,136.300000,0.000000,770,830,870,890,990,1500,1600,1800,2200,2400,2400,44510,0,770,786.6211901640039,9.731699999974808,2413.37669999848,420.71997303976633
1791563495,100,,Aggregated,134.600000,0.000000,770,830,870,890,980,1500,1600,1800,2200,2400,2400,44683,0,770,786.5944075464888,9.731699999974808,2413.37669999848,420.7240785086051
1791563496,100,,Aggregated,127.600000,0.000000,770,830,860,890,980,1500,1600,1800,2200,2400,2400,44793,0,770,786.6008261156823,9.731699999974808,2413.37669999848,420.7266090683812
1791563497,100,,Aggregated,130.400000,0.000000,770,830,860,890,980,1500,1600,1800,2200,2400,2400,44940,0,770,786.1480841010185,9.731699999974808,2413.37669999848,420.7299732977303
1791563498,100,,Aggregated,131.300000,0.000000,770,830,860,890,980,1500,1600,1700,2200,2400,2400,45096,0,770,785.7690748979908,9.731699999974808,2413.37669999848,420.73356838744013
1791563499,100,,Aggregated,125.200000,0.000000,770,830,860,890,980,1500,1600,1700,2200,2400,2400,45217,0,770,785.6001915496339,9.731699999974808,2413.37669999848,420.7362717561979
1791563500,100,,Aggregated,132.500000,0.000000,770,830,860,890,980,1500,1600,1700,2200,2400,2400,45321,0,770,785.6083980538785,9.731699999974808,2413.37669999848,420.73859800092674
1791563501,100,,Aggregated,125.500000,0.000000,770,830,860,890,980,1500,1600,1700,2200,2400,2400,45424,0,770,785.9857054310464,9.731699999974808,2413.37669999848,420.74092990489606
1791563502,100,,Aggregated,126.000000,0.000000,770,830,870,890,980,1500,1600,1700,2200,2400,2400,45532,0,770,786.421642218656,9.731699999974808,2413.37669999848,420.7433453395414
1791563503,100,,Aggregated,123.900000,0.000000,770,830,870,890,980,1500,1600,1700,2200,2400,2400,45642,0,770,786.7455593313128,9.731699999974808,2413.37669999848,420.74582621269883
1791563504,100,,Aggregated,123.900000,0.000000,770,830,870,890,980,1500,1600,1700,2200,2400,2400,45756,0,770,786.9851019319821,9.731699999974808,2413.37669999848,420.74833901564824
1791563505,100,,Aggregated,124.900000,0.000000,770,830,870,890,980,1500,1600,1700,2200,2400,2400,45892,0,770,787.3144100300655,9.731699999974808,2413.37669999848,420.75124204654406
1791563506,100,,Aggregated,125.700000,0.000000,770,830,870,890,980,1500,1600,1700,2200,2400,2400,46023,0,770,787.5018542076739,9.731699999974808,2413.37669999848,420.75420985159593
1791563507,100,,Aggregated,122.300000,0.000000,770,830,870,890,980,1500,1600,1700,2200,2400,2400,46128,0,770,787.802994840439,9.731699999974808,2413.37669999848,420.7565253208463
1791563508,100,,Aggregated,123.300000,0.000000,770,840,870,890,980,1500,1600,1700,2200,2400,2400,46239,0,770,788.141083038124,9.731699999974808,2413.37669999848,420.758904820606
1791563509,100,,Aggregated,122.500000,0.000000,770,840,870,890,980,1500,1600,1700,2200,2400,2400,46349,0,770,788.4266175278824,9.731699999974808,2413.37669999848,420.76131092364454
1791563510,100,,Aggregated,114.400000,0.000000,770,840,870,890,980,1500,1600,1700,2200,2400,2400,46452,0,770,788.7328054184927,9.731699999974808,2413.37669999848,420.7634762765866
1791563512,100,,Aggregated,113.900000,0.000000,780,840,870,890,990,1400,1600,1700,2200,2400,2400,46556,0,780,789.2255150571308,9.731699999974808,2413.37669999848,420.76572300025776
1791563513,100,,Aggregated,112.400000,0.000000,780,840,870,890,990,1400,1600,1700,2200,2400,2400,46664,0,780,789.2810102284369,9.731699999974808,2413.37669999848,420.76804388822217
1791563514,100,,Aggregated,112.700000,0.000000,780,840,870,890,990,1400,1600,1700,2200,2400,2400,46777,0,780,789.5012129251505,9.731699999974808,2413.37669999848,420.77035722684224
1791563515,100,,Aggregated,112.700000,0.000000,780,840,870,890,990,1400,1600,1700,2200,2400,2400,46962,0,780,789.0696188790886,9.731699999974808,2413.37669999848,420.7743068864188
1791563516,100,,Aggregated,112.200000,0.000000,770,840,870,890,980,1400,1600,1700,2200,2400,2400,47089,0,770,788.6343085221542,9.731699999974808,2413.37669999848,420.7769967508335
1791563517,100,,Aggregated,119.600000,0.000000,770,840,870,890,980,1400,1600,1700,2200,2400,2400,47238,0,770,788.3374279499491,9.731699999974808,2413.37669999848,420.7801134679707
1791563518,100,,Aggregated,116.700000,0.000000,770,840,870,890,980,1400,1600,1700,2200,2400,2400,47388,0,770,788.0956846395657,9.731699999974808,2413.37669999848,420.7832573647337
1791563519,100,,Aggregated,119.800000,0.000000,770,840,870,890,980,1400,1600,1700,2200,2400,2400,47526,0,770,787.6849927408114,9.731699999974808,2413.37669999848,420.78596978495983
1791563520,100,,Aggregated,125.700000,0.000000,770,830,870,890,980,1400,1600,1700,2200,2400,2400,47702,0,770,787.1511546916236,9.731699999974808,2413.37669999848,420.7895685715484
1791563521,100,,Aggregated,128.100000,0.000000,770,830,870,890,980,1400,1600,1700,2200,2400,2400,47816,0,770,786.872798613431,9.731699999974808,2413.37669999848,420.79188974401876
1791563522,100,,Aggregated,135.100000,0.000000,770,830,870,890,980,1400,1600,1700,2200,2400,2400,47936,0,770,786.9877651577079,9.731699999974808,2413.37669999848,420.7943090787717
1791563523,100,,Aggregated,136.000000,0.000000,770,830,870,890,980,1400,1600,1700,2200,2400,2400,48111,0,770,786.8378999979192,9.731699999974808,2413.37669999848,420.79784248924364
1791563524,100,,Aggregated,137.700000,0.000000,770,830,870,890,980,1400,1600,1700,2200,2400,2400,48233,0,770,786.6028883544436,9.731699999974808,2413.37669999848,420.80026123193664
1791563525,100,,Aggregated,144.500000,0.000000,770,830,870,890,980,1400,1600,1700,2200,2400,2400,48363,0,770,786.4004900750549,9.731699999974808,2413.37669999848,420.80276244236296
1791563526,100,,Aggregated,145.700000,0.000000,770,830,870,890,980,1400,1600,1700,2200,2400,2400,48543,0,770,785.9349396658617,9.731699999974808,2413.37669999848,420.8064190511505
1791563527,100,,Aggregated,139.300000,0.000000,770,830,870,890,980,1400,1600,1700,2200,2400,2400,48678,0,770,785.541481952832,9.731699999974808,2413.37669999848,420.8091334894614
1791563528,100,,Aggregated,145.300000,0.000000,770,830,870,890,980,1400,1600,1700,2200,2400,2400,48856,0,770,785.0156023477144,9.731699999974808,2413.37669999848,420.8126330440478
1791563529,100,,Aggregated,145.000000,0.000000,770,830,870,890,980,1400,1600,1700,2200,2400,2400,48988,0,770,784.6222234975897,9.731699999974808,2413.37669999848,420.8151179880787
1791563530,100,,Aggregated,146.400000,0.000000,770,830,870,890,980,1400,1600,1700,2200,2400,2400,49154,0,770,784.3285094030986,9.731699999974808,2413.37669999848,420.81824470032956
1791563531,100,,Aggregated,146.200000,0.000000,770,830,860,890,980,1400,1600,1700,2200,2400,2400,49293,0,770,783.9823444322714,9.731699999974808,2413.37669999848,420.8209482076563
1791563532,100,,Aggregated,142.600000,0.000000,770,830,860,890,980,1400,1600,1700,2200,2400,2400,49454,0,770,783.5497550167827,9.731699999974808,2413.37669999848,420.82399805880215
1791563533,100,,Aggregated,147.700000,0.000000,770,830,860,890,980,1400,1600,1700,2200,2400,2400,49588,0,770,783.6229768593198,9.731699999974808,2413.37669999848,420.82657094458335
1791563534,100,,Aggregated,149.400000,0.000000,770,830,860,890,970,1400,1600,1700,2200,2400,2400,49695,0,770,783.7293952912762,9.731699999974808,2413.37669999848,420.8285944259986
1791563535,100,,Aggregated,145.800000,0.000000,770,830,870,890,970,1400,1600,1700,2200,2400,2400,49805,0,770,783.9110140327274,9.731699999974808,2413.37669999848,420.83051902419436
1791563536,100,,Aggregated,146.400000,0.000000,770,830,860,890,970,1400,1600,1700,2200,2400,2400,49921,0,770,783.9195681436667,9.731699999974808,2413.37669999848,420.83275575409147
1791563537,100,,Aggregated,144.700000,0.000000,770,830,860,890,970,1400,1600,1700,2200,2400,2400,50037,0,770,783.9720764134539,9.731699999974808,2413.37669999848,420.83486220197057
1791563538,100,,Aggregated,137.900000,0.000000,770,830,860,890,970,1400,1600,1700,2200,2400,2400,50173,0,770,784.0753846351616,9.731699999974808,2413.37669999848,420.83750224224184
1791563539,100,,Aggregated,135.800000,0.000000,770,830,860,890,970,1400,1600,1700,2200,2400,2400,50289,0,770,784.2229180894419,9.731699999974808,2413.37669999848,420.83960707112885
1791563540,100,,Aggregated,130.200000,0.000000,770,830,870,890,970,1400,1600,1700,2200,2400,2400,50426,0,770,784.4992962241679,9.731699999974808,2413.37669999848,420.8420259389997
1791563541,100,,Aggregated,127.900000,0.000000,770,830,870,890,970,1400,1600,1700,2200,2400,2400,50540,0,770,784.5887642738398,9.731699999974808,2413.37669999848,420.84412346656114
1791563542,100,,Aggregated,128.200000,0.000000,770,830,870,890,970,1400,1600,1700,2200,2400,2400,50648,0,770,784.6798808027937,9.731699999974808,2413.37669999848,420.8460551255726
1791563543,100,,Aggregated,124.400000,0.000000,770,830,870,890,970,1400,1600,1700,2200,2400,2400,50756,0,770,784.7520098155861,9.731699999974808,2413.37669999848,420.848017968319
1791563544,100,,Aggregated,121.500000,0.000000,770,830,860,890,970,1400,1600,1700,2200,2400,2400,50904,0,770,784.637002296477,9.731699999974808,2413.37669999848,420.85069935564985
1791563545,100,,Aggregated,118.500000,0.000000,770,830,860,890,970,1400,1600,1700,2200,2400,2400,51054,0,770,784.5023240039932,9.731699999974808,2413.37669999848,420.8533121792612
1791563546,100,,Aggregated,118.400000,0.000000,770,830,860,890,970,1400,1600,1700,2200,2400,2400,51172,0,770,784.46125856132,9.731699999974808,2413.37669999848,420.8554678339717
1791563547,100,,Aggregated,125.000000,0.000000,770,830,860,890,970,1400,1600,1700,2200,2400,2400,51290,0,770,784.3645058822362,9.731699999974808,2413.37669999848,420.8575940729187
1791563548,100,,Aggregated,124.600000,0.000000,770,830,860,890,970,1400,1600,1700,2200,2400,2400,51403,0,770,784.566589562864,9.731699999974808,2413.37669999848,420.85956072602767
1791563549,100,,Aggregated,125.200000,0.000000,770,830,860,890,970,1400,1600,1700,2200,2400,2400,51566,0,770,784.7009497401364,9.731699999974808,2413.37669999848,420.8623705542412
1791563550,100,,Aggregated,123.400000,0.000000,770,830,860,890,970,1400,1600,1700,2200,2400,2400,51685,0,770,784.7211190945122,9.731699999974808,2413.37669999848,420.864409403115
1791563551,100,,Aggregated,125.200000,0.000000,770,830,860,890,970,1400,1600,1700,2200,2400,2400,51797,0,770,784.7499921520524,9.731699999974808,2413.37669999848,420.8663436106338
1791563552,100,,Aggregated,126.200000,0.000000,770,830,860,890,970,1400,1600,1700,2200,2400,2400,51909,0,770,784.8804443564677,9.731699999974808,2413.37669999848,420.86821167812906
1791563553,100,,Aggregated,125.700000,0.000000,770,830,860,890,970,1400,1600,1700,2200,2400,2400,52019,0,770,784.9816505603694,9.731699999974808,2413.37669999848,420.8701436013764
1791563554,100,,Aggregated,125.900000,0.000000,770,830,860,890,970,1400,1600,1700,2200,2400,2400,52138,0,770,785.096900498674,9.731699999974808,2413.37669999848,420.87218535425217
1791563555,100,,Aggregated,126.000000,0.000000,770,830,860,890,970,1400,1600,1700,2200,2400,2400,52290,0,770,785.2574016905694,9.731699999974808,2413.37669999848,420.8747752916428
1791563556,100,,Aggregated,124.400000,0.000000,770,830,860,890,970,1400,1600,1700,2200,2400,2400,52417,0,770,785.2602105042224,9.731699999974808,2413.37669999848,420.87689108495334
1791563557,100,,Aggregated,118.600000,0.000000,770,830,860,890,970,1400,1600,1700,2200,2400,2400,52528,0,770,785.3311018828028,9.731699999974808,2413.37669999848,420.8787503807493
1791563558,100,,Aggregated,123.400000,0.000000,770,830,860,890,970,1400,1600,1700,2200,2400,2400,52637,0,770,785.3915420958604,9.731699999974808,2413.37669999848,420.8805593023919
1791563559,100,,Aggregated,123.900000,0.000000,770,830,860,890,970,1400,1600,1700,2200,2400,2400,52756,0,770,785.6486798146142,9.731699999974808,2413.37669999848,420.88251573280763
1791563560,100,,Aggregated,124.100000,0.000000,770,830,860,890,970,1400,1600,1700,2200,2400,2400,52934,0,770,785.2966230154497,9.731699999974808,2413.37669999848,420.88553670608684
1791563561,100,,Aggregated,122.300000,0.000000,770,830,860,890,970,1400,1600,1700,2200,2400,2400,53054,0,770,785.0398345251984,9.731699999974808,2413.37669999848,420.8875296867343
1791563562,100,,Aggregated,120.700000,0.000000,770,830,860,890,970,1400,1600,1700,2200,2400,2400,53244,0,770,784.6442115806448,9.731699999974808,2413.37669999848,420.8905980016528
1791563563,100,,Aggregated,125.300000,0.000000,770,830,860,890,970,1400,1600,1700,2200,2400,2400,53366,0,770,784.3657885601297,9.731699999974808,2413.37669999848,420.89262826518757
1791563564,100,,Aggregated,126.800000,0.000000,770,830,860,880,960,1400,1600,1700,2200,2400,2400,53500,0,770,784.0365328971941,9.731699999974808,2413.37669999848,420.8947663551402
1791563565,100,,Aggregated,134.100000,0.000000,770,830,860,880,960,1400,1600,1700,2200,2400,2400,53670,0,770,783.7684623998504,9.731699999974808,2413.37669999848,420.89750326066707
1791563566,100,,Aggregated,135.300000,0.000000,770,830,860,880,960,1400,1600,1700,2200,2400,2400,53791,0,770,783.5257075811934,9.731699999974808,2413.37669999848,420.8994999163429
1791563567,100,,Aggregated,140.800000,0.000000,770,830,860,880,960,1400,1600,1700,2200,2400,2400,53929,0,770,783.3940078306647,9.731699999974808,2413.37669999848,420.9017782640138
1791563568,100,,Aggregated,137.800000,0.000000,770,830,860,880,960,1400,1600,1700,2200,2400,2400,54095,0,770,783.1244310231989,9.731699999974808,2413.37669999848,420.9043534522599
1791563569,100,,Aggregated,137.400000,0.000000,770,830,860,880,960,1400,1600,1700,2200,2400,2400,54221,0,770,782.8977040777548,9.731699999974808,2413.37669999848,420.90621714833736
1791563570,100,,Aggregated,144.900000,0.000000,770,830,860,880,960,1400,1600,1700,2200,2400,2400,54393,0,770,782.7180790598038,9.731699999974808,2413.37669999848,420.9090140275403
1791563571,100,,Aggregated,146.500000,0.000000,770,830,860,880,960,1400,1600,1700,2200,2400,2400,54517,0,770,782.521992824255,9.731699999974808,2413.37669999848,420.91090852394666
1791563572,100,,Aggregated,144.800000,0.000000,770,830,860,880,960,1400,1600,1700,2200,2400,2400,54655,0,770,782.1940041588132,9.731699999974808,2413.37669999848,420.91310950507733
1791563573,100,,Aggregated,146.000000,0.000000,770,830,860,880,960,1400,1600,1700,2200,2400,2400,54829,0,770,781.7782654525879,9.731699999974808,2413.37669999848,420.91577449889655
1791563574,100,,Aggregated,146.200000,0.000000,760,830,860,880,960,1400,1600,1700,2200,2400,2400,54955,0,760,781.5283603257203,9.731699999974808,2413.37669999848,420.91773269038305
1791563575,100,,Aggregated,145.600000,0.000000,760,830,860,880,960,1400,1600,1700,2200,2400,2400,55134,0,760,781.2691687198453,9.731699999974808,2413.37669999848,420.9203939492872
1791563576,100,,Aggregated,146.300000,0.000000,760,830,860,880,960,1400,1600,1700,2200,2400,2400,55257,0,760,781.0654797926045,9.731699999974808,2413.37669999848,420.92227229129344
1791563577,100,,Aggregated,142.100000,0.000000,760,830,860,880,960,1400,1600,1700,2200,2400,2400,55433,0,760,780.6674696967497,9.731699999974808,2413.37669999848,420.92493640971986
1791563578,100,,Aggregated,145.900000,0.000000,760,830,860,880,960,1400,1600,1700,2200,2400,2400,55574,0,760,780.3031439881937,9.731699999974808,2413.37669999848,420.9270882067154
1791563579,100,,Aggregated,147.400000,0.000000,760,830,860,880,960,1400,1600,1700,2200,2400,2400,55704,0,760,780.0148365287929,9.731699999974808,2413.37669999848,420.9289817607353
1791563580,100,,Aggregated,147.000000,0.000000,760,830,860,880,960,1400,1600,1700,2200,2400,2400,55886,0,760,779.6958677629436,9.731699999974808,2413.37669999848,420.9317539276384
1791563581,100,,Aggregated,147.900000,0.000000,760,830,860,880,960,1400,1600,1700,2200,2400,2400,56013,0,760,779.36943800903,9.731699999974808,2413.37669999848,420.93356899291234
1791563582,100,,Aggregated,149.400000,0.000000,760,830,860,880,960,1400,1600,1700,2200,2400,2400,56194,0,760,779.0364386091005,9.731699999974808,2413.37669999848,420.9362921308325
1791563583,100,,Aggregated,148.900000,0.000000,760,830,860,880,960,1400,1600,1700,2200,2400,2400,56320,0,760,778.7791415376379,9.731699999974808,2413.37669999848,420.9381036931818
1791563584,100,,Aggregated,148.800000,0.000000,760,820,860,880,960,1400,1600,1700,2200,2400,2400,56485,0,760,778.4615382189919,9.731699999974808,2413.37669999848,420.9405859962822
1791563585,100,,Aggregated,149.000000,0.000000,760,820,860,880,960,1400,1600,1700,2200,2400,2400,56632,0,760,778.1479148679153,9.731699999974808,2413.37669999848,420.9426119508405
1791563586,100,,Aggregated,149.100000,0.000000,760,820,860,880,960,1400,1600,1700,2200,2400,2400,56773,0,760,777.7805519718834,9.731699999974808,2413.37669999848,420.9446744050869
1791563587,100,,Aggregated,153.200000,0.000000,760,820,860,880,960,1400,1600,1700,2200,2400,2400,56946,0,760,777.4774761370369,9.731699999974808,2413.37669999848,420.9471429073157
1791563588,100,,Aggregated,150.700000,0.000000,760,820,860,880,960,1400,1600,1700,2200,2400,2400,57071,0,760,777.2480480103683,9.731699999974808,2413.37669999848,420.9489758371152
1791563589,100,,Aggregated,150.900000,0.000000,760,820,860,880,960,1400,1600,1700,2200,2400,2400,57252,0,760,776.8893706944704,9.731699999974808,2413.37669999848,420.95146021099697
1791563590,100,,Aggregated,150.200000,0.000000,760,820,860,880,950,1400,1600,1700,2200,2400,2400,57373,0,760,776.7850760723653,9.731699999974808,2413.37669999848,420.95321841284226
1791563591,100,,Aggregated,149.400000,0.000000,760,820,860,880,950,1400,1600,1700,2200,2400,2400,57504,0,760,776.5706205585666,9.731699999974808,2413.37669999848,420.95499443516974
1791563592,100,,Aggregated,152.500000,0.000000,750,820,860,880,950,1400,1600,1700,2200,2400,2400,57678,0,750,776.2932285828191,9.731699999974808,2413.37669999848,420.95747078608827
1791563593,100,,Aggregated,148.500000,0.000000,750,820,860,880,950,1400,1600,1700,2200,2400,2400,57806,0,750,776.0303749887534,9.731699999974808,2413.37669999848,420.9592083866727
1791563594,100,,Aggregated,148.700000,0.000000,750,820,860,880,950,1400,1600,1700,2200,2400,2400,57983,0,750,775.7626726971675,9.731699999974808,2413.37669999848,420.96169566942035
1791563595,100,,Aggregated,148.200000,0.000000,750,820,860,880,950,1400,1600,1700,2200,2400,2400,58105,0,750,775.610131135012,9.731699999974808,2413.37669999848,420.96332501505896
1791563596,100,,Aggregated,147.700000,0.000000,750,820,850,880,950,1400,1600,1700,2200,2400,2400,58235,0,750,775.4270045367882,9.731699999974808,2413.37669999848,420.9651068944793
1791563597,100,,Aggregated,146.900000,0.000000,750,820,850,880,950,1400,1600,1700,2200,2400,2400,58412,0,750,775.1353652057766,9.731699999974808,2413.37669999848,420.9675066767103
1791563598,100,,Aggregated,146.600000,0.000000,750,820,850,880,950,1400,1600,1700,2200,2400,2400,58543,0,750,774.8580806586571,9.731699999974808,2413.37669999848,420.96932169516424
1791563599,100,,Aggregated,145.800000,0.000000,750,820,850,880,950,1400,1600,1700,2200,2400,2400,58722,0,750,774.4917870287072,9.731699999974808,2413.37669999848,420.9717141786724
1791563600,100,,Aggregated,146.800000,0.000000,750,820,850,880,950,1400,1600,1700,2200,2400,2400,58849,0,750,774.3543112695168,9.731699999974808,2413.37669999848,420.9734235076212
1791563601,100,,Aggregated,147.000000,0.000000,750,820,850,880,950,1400,1600,1700,2200,2400,2400,58987,0,750,774.10518566972,9.731699999974808,2413.37669999848,420.97528268940613
1791563602,100,,Aggregated,146.500000,0.000000,750,820,850,870,950,1400,1600,1700,2200,2400,2400,59158,0,750,773.7630297508326,9.731699999974808,2413.37669999848,420.9775516413672
1791563603,100,,Aggregated,147.300000,0.000000,750,820,850,870,950,1400,1600,1700,2200,2400,2400,59277,0,750,773.5887229549363,9.731699999974808,2413.37669999848,420.9790981324966
1791563604,100,,Aggregated,148.000000,0.000000,750,820,850,870,950,1400,1600,1700,2200,2400,2400,59465,0,750,773.287406052296,9.731699999974808,2413.37669999848,420.9815858067771
1791563605,100,,Aggregated,148.100000,0.000000,750,820,850,870,950,1400,1600,1700,2200,2400,2400,59586,0,750,772.9991800892786,9.731699999974808,2413.37669999848,420.9831839693888
1791563606,100,,Aggregated,147.300000,0.000000,750,820,850,870,950,1400,1600,1700,2200,2400,2400,59774,0,750,772.6582902867431,9.731699999974808,2413.37669999848,420.98561247365075
1791563607,100,,Aggregated,149.900000,0.000000,750,820,850,870,950,1400,1600,1700,2200,2400,2400,59897,0,750,772.4112102659527,9.731699999974808,2413.37669999848,420.98714459822696
1791563608,100,,Aggregated,148.200000,0.000000,750,820,850,870,950,1300,1600,1700,2200,2400,2400,60084,0,750,772.0652349527298,9.731699999974808,2413.37669999848,420.98959789627855
1791563609,100,,Aggregated,154.200000,0.000000,750,820,850,870,950,1300,1600,1700,2200,2400,2400,60209,0,750,771.7916323921639,9.731699999974808,2413.37669999848,420.9911807204903
1791563610,100,,Aggregated,148.300000,0.000000,750,820,850,870,950,1300,1600,1700,2200,2400,2400,60327,0,750,771.5929602251033,9.731699999974808,2413.37669999848,420.9926566877186
1791563611,100,,Aggregated,153.100000,0.000000,750,820,850,870,950,1300,1600,1700,2200,2400,2400,60441,0,750,771.8128081881481,9.731699999974808,2413.37669999848,420.99412650353236
1791563612,100,,Aggregated,150.000000,0.000000,750,820,850,870,950,1300,1600,1700,2200,2400,2400,60561,0,750,772.037037715689,9.731699999974808,2413.37669999848,420.99570680801173
1791563613,100,,Aggregated,146.300000,0.000000,750,820,850,870,950,1300,1600,1700,2200,2400,2400,60655,0,750,772.181433585027,9.731699999974808,2413.37669999848,420.99678509603496
1791563614,100,,Aggregated,143.300000,0.000000,750,820,850,870,950,1300,1600,1700,2200,2400,2400,60742,0,750,772.6142111520822,9.731699999974808,2413.37669999848,420.9979585789075
1791563615,100,,Aggregated,137.100000,0.000000,750,820,850,880,950,1300,1600,1700,2200,2400,2400,60839,0,750,773.2320724748894,9.731699999974808,2413.37669999848,420.9991617219218
1791563616,100,,Aggregated,134.900000,0.000000,750,820,850,880,950,1300,1600,1700,2200,2400,2400,60945,0,750,773.7306607121138,9.731699999974808,2413.37669999848,421.0004594306342
1791563617,100,,Aggregated,126.000000,0.000000,750,820,850,880,960,1300,1600,1700,2200,2400,2400,61040,0,750,774.2567719806648,9.731699999974808,2413.37669999848,421.0016710353866
1791563618,100,,Aggregated,123.500000,0.000000,750,820,850,880,960,1300,1600,1700,2200,2400,2400,61062,0,750,774.5149372080799,9.731699999974808,2413.37669999848,421.001899708493
1791563619,100,,Aggregated,111.900000,0.000000,750,820,850,880,960,1400,1600,1700,2200,2400,2400,61163,0,750,775.74110340565,9.731699999974808,2413.37669999848,421.00318820201755
1791563620,100,,Aggregated,104.800000,0.000000,750,820,860,880,960,1400,1600,1700,2200,2400,2400,61265,0,750,776.0815765641029,9.731699999974808,2413.37669999848,421.0044560515792
1791563621,100,,Aggregated,96.600000,0.000000,750,820,860,880,960,1400,1600,1700,2200,2400,2400,61382,0,750,776.3406694910531,9.731699999974808,2413.37669999848,421.0058812029585
1791563622,100,,Aggregated,93.600000,0.000000,750,820,860,880,960,1400,1600,1700,2200,2400,2400,61550,0,750,776.4227192916297,9.731699999974808,2413.37669999848,421.0079610073111
1791563623,100,,Aggregated,93.500000,0.000000,750,820,860,880,960,1400,1600,1700,2200,2400,2400,61658,0,750,776.5514371435944,9.731699999974808,2413.37669999848,421.00927697946736
1791563624,100,,Aggregated,94.200000,0.000000,750,820,860,880,960,1400,1600,1700,2200,2400,2400,61764,0,750,776.7567143287305,9.731699999974808,2413.37669999848,421.01055631111973
1791563625,100,,Aggregated,94.400000,0.000000,750,820,860,880,960,1400,1600,1700,2200,2400,2400,61874,0,750,776.966568245139,9.731699999974808,2413.37669999848,421.01189514173967
1791563626,100,,Aggregated,95.900000,0.000000,750,820,860,880,960,1300,1600,1700,2200,2400,2400,61984,0,750,776.9924021989507,9.731699999974808,2413.37669999848,421.01324535363966
1791563627,100,,Aggregated,97.200000,0.000000,750,820,860,880,960,1300,1600,1700,2200,2400,2400,62100,0,750,777.0787945008009,9.731699999974808,2413.37669999848,421.0145571658615
1791563628,100,,Aggregated,104.000000,0.000000,750,820,860,880,960,1300,1600,1700,2200,2400,2400,62274,0,750,777.1691367649371,9.731699999974808,2413.37669999848,421.0167164466712
1791563629,100,,Aggregated,107.400000,0.000000,750,820,860,880,960,1300,1600,1700,2200,2400,2400,62400,0,750,776.8920284727517,9.731699999974808,2413.37669999848,421.0182371794872
1791563630,100,,Aggregated,113.500000,0.000000,750,820,860,880,960,1300,1600,1700,2200,2400,2400,62582,0,750,776.5539658416114,9.731699999974808,2413.37669999848,421.0203572912339
1791563631,100,,Aggregated,117.600000,0.000000,750,820,860,880,960,1300,1600,1700,2200,2400,2400,62704,0,750,776.3650605575358,9.731699999974808,2413.37669999848,421.0217370502679
1791563632,100,,Aggregated,124.700000,0.000000,750,820,860,880,960,1300,1600,1700,2200,2400,2400,62840,0,750,776.1521773520013,9.731699999974808,2413.37669999848,421.0233768300446
1791563633,100,,Aggregated,126.800000,0.000000,750,820,860,880,960,1300,1600,1700,2200,2400,2400,63014,0,750,775.8524649887296,9.731699999974808,2413.37669999848,421.02539118291173
1791563634,100,,Aggregated,133.400000,0.000000,750,820,860,880,960,1300,1600,1700,2200,2400,2400,63145,0,750,775.5671456821572,9.731699999974808,2413.37669999848,421.0269696729749
1791563635,100,,Aggregated,134.200000,0.000000,750,820,860,880,960,1300,1600,1700,2200,2400,2400,63322,0,750,775.3102711300944,9.731699999974808,2413.37669999848,421.02896307760335
1791563636,100,,Aggregated,141.800000,0.000000,750,820,860,880,960,1300,1600,1700,2200,2400,2400,63446,0,750,775.0859764492615,9.731699999974808,2413.37669999848,421.0304195693976
1791563637,100,,Aggregated,143.200000,0.000000,750,820,850,880,960,1300,1600,1700,2200,2400,2400,63607,0,750,774.8910246450831,9.731699999974808,2413.37669999848,421.03232348640876
1791563638,100,,Aggregated,140.800000,0.000000,750,820,850,880,950,1300,1600,1700,2200,2400,2400,63753,0,750,774.6394420639002,9.731699999974808,2413.37669999848,421.033943500698
1791563639,100,,Aggregated,146.300000,0.000000,750,820,850,880,950,1300,1600,1700,2200,2400,2400,63902,0,750,774.3482823808303,9.731699999974808,2413.37669999848,421.0355544427404
1791563640,100,,Aggregated,148.000000,0.000000,750,820,850,880,950,1300,1600,1700,2200,2400,2400,64055,0,750,774.2325693450914,9.731699999974808,2413.37669999848,421.0373585200219
1791563641,100,,Aggregated,152.300000,0.000000,750,820,850,880,950,1300,1600,1700,2200,2400,2400,64166,0,750,774.3018433734352,9.731699999974808,2413.37669999848,421.0386185830502
1791563642,100,,Aggregated,147.300000,0.000000,750,820,850,880,950,1300,1600,1700,2200,2400,2400,64279,0,750,774.4458810466849,9.731699999974808,2413.37669999848,421.0399041677686
1791563643,100,,Aggregated,146.700000,0.000000,750,820,850,880,950,1300,1600,1700,2200,2400,2400,64385,0,750,774.6551606398986,9.731699999974808,2413.37669999848,421.04104993399085
1791563644,100,,Aggregated,140.200000,0.000000,750,820,860,880,960,1300,1600,1700,2200,2400,2400,64488,0,750,775.0061896352784,9.731699999974808,2413.37669999848,421.0421783897779
1791563645,100,,Aggregated,139.200000,0.000000,750,820,860,880,960,1300,1600,1700,2200,2400,2400,64602,0,750,775.1095207656081,9.731699999974808,2413.37669999848,421.0434042289712
1791563646,100,,Aggregated,131.000000,0.000000,750,820,860,880,960,1300,1600,1700,2200,2400,2400,64710,0,750,775.2826749003216,9.731699999974808,2413.37669999848,421.04464534075106
1791563647,100,,Aggregated,130.200000,0.000000,750,820,860,880,950,1300,1600,1700,2200,2400,2400,64823,0,750,775.4210884994487,9.731699999974808,2413.37669999848,421.0459096308409
1791563648,100,,Aggregated,129.700000,0.000000,750,820,860,880,950,1300,1600,1700,2200,2400,2400,64938,0,750,775.566622857183,9.731699999974808,2413.37669999848,421.04715266869937
1791563649,100,,Aggregated,126.000000,0.000000,750,820,860,880,950,1300,1600,1700,2100,2400,2400,65103,0,750,775.7104699614404,9.731699999974808,2413.37669999848,421.04893783696605
1791563650,100,,Aggregated,123.700000,0.000000,750,820,860,880,950,1300,1600,1700,2100,2400,2400,65212,0,750,775.7123227611422,9.731699999974808,2413.37669999848,421.05011347604733
1791563651,100,,Aggregated,116.900000,0.000000,750,820,860,880,950,1300,1600,1700,2100,2400,2400,65318,0,750,775.8849313405124,9.731699999974808,2413.37669999848,421.05127223736184
1791563652,100,,Aggregated,116.200000,0.000000,750,820,860,880,950,1300,1600,1700,2100,2400,2400,65436,0,750,776.0472350647896,9.731699999974808,2413.37669999848,421.05258573262427
1791563653,100,,Aggregated,115.900000,0.000000,750,820,860,880,950,1300,1600,1700,2100,2400,2400,65553,0,750,776.0658250713095,9.731699999974808,2413.37669999848,421.05388006651106
1791563654,100,,Aggregated,115.600000,0.000000,750,820,860,880,950,1300,1600,1700,2100,2400,2400,65685,0,750,776.0829081723308,9.731699999974808,2413.37669999848,421.055370328081
1791563655,100,,Aggregated,120.400000,0.000000,750,820,860,880,950,1300,1600,1700,2100,2400,2400,65816,0,750,776.2318715996036,9.731699999974808,2413.37669999848,421.05668834326
1791563656,100,,Aggregated,121.200000,0.000000,750,820,860,880,950,1300,1600,1700,2100,2400,2400,65941,0,750,776.3405409381044,9.731699999974808,2413.37669999848,421.0580215647321
1791563657,100,,Aggregated,121.300000,0.000000,750,820,860,880,950,1300,1600,1700,2100,2400,2400,66061,0,750,776.4376166542968,9.731699999974808,2413.37669999848,421.05930882063547
1791563658,100,,Aggregated,118.900000,0.000000,750,820,860,880,950,1300,1600,1700,2100,2400,2400,66170,0,750,776.460279596486,9.731699999974808,2413.37669999848,421.06043524255705
1791563659,100,,Aggregated,117.400000,0.000000,750,820,860,880,950,1300,1600,1700,2100,2400,2400,66283,0,750,776.6251483623173,9.731699999974808,2413.37669999848,421.0616749392755
1791563660,100,,Aggregated,119.200000,0.000000,750,820,860,880,950,1300,1600,1700,2100,2400,2400,66396,0,750,776.7152581616283,9.731699999974808,2413.37669999848,421.0628802939936
1791563661,100,,Aggregated,119.800000,0.000000,750,820,860,880,950,1300,1600,1700,2100,2400,2400,66524,0,750,776.775434987365,9.731699999974808,2413.37669999848,421.06414226444593
1791563662,100,,Aggregated,123.300000,0.000000,750,820,860,880,950,1300,1600,1700,2100,2400,2400,66675,0,750,776.9051035425499,9.731699999974808,2413.37669999848,421.06578177727783
1791563663,100,,Aggregated,123.400000,0.000000,750,820,860,880,950,1300,1600,1700,2100,2400,2400,66790,0,750,776.9716378349976,9.731699999974808,2413.37669999848,421.0669561311574
1791563664,100,,Aggregated,123.800000,0.000000,750,820,860,880,950,1300,1600,1700,2100,2400,2400,66906,0,750,776.984998324507,9.731699999974808,2413.37669999848,421.0681104833647
1791563665,100,,Aggregated,118.700000,0.000000,750,820,860,880,950,1300,1600,1700,2100,2400,2400,67022,0,750,777.0041549177805,9.731699999974808,2413.37669999848,421.0693503625675
1791563666,100,,Aggregated,119.100000,0.000000,750,820,860,880,950,1300,1600,1700,2100,2400,2400,67137,0,750,776.9896883491888,9.731699999974808,2413.37669999848,421.0705423239049
1791563667,100,,Aggregated,120.300000,0.000000,760,820,860,880,950,1300,1600,1700,2100,2400,2400,67307,0,760,777.1673791046932,9.731699999974808,2413.37669999848,421.07223617157206
1791563668,100,,Aggregated,124.600000,0.000000,760,820,860,880,950,1300,1600,1700,2100,2400,2400,67417,0,760,777.150538892262,9.731699999974808,2413.37669999848,421.0733791180266
1791563669,100,,Aggregated,124.700000,0.000000,760,820,860,880,950,1300,1600,1700,2100,2400,2400,67524,0,760,777.1340990832836,9.731699999974808,2413.37669999848,421.0744476038149
1791563670,100,,Aggregated,122.700000,0.000000,760,820,860,880,950,1300,1600,1700,2100,2400,2400,67645,0,760,777.1788966353712,9.731699999974808,2413.37669999848,421.07571882622517
1791563671,100,,Aggregated,123.400000,0.000000,760,820,860,880,950,1300,1600,1700,2100,2400,2400,67799,0,760,777.2485709494192,9.731699999974808,2413.37669999848,421.0772430271833
1791563672,100,,Aggregated,125.500000,0.000000,760,820,860,880,950,1300,1600,1700,2100,2400,2400,67928,0,760,777.2330433826947,9.731699999974808,2413.37669999848,421.07856848427747
1791563673,100,,Aggregated,124.400000,0.000000,760,820,860,880,950,1300,1600,1700,2100,2400,2400,68041,0,760,777.277984676881,9.731699999974808,2413.37669999848,421.07968724739493
1791563674,100,,Aggregated,124.300000,0.000000,760,820,860,880,950,1300,1600,1700,2100,2400,2400,68150,0,760,777.3699643286818,9.731699999974808,2413.37669999848,421.08073367571535
1791563675,100,,Aggregated,124.900000,0.000000,760,820,860,880,950,1300,1600,1700,2100,2400,2400,68259,0,760,777.5339270777437,9.731699999974808,2413.37669999848,421.08186466253534
1791563676,100,,Aggregated,125.300000,0.000000,760,820,860,880,950,1300,1600,1700,2100,2400,2400,68376,0,760,777.6175282950115,9.731699999974808,2413.37669999848,421.08305545805547
1791563677,100,,Aggregated,124.300000,0.000000,760,820,860,880,950,1300,1600,1700,2100,2400,2400,68523,0,760,777.725209557371,9.731699999974808,2413.37669999848,421.08446798885046
1791563678,100,,Aggregated,123.400000,0.000000,760,820,860,880,950,1300,1600,1700,2100,2400,2400,68650,0,760,777.9321078747237,9.731699999974808,2413.37669999848,421.08573925710124
1791563679,100,,Aggregated,123.700000,0.000000,760,820,860,880,950,1300,1600,1700,2100,2400,2400,68746,0,760,778.2003196505946,9.731699999974808,2413.37669999848,421.0866523143165
1791563680,100,,Aggregated,124.000000,0.000000,760,820,860,880,950,1300,1600,1700,2100,2400,2400,68873,0,760,778.2145086797404,9.731699999974808,2413.37669999848,421.08791543856086
1791563681,100,,Aggregated,122.200000,0.000000,760,820,860,880,950,1300,1600,1700,2100,2400,2400,69004,0,760,777.9817110616741,9.731699999974808,2413.37669999848,421.0891397600139
1791563682,100,,Aggregated,115.500000,0.000000,760,820,860,880,950,1300,1600,1700,2100,2400,2400,69179,0,760,777.7421084187358,9.731699999974808,2413.37669999848,421.09090909090907
1791563683,100,,Aggregated,118.500000,0.000000,760,820,860,880,950,1200,1600,1700,2100,2400,2400,69303,0,760,777.5359798493538,9.731699999974808,2413.37669999848,421.0920306480239
1791563684,100,,Aggregated,124.700000,0.000000,760,820,860,880,950,1200,1600,1700,2100,2400,2400,69483,0,760,777.330184314145,9.731699999974808,2413.37669999848,421.09380711828794
1791563685,100,,Aggregated,125.700000,0.000000,760,820,860,880,950,1200,1600,1700,2100,2400,2400,69617,0,760,777.0849565723846,9.731699999974808,2413.37669999848,421.09507735179625
1791563686,100,,Aggregated,131.100000,0.000000,760,820,860,880,950,1200,1600,1700,2100,2400,2400,69778,0,760,776.772111179737,9.731699999974808,2413.37669999848,421.096620711399
1791563687,100,,Aggregated,131.900000,0.000000,760,820,860,880,950,1200,1600,1700,2100,2400,2400,69929,0,760,776.4789672210338,9.731699999974808,2413.37669999848,421.0980136996096
1791563688,100,,Aggregated,134.700000,0.000000,750,820,860,880,950,1200,1600,1700,2100,2400,2400,70094,0,750,776.1574798855779,9.731699999974808,2413.37669999848,421.0995662966873
1791563689,100,,Aggregated,137.500000,0.000000,750,820,850,880,950,1200,1600,1700,2100,2400,2400,70234,0,750,775.9658515633414,9.731699999974808,2413.37669999848,421.10089130620497
1791563690,100,,Aggregated,143.000000,0.000000,750,820,850,880,950,1200,1600,1700,2100,2400,2400,70371,0,750,775.7176297736248,9.731699999974808,2413.37669999848,421.10232908442396
1791563691,100,,Aggregated,146.900000,0.000000,750,820,850,880,950,1200,1600,1700,2100,2400,2400,70543,0,750,775.4451668046405,9.731699999974808,2413.37669999848,421.1037806727811
1791563692,100,,Aggregated,149.500000,0.000000,750,820,850,880,950,1200,1600,1700,2100,2400,2400,70662,0,750,775.3718276400298,9.731699999974808,2413.37669999848,421.1049503269084
1791563693,100,,Aggregated,153.400000,0.000000,750,820,850,880,950,1200,1600,1700,2100,2400,2400,70813,0,750,775.2710315238701,9.731699999974808,2413.37669999848,421.1063222854561
1791563694,100,,Aggregated,148.100000,0.000000,750,820,850,880,950,1200,1600,1700,2100,2400,2400,70959,0,750,775.0799599909783,9.731699999974808,2413.37669999848,421.107681900816
1791563695,100,,Aggregated,152.600000,0.000000,750,820,850,880,950,1200,1600,1700,2100,2400,2400,71084,0,750,775.1482401313909,9.731699999974808,2413.37669999848,421.10882899105286
1791563696,100,,Aggregated,147.800000,0.000000,750,820,850,880,950,1200,1600,1600,2100,2400,2400,71224,0,750,774.927816481801,9.731699999974808,2413.37669999848,421.110089295743
1791563697,100,,Aggregated,146.600000,0.000000,750,820,850,880,950,1200,1600,1600,2100,2400,2400,71388,0,750,774.70986181991,9.731699999974808,2413.37669999848,421.1116013895893
1791563698,100,,Aggregated,143.900000,0.000000,750,820,850,870,950,1200,1600,1600,2100,2400,2400,71503,0,750,774.6429366460102,9.731699999974808,2413.37669999848,421.11256870341106
1791563699,100,,Aggregated,145.900000,0.000000,750,820,850,870,940,1200,1600,1600,2100,2400,2400,71648,0,750,774.5724527006993,9.731699999974808,2413.37669999848,421.11390408664585
1791563700,100,,Aggregated,141.300000,0.000000,750,820,850,870,940,1200,1600,1600,2100,2400,2400,71794,0,750,774.519183729834,9.731699999974808,2413.37669999848,421.1153021143828
1791563701,100,,Aggregated,143.400000,0.000000,750,820,850,870,940,1200,1500,1600,2100,2400,2400,71922,0,750,774.3755679694625,9.731699999974808,2413.37669999848,421.1163482661772
1791563702,100,,Aggregated,142.900000,0.000000,750,820,850,870,940,1200,1500,1600,2100,2400,2400,72062,0,750,774.2658552440907,9.731699999974808,2413.37669999848,421.11770419916184
1791563703,100,,Aggregated,137.600000,0.000000,750,820,850,870,940,1200,1500,1600,2100,2400,2400,72224,0,750,774.0593557155469,9.731699999974808,2413.37669999848,421.1190601462118
1791563704,100,,Aggregated,141.000000,0.000000,750,820,850,870,940,1200,1500,1600,2100,2400,2400,72350,0,750,773.8845279253584,9.731699999974808,2413.37669999848,421.12024879060124
1791563705,100,,Aggregated,138.500000,0.000000,750,820,850,870,940,1200,1500,1600,2100,2400,2400,72534,0,750,773.6057735985837,9.731699999974808,2413.37669999848,421.12186009319765
1791563706,100,,Aggregated,138.400000,0.000000,750,820,850,870,940,1200,1500,1600,2100,2400,2400,72666,0,750,773.3146970880429,9.731699999974808,2413.37669999848,421.1230148900449
1791563707,100,,Aggregated,144.700000,0.000000,750,820,850,870,940,1200,1500,1600,2100,2400,2400,72841,0,750,773.1452133551122,9.731699999974808,2413.37669999848,421.12450405678123
1791563708,100,,Aggregated,142.700000,0.000000,750,820,850,870,940,1200,1500,1600,2100,2400,2400,72964,0,750,772.9818413971235,9.731699999974808,2413.37669999848,421.1256098898087
1791563709,100,,Aggregated,145.300000,0.000000,750,820,850,870,940,1200,1500,1600,2100,2400,2400,73116,0,750,772.7591246731188,9.731699999974808,2413.37669999848,421.1269352809235
1791563710,100,,Aggregated,145.300000,0.000000,750,820,850,870,940,1200,1500,1600,2100,2400,2400,73267,0,750,772.5832254862314,9.731699999974808,2413.37669999848,421.12820232846985
1791563711,100,,Aggregated,143.200000,0.000000,750,820,850,870,940,1200,1500,1600,2100,2400,2400,73400,0,750,772.4128392397791,9.731699999974808,2413.37669999848,421.12945504087196
1791563712,100,,Aggregated,146.200000,0.000000,750,820,850,870,940,1200,1500,1600,2100,2400,2400,73565,0,750,772.2734595432585,9.731699999974808,2413.37669999848,421.13078230136614
1791563713,100,,Aggregated,147.500000,0.000000,750,820,850,870,940,1200,1500,1600,2100,2400,2400,73698,0,750,772.0891305272843,9.731699999974808,2413.37669999848,421.1318488968493
1791563714,100,,Aggregated,148.600000,0.000000,750,820,850,870,940,1200,1500,1600,2100,2400,2400,73881,0,750,771.7813208578631,9.731699999974808,2413.37669999848,421.13348492846603
1791563715,100,,Aggregated,146.600000,0.000000,750,820,850,870,940,1200,1500,1600,2100,2400,2400,74003,0,750,771.6311245476503,9.731699999974808,2413.37669999848,421.13446752158694
1791563716,100,,Aggregated,151.100000,0.000000,750,820,850,870,940,1200,1500,1600,2100,2400,2400,74138,0,750,771.5029728479286,9.731699999974808,2413.37669999848,421.1356254552321
1791563717,100,,Aggregated,147.200000,0.000000,750,820,850,870,940,1200,1500,1600,2100,2400,2400,74315,0,750,771.1888355284905,9.731699999974808,2413.37669999848,421.137092107919
1791563718,100,,Aggregated,147.000000,0.000000,750,810,850,870,940,1200,1500,1600,2100,2400,2400,74438,0,750,771.0206592130334,9.731699999974808,2413.37669999848,421.13811494129345
1791563719,100,,Aggregated,146.300000,0.000000,750,810,850,870,940,1200,1500,1600,2100,2400,2400,74622,0,750,770.8149576920986,9.731699999974808,2413.37669999848,421.13965050521296
1791563720,100,,Aggregated,147.700000,0.000000,750,810,850,870,940,1200,1500,1600,2100,2400,2400,74751,0,750,770.5893426014343,9.731699999974808,2413.37669999848,421.14077403646775
1791563721,100,,Aggregated,149.400000,0.000000,740,810,850,870,940,1200,1500,1600,2100,2400,2400,74932,0,740,770.3772790463323,9.731699999974808,2413.37669999848,421.14223562696844
1791563722,100,,Aggregated,148.000000,0.000000,740,810,850,870,940,1200,1500,1600,2100,2400,2400,75055,0,740,770.2338665525252,9.731699999974808,2413.37669999848,421.14324162280997
1791563723,100,,Aggregated,149.700000,0.000000,740,810,850,870,940,1200,1500,1600,2100,2400,2400,75205,0,740,769.9661196529452,9.731699999974808,2413.37669999848,421.1443919952131
1791563724,100,,Aggregated,148.500000,0.000000,740,810,850,870,940,1100,1500,1600,2100,2400,2400,75366,0,740,769.7475025342966,9.731699999974808,2413.37669999848,421.14580845474086
1791563725,100,,Aggregated,148.600000,0.000000,740,810,850,870,940,1100,1500,1600,2100,2400,2400,75502,0,740,769.5122523721199,9.731699999974808,2413.37669999848,421.146923260311
1791563726,100,,Aggregated,149.400000,0.000000,740,810,850,870,940,1100,1500,1600,2100,2400,2400,75681,0,740,769.2451696502395,9.731699999974808,2413.37669999848,421.1484124152694
1791563727,100,,Aggregated,148.400000,0.000000,740,810,850,870,940,1100,1500,1600,2100,2400,2400,75812,0,740,769.030568093439,9.731699999974808,2413.37669999848,421.14942225505195
1791563728,100,,Aggregated,153.900000,0.000000,740,810,850,870,940,1100,1500,1600,2100,2400,2400,75994,0,740,768.7027720517393,9.731699999974808,2413.37669999848,421.15088033265783
1791563729,100,,Aggregated,149.000000,0.000000,740,810,850,870,940,1100,1500,1600,2100,2400,2400,76116,0,740,768.5104940630076,9.731699999974808,2413.37669999848,421.1518603184613
1791563730,100,,Aggregated,154.800000,0.000000,740,810,850,870,940,1100,1500,1600,2100,2400,2400,76304,0,740,768.2295067152428,9.731699999974808,2413.37669999848,421.15334713776474
1791563731,100,,Aggregated,151.100000,0.000000,740,810,850,870,940,1100,1500,1600,2100,2400,2400,76429,0,740,768.0194640777698,9.731699999974808,2413.37669999848,421.1543524055005
1791563732,100,,Aggregated,153.100000,0.000000,740,810,850,870,940,1100,1500,1600,2100,2400,2400,76612,0,740,767.8407347543445,9.731699999974808,2413.37669999848,421.1557588889469
1791563733,100,,Aggregated,152.700000,0.000000,740,810,850,870,940,1100,1500,1600,2100,2400,2400,76741,0,740,767.6185973586457,9.731699999974808,2413.37669999848,421.15682620763346
1791563734,100,,Aggregated,152.200000,0.000000,740,810,850,870,940,1100,1500,1600,2100,2400,2400,76921,0,740,767.2938379688236,9.731699999974808,2413.37669999848,421.1582142717853
1791563735,100,,Aggregated,155.000000,0.000000,740,810,850,870,940,1100,1500,1600,2100,2400,2400,77054,0,740,767.140016317127,9.731699999974808,2413.37669999848,421.1592649310873
1791563736,100,,Aggregated,151.400000,0.000000,740,810,850,870,940,1100,1500,1600,2100,2400,2400,77184,0,740,767.022698905213,9.731699999974808,2413.37669999848,421.16027933250416
1791563737,100,,Aggregated,155.500000,0.000000,740,810,850,870,940,1100,1500,1600,2100,2400,2400,77347,0,740,766.8693974504504,9.731699999974808,2413.37669999848,421.1615317982598
1791563738,100,,Aggregated,150.600000,0.000000,740,810,850,870,940,1100,1500,1600,2100,2400,2400,77474,0,740,766.8067073753772,9.731699999974808,2413.37669999848,421.16254485375737
1791563739,100,,Aggregated,154.000000,0.000000,740,810,850,870,940,1100,1500,1600,2100,2400,2400,77623,0,740,766.6742119127063,9.731699999974808,2413.37669999848,421.163649949113
1791563740,100,,Aggregated,147.600000,0.000000,740,810,850,870,940,1100,1500,1600,2100,2400,2400,77778,0,740,766.4928009642828,9.731699999974808,2413.37669999848,421.16486667180953
1791563741,100,,Aggregated,148.300000,0.000000,740,810,840,870,940,1100,1500,1600,2100,2400,2400,77914,0,740,766.319716868599,9.731699999974808,2413.37669999848,421.16587519572863
1791563742,100,,Aggregated,149.000000,0.000000,740,810,840,870,930,1100,1500,1600,2100,2400,2400,78082,0,740,766.1379615353094,9.731699999974808,2413.37669999848,421.16722163879
1791563743,100,,Aggregated,147.400000,0.000000,740,810,840,870,930,1100,1500,1600,2100,2400,2400,78201,0,740,766.074530585287,9.731699999974808,2413.37669999848,421.16811805475635
1791563744,100,,Aggregated,149.400000,0.000000,740,810,840,870,930,1100,1500,1600,2100,2400,2400,78329,0,740,766.0089152446743,9.731699999974808,2413.37669999848,421.16903062722616
1791563745,100,,Aggregated,147.300000,0.000000,740,810,840,870,930,1100,1500,1600,2100,2400,2400,78509,0,740,765.7694188424271,9.731699999974808,2413.37669999848,421.17037537097656
1791563746,100,,Aggregated,144.300000,0.000000,740,810,840,870,930,1100,1500,1600,2100,2400,2400,78644,0,740,765.5313584062367,9.731699999974808,2413.37669999848,421.17134174253596
1791563747,100,,Aggregated,145.500000,0.000000,740,810,840,870,930,1100,1500,1600,2100,2400,2400,78824,0,740,765.2853314624997,9.731699999974808,2413.37669999848,421.1727265807368
1791563748,100,,Aggregated,145.200000,0.000000,740,810,840,870,930,1100,1500,1600,2100,2400,2400,78951,0,740,765.1074210826977,9.731699999974808,2413.37669999848,421.1736900102595
1791563749,100,,Aggregated,147.400000,0.000000,740,810,840,870,930,1100,1500,1600,2100,2400,2400,79135,0,740,764.8041630391115,9.731699999974808,2413.37669999848,421.175055285272
1791563750,100,,Aggregated,147.500000,0.000000,740,810,840,870,930,1100,1500,1600,2100,2400,2400,79269,0,740,764.5936301732092,9.731699999974808,2413.37669999848,421.17605873670664
1791563751,100,,Aggregated,148.500000,0.000000,730,810,840,860,930,1100,1500,1600,2100,2400,2400,79449,0,730,764.280003442461,9.731699999974808,2413.37669999848,421.17739682060187
1791563752,100,,Aggregated,148.900000,0.000000,730,810,840,860,930,1100,1500,1600,2100,2400,2400,79580,0,730,764.0788437760762,9.731699999974808,2413.37669999848,421.178323699422
1791563753,100,,Aggregated,150.700000,0.000000,730,810,840,860,930,1100,1500,1600,2100,2400,2400,79757,0,730,763.8721957019455,9.731699999974808,2413.37669999848,421.1796331356495
1791563754,100,,Aggregated,150.000000,0.000000,730,810,840,860,930,1100,1500,1600,2100,2400,2400,79885,0,730,763.7099380722299,9.731699999974808,2413.37669999848,421.1805595543594
1791563755,100,,Aggregated,150.400000,0.000000,730,800,840,860,930,1100,1500,1600,2100,2300,2400,80019,0,730,763.6427781701868,9.731699999974808,2413.37669999848,421.1814569039853
1791563756,100,,Aggregated,156.100000,0.000000,730,800,840,860,930,1100,1500,1600,2100,2300,2400,80190,0,730,763.437034974438,9.731699999974808,2413.37669999848,421.18276593091406
1791563757,100,,Aggregated,150.100000,0.000000,730,800,840,860,930,1100,1500,1600,2100,2300,2400,80318,0,730,763.2805056512881,9.731699999974808,2413.37669999848,421.1836699120994
1791563758,100,,Aggregated,155.000000,0.000000,730,800,840,860,930,1100,1500,1600,2100,2300,2400,80487,0,730,763.230815660916,9.731699999974808,2413.37669999848,421.18489942475185
1791563759,100,,Aggregated,149.300000,0.000000,730,800,840,860,930,1100,1500,1600,2100,2300,2400,80615,0,730,763.0430722036862,9.731699999974808,2413.37669999848,421.18578428332194
1791563760,100,,Aggregated,150.100000,0.000000,730,800,840,860,930,1100,1500,1600,2100,2300,2400,80767,0,730,762.8637836046913,9.731699999974808,2413.37669999848,421.186858494187
1791563761,100,,Aggregated,152.500000,0.000000,730,800,840,860,930,1100,1500,1600,2100,2300,2400,80914,0,730,762.752331406186,9.731699999974808,2413.37669999848,421.1878908470722
1791563762,100,,Aggregated,147.400000,0.000000,730,800,840,860,930,1100,1500,1600,2100,2300,2400,81042,0,730,762.6467479578513,9.731699999974808,2413.37669999848,421.1888033365415
1791563763,100,,Aggregated,151.000000,0.000000,730,800,840,860,930,1100,1500,1600,2100,2300,2400,81207,0,730,762.5942676825919,9.731699999974808,2413.37669999848,421.1900082505203
1791563764,100,,Aggregated,146.400000,0.000000,730,800,840,860,930,1100,1500,1600,2100,2300,2400,81342,0,730,762.5008374001162,9.731699999974808,2413.37669999848,421.1909468663175
1791563765,100,,Aggregated,145.500000,0.000000,730,800,840,860,930,1100,1500,1600,2100,2300,2400,81470,0,730,762.3775875635233,9.731699999974808,2413.37669999848,421.1918252117344
1791563766,100,,Aggregated,145.300000,0.000000,730,800,840,860,930,1100,1500,1600,2100,2300,2400,81654,0,730,762.1331338942393,9.731699999974808,2413.37669999848,421.19309525559066
1791563767,100,,Aggregated,145.500000,0.000000,730,800,840,860,930,1100,1500,1600,2100,2300,2400,81776,0,730,761.9810806825991,9.731699999974808,2413.37669999848,421.19395666210136
1791563768,100,,Aggregated,141.600000,0.000000,730,800,840,860,930,1100,1500,1600,2100,2300,2400,81966,0,730,761.716754471369,9.731699999974808,2413.37669999848,421.19526388990556
1791563769,100,,Aggregated,146.200000,0.000000,730,800,840,860,930,1100,1500,1600,2100,2300,2400,82091,0,730,761.5549976465177,9.731699999974808,2413.37669999848,421.1961481770231
1791563770,100,,Aggregated,145.100000,0.000000,730,800,840,860,930,1100,1500,1600,2100,2300,2400,82235,0,730,761.4023221779081,9.731699999974808,2413.37669999848,421.19708153462636
1791563771,100,,Aggregated,147.100000,0.000000,730,800,840,860,930,1100,1500,1600,2100,2300,2400,82398,0,730,761.2514619226224,9.731699999974808,2413.37669999848,421.1982572392534
1791563772,100,,Aggregated,147.600000,0.000000,730,800,840,860,930,1100,1500,1600,2100,2300,2400,82528,0,730,761.0592120080491,9.731699999974808,2413.37669999848,421.1991081814657
1791563773,100,,Aggregated,146.700000,0.000000,730,800,840,860,930,1100,1500,1600,2100,2300,2400,82706,0,730,760.8904471658684,9.731699999974808,2413.37669999848,421.20029985732594
1791563774,100,,Aggregated,147.900000,0.000000,730,800,840,860,930,1100,1500,1600,2100,2300,2400,82826,0,730,760.7409138567642,9.731699999974808,2413.37669999848,421.20110834762033
1791563775,100,,Aggregated,148.900000,0.000000,730,800,840,860,930,1100,1500,1600,2100,2300,2400,83010,0,730,760.5844768353253,9.731699999974808,2413.37669999848,421.2023491145645
1791563776,100,,Aggregated,148.800000,0.000000,730,800,840,860,930,1100,1500,1600,2100,2300,2400,83136,0,730,760.4153758877065,9.731699999974808,2413.37669999848,421.20320919938416
1791563777,100,,Aggregated,148.900000,0.000000,730,800,840,860,930,1100,1500,1600,2100,2300,2400,83326,0,730,760.100777520826,9.731699999974808,2413.37669999848,421.20444999159923
1791563778,100,,Aggregated,153.100000,0.000000,730,800,840,860,930,1100,1500,1600,2100,2300,2400,83448,0,730,759.9448761947602,9.731699999974808,2413.37669999848,421.2053134886396
1791563779,100,,Aggregated,148.000000,0.000000,730,800,840,860,930,1100,1500,1600,2100,2300,2400,83621,0,730,759.7596687159966,9.731699999974808,2413.37669999848,421.2064313988113
1791563780,100,,Aggregated,154.400000,0.000000,730,800,840,860,930,1100,1500,1600,2100,2300,2400,83763,0,730,759.6066092785629,9.731699999974808,2413.37669999848,421.2073707961749
1791563781,100,,Aggregated,148.100000,0.000000,730,800,840,860,930,1100,1500,1600,2100,2300,2400,83895,0,730,759.425921722394,9.731699999974808,2413.37669999848,421.20827224506826
1791563782,100,,Aggregated,153.600000,0.000000,730,800,840,860,930,1000,1500,1600,2100,2300,2400,84062,0,730,759.3542638041004,9.731699999974808,2413.37669999848,421.20935737907735
1791563783,100,,Aggregated,149.400000,0.000000,730,800,840,860,930,1000,1500,1600,2100,2300,2400,84194,0,730,759.2364330379868,9.731699999974808,2413.37669999848,421.2102168800627
1791563784,100,,Aggregated,149.700000,0.000000,730,800,840,860,930,1000,1500,1600,2100,2300,2400,84337,0,730,759.1137432787536,9.731699999974808,2413.37669999848,421.21116473196815
1791563786,100,,Aggregated,152.300000,0.000000,730,800,840,860,930,1000,1500,1600,2100,2300,2400,84502,0,730,758.9110841601419,9.731699999974808,2413.37669999848,421.21217249295876
1791563787,100,,Aggregated,148.600000,0.000000,730,800,840,860,930,1000,1500,1600,2100,2300,2400,84631,0,730,758.779978045873,9.731699999974808,2413.37669999848,421.21306613415885
1791563788,100,,Aggregated,150.400000,0.000000,730,800,840,860,930,1000,1500,1600,2100,2300,2400,84807,0,730,758.540731489149,9.731699999974808,2413.37669999848,421.21415685026
1791563789,100,,Aggregated,149.100000,0.000000,730,800,840,860,930,1000,1500,1600,2100,2300,2400,84939,0,730,758.4006409776455,9.731699999974808,2413.37669999848,421.21501312706766
1791563790,100,,Aggregated,148.000000,0.000000,730,800,840,860,930,1000,1500,1600,2100,2300,2400,85108,0,730,758.2928179090128,9.731699999974808,2413.37669999848,421.216101894064
1791563791,100,,Aggregated,148.800000,0.000000,730,800,840,860,920,1000,1500,1600,2100,2300,2400,85240,0,730,758.1749571386705,9.731699999974808,2413.37669999848,421.21696386672926
1791563792,100,,Aggregated,147.200000,0.000000,730,800,840,860,920,1000,1500,1600,2100,2300,2400,85380,0,730,758.014799075899,9.731699999974808,2413.37669999848,421.21788475052705
1791563793,100,,Aggregated,147.200000,0.000000,730,790,840,860,920,1000,1500,1600,2100,2300,2400,85550,0,730,757.7763483588578,9.731699999974808,2413.37669999848,421.2189479836353
1791563794,100,,Aggregated,147.500000,0.000000,720,790,830,860,920,1000,1500,1600,2100,2300,2400,85690,0,720,757.5774908274047,9.731699999974808,2413.37669999848,421.2198389543704
1791563795,100,,Aggregated,147.500000,0.000000,720,790,830,860,920,1000,1500,1600,2100,2300,2400,85856,0,720,757.443022042726,9.731699999974808,2413.37669999848,421.2208581811405
1791563796,100,,Aggregated,149.300000,0.000000,720,790,830,860,920,1000,1500,1600,2100,2300,2400,85992,0,720,757.3128857917048,9.731699999974808,2413.37669999848,421.22175318634294
1791563797,100,,Aggregated,151.700000,0.000000,720,790,830,860,920,1000,1500,1600,2100,2300,2400,86154,0,720,757.1629258676355,9.731699999974808,2413.37669999848,421.2226826380667
1791563798,100,,Aggregated,148.800000,0.000000,720,790,830,860,920,1000,1500,1600,2100,2300,2400,86291,0,720,757.0830255507557,9.731699999974808,2413.37669999848,421.22359226338784
1791563799,100,,Aggregated,152.200000,0.000000,720,790,830,860,920,1000,1500,1600,2100,2300,2400,86430,0,720,756.9261778630137,9.731699999974808,2413.37669999848,421.2244475297929
1791563800,100,,Aggregated,147.700000,0.000000,720,790,830,860,920,1000,1500,1600,2100,2300,2400,86576,0,720,756.9082229578663,9.731699999974808,2413.37669999848,421.2253280354833
1791563801,100,,Aggregated,148.700000,0.000000,720,790,830,860,920,1000,1500,1600,2100,2300,2400,86716,0,720,756.8376998881438,9.731699999974808,2413.37669999848,421.22619816412197
1791563802,100,,Aggregated,146.600000,0.000000,720,790,830,860,920,1000,1500,1600,2100,2300,2400,86854,0,720,756.6924416630245,9.731699999974808,2413.37669999848,421.22704768922557
1791563803,100,,Aggregated,146.900000,0.000000,720,790,830,860,920,1000,1500,1600,2100,2300,2400,87005,0,720,756.6264883213652,9.731699999974808,2413.37669999848,421.2279639101201
1791563804,100,,Aggregated,147.400000,0.000000,720,790,830,860,920,1000,1500,1600,2100,2300,2400,87138,0,720,756.6289875461956,9.731699999974808,2413.37669999848,421.22875209437905
1791563805,100,,Aggregated,145.100000,0.000000,720,790,830,860,920,1000,1500,1600,2100,2300,2400,87262,0,720,756.5401357234584,9.731699999974808,2413.37669999848,421.2295615502739
1791563806,100,,Aggregated,144.100000,0.000000,720,790,830,860,920,1000,1500,1600,2100,2300,2400,87422,0,720,756.4905106151826,9.731699999974808,2413.37669999848,421.23049118070963
1791563807,100,,Aggregated,140.200000,0.000000,720,790,830,860,920,1000,1500,1600,2100,2300,2400,87551,0,720,756.6004162054171,9.731699999974808,2413.37669999848,421.23129376020836
1791563808,100,,Aggregated,142.000000,0.000000,720,790,830,860,920,1000,1500,1600,2100,2300,2400,87672,0,720,756.5280234932533,9.731699999974808,2413.37669999848,421.2320125011406
1791563809,100,,Aggregated,138.400000,0.000000,720,790,830,860,920,1000,1500,1600,2100,2300,2400,87819,0,720,756.3894428187577,9.731699999974808,2413.37669999848,421.2329336476161
1791563810,100,,Aggregated,138.400000,0.000000,720,790,830,860,920,1000,1500,1600,2100,2300,2400,87977,0,720,756.2919196608254,9.731699999974808,2413.37669999848,421.23382247632907
1791563811,100,,Aggregated,137.400000,0.000000,720,790,830,860,920,1000,1500,1600,2100,2300,2400,88111,0,720,756.1152281463205,9.731699999974808,2413.37669999848,421.23463585704394
1791563812,100,,Aggregated,139.900000,0.000000,720,790,830,860,920,1000,1500,1600,2100,2300,2400,88280,0,720,755.989709827826,9.731699999974808,2413.37669999848,421.235693248754
1791563813,100,,Aggregated,139.700000,0.000000,720,790,830,860,920,1000,1500,1600,2100,2300,2400,88410,0,720,755.9408384549313,9.731699999974808,2413.37669999848,421.2364099083814
1791563814,100,,Aggregated,142.600000,0.000000,720,790,830,850,920,1000,1500,1600,2100,2300,2400,88548,0,720,755.8286445882511,9.731699999974808,2413.37669999848,421.237249853187
1791563815,100,,Aggregated,140.500000,0.000000,720,790,830,850,920,1000,1500,1600,2100,2300,2400,88715,0,720,755.6334445922387,9.731699999974808,2413.37669999848,421.2381897086175
1791563816,100,,Aggregated,140.000000,0.000000,720,790,830,850,920,1000,1500,1600,2100,2300,2400,88848,0,720,755.4929183313124,9.731699999974808,2413.37669999848,421.23901494687556
1791563817,100,,Aggregated,145.500000,0.000000,720,790,830,850,920,1000,1500,1600,2100,2300,2400,89019,0,720,755.3414292285969,9.731699999974808,2413.37669999848,421.2399824756513
1791563818,100,,Aggregated,142.300000,0.000000,720,790,830,850,920,1000,1500,1600,2100,2300,2400,89145,0,720,755.2218197756507,9.731699999974808,2413.37669999848,421.24073139267483
1791563819,100,,Aggregated,148.000000,0.000000,720,790,830,850,920,1000,1500,1600,2100,2300,2400,89304,0,720,755.1662427830819,9.731699999974808,2413.37669999848,421.2416017199678
1791563820,100,,Aggregated,146.700000,0.000000,720,790,830,850,920,1000,1500,1600,2100,2300,2400,89440,0,720,755.0824362477673,9.731699999974808,2413.37669999848,421.24244186046514
1791563821,100,,Aggregated,146.900000,0.000000,720,790,830,850,920,1000,1500,1600,2100,2300,2400,89571,0,720,754.9441152180984,9.731699999974808,2413.37669999848,421.2432372084715
1791563822,100,,Aggregated,146.100000,0.000000,720,790,830,850,920,1000,1500,1600,2100,2300,2400,89744,0,720,754.8495284308727,9.731699999974808,2413.37669999848,421.24418345516136
1791563823,100,,Aggregated,145.300000,0.000000,720,790,830,850,920,1000,1500,1600,2100,2300,2400,89867,0,720,754.7622202833101,9.731699999974808,2413.37669999848,421.2449286167336
1791563824,100,,Aggregated,146.200000,0.000000,720,790,830,850,920,1000,1500,1600,2100,2300,2400,90042,0,720,754.5827930299216,9.731699999974808,2413.37669999848,421.2459296772617
1791563825,100,,Aggregated,145.300000,0.000000,720,790,830,850,920,1000,1500,1600,2100,2300,2400,90169,0,720,754.5168075635765,9.731699999974808,2413.37669999848,421.2466368707649
1791563826,100,,Aggregated,146.900000,0.000000,720,790,830,850,920,1000,1500,1600,2100,2300,2400,90298,0,720,754.4224980121393,9.731699999974808,2413.37669999848,421.2474030432568
1791563827,100,,Aggregated,145.200000,0.000000,720,790,830,850,920,1000,1500,1600,2100,2300,2400,90472,0,720,754.3316247623578,9.731699999974808,2413.37669999848,421.2483641347599
1791563828,100,,Aggregated,145.500000,0.000000,720,790,830,850,920,1000,1500,1600,2100,2300,2400,90597,0,720,754.2682196242711,9.731699999974808,2413.37669999848,421.2490810954005
1791563829,100,,Aggregated,142.900000,0.000000,720,790,830,850,920,1000,1500,1600,2100,2300,2400,90749,0,720,754.1012156861235,9.731699999974808,2413.37669999848,421.2499201093125
1791563830,100,,Aggregated,145.100000,0.000000,720,790,830,850,920,1000,1500,1600,2100,2300,2400,90907,0,720,753.9786850253557,9.731699999974808,2413.37669999848,421.25076176752066
1791563831,100,,Aggregated,145.000000,0.000000,720,790,830,850,920,1000,1500,1600,2100,2300,2400,91032,0,720,753.9185867189568,9.731699999974808,2413.37669999848,421.2514829949908
1791563832,100,,Aggregated,145.800000,0.000000,720,790,830,850,920,1000,1500,1600,2100,2300,2400,91174,0,720,753.8144758692185,9.731699999974808,2413.37669999848,421.252330708316
1791563833,100,,Aggregated,146.300000,0.000000,720,790,830,850,920,1000,1500,1600,2100,2300,2400,91331,0,720,753.8016329647114,9.731699999974808,2413.37669999848,421.2531342041585
1791563834,100,,Aggregated,141.100000,0.000000,720,790,830,850,920,1000,1500,1600,2100,2300,2400,91454,0,720,753.720289217531,9.731699999974808,2413.37669999848,421.25386533120474
1791563835,100,,Aggregated,145.400000,0.000000,720,780,830,850,920,1000,1500,1600,2100,2300,2400,91630,0,720,753.573550062207,9.731699999974808,2413.37669999848,421.25481829095276
1791563836,100,,Aggregated,144.800000,0.000000,720,780,830,850,920,1000,1500,1600,2100,2300,2400,91757,0,720,753.5142146441145,9.731699999974808,2413.37669999848,421.2555336377606
1791563837,100,,Aggregated,140.800000,0.000000,720,780,830,850,920,1000,1500,1600,2100,2300,2400,91895,0,720,753.3622683040434,9.731699999974808,2413.37669999848,421.25631427172317
1791563838,100,,Aggregated,146.000000,0.000000,720,780,830,850,920,1000,1500,1600,2100,2300,2400,92065,0,720,753.1649558800857,9.731699999974808,2413.37669999848,421.25722044207896
1791563839,100,,Aggregated,142.300000,0.000000,720,780,830,850,920,1000,1500,1600,2100,2300,2400,92207,0,720,752.987932064811,9.731699999974808,2413.37669999848,421.2579739065364
1791563840,100,,Aggregated,147.300000,0.000000,720,780,830,850,920,1000,1500,1600,2100,2300,2400,92379,0,720,752.8752676658121,9.731699999974808,2413.37669999848,421.2589333073534
1791563841,100,,Aggregated,146.800000,0.000000,720,780,830,850,920,1000,1500,1600,2100,2300,2400,92504,0,720,752.7600400523236,9.731699999974808,2413.37669999848,421.25958877453945
1791563842,100,,Aggregated,144.500000,0.000000,720,780,830,850,920,1000,1500,1600,2100,2300,2400,92685,0,720,752.609570070671,9.731699999974808,2413.37669999848,421.26058153962344
1791563843,100,,Aggregated,147.000000,0.000000,720,780,830,850,920,1000,1500,1600,2100,2300,2400,92817,0,720,752.4515465324255,9.731699999974808,2413.37669999848,421.26126679379854
1791563844,100,,Aggregated,147.500000,0.000000,720,780,830,850,920,1000,1500,1600,2100,2300,2400,92971,0,720,752.2876511966125,9.731699999974808,2413.37669999848,421.2621355046197
1791563845,100,,Aggregated,148.600000,0.000000,720,780,830,850,920,1000,1500,1600,2100,2300,2400,93125,0,720,752.1220340037609,9.731699999974808,2413.37669999848,421.2629154362416
1791563846,100,,Aggregated,149.000000,0.000000,720,780,830,850,920,1000,1500,1600,2100,2300,2400,93256,0,720,752.0584064692916,9.731699999974808,2413.37669999848,421.2636398730377
1791563847,100,,Aggregated,153.700000,0.000000,720,780,830,850,920,1000,1500,1600,2100,2300,2400,93418,0,720,751.9782678220505,9.731699999974808,2413.37669999848,421.26447793787065
1791563848,100,,Aggregated,149.000000,0.000000,720,780,830,850,920,1000,1500,1600,2100,2300,2400,93563,0,720,751.8227003452257,9.731699999974808,2413.37669999848,421.26526511548366
1791563849,100,,Aggregated,149.500000,0.000000,720,780,830,850,920,1000,1500,1600,2100,2300,2400,93685,0,720,751.743555683412,9.731699999974808,2413.37669999848,421.2659230399744
1791563850,100,,Aggregated,148.500000,0.000000,720,780,830,850,920,1000,1500,1600,2100,2300,2400,93868,0,720,751.6130974570711,9.731699999974808,2413.37669999848,421.26688541355946
1791563851,100,,Aggregated,148.300000,0.000000,720,780,830,850,920,1000,1500,1600,2100,2300,2400,93981,0,720,751.5208617997293,9.731699999974808,2413.37669999848,421.2674583160426
1791563852,100,,Aggregated,149.300000,0.000000,720,780,820,850,910,1000,1500,1600,2100,2300,2400,94171,0,720,751.3185960104532,9.731699999974808,2413.37669999848,421.2684690616007
1791563853,100,,Aggregated,147.900000,0.000000,720,780,820,850,910,1000,1500,1600,2100,2300,2400,94304,0,720,751.1295050337243,9.731699999974808,2413.37669999848,421.2691932473702
1791563854,100,,Aggregated,148.700000,0.000000,720,780,820,850,910,1000,1500,1600,2100,2300,2400,94483,0,720,750.9124287363895,9.731699999974808,2413.37669999848,421.27011208365525
1791563855,100,,Aggregated,148.200000,0.000000,720,780,820,850,910,1000,1500,1600,2100,2300,2400,94620,0,720,750.745682072503,9.731699999974808,2413.37669999848,421.27082012259564
1791563856,100,,Aggregated,153.000000,0.000000,720,780,820,850,910,1000,1500,1600,2100,2300,2400,94799,0,720,750.5326293441935,9.731699999974808,2413.37669999848,421.2716800810135
1791563857,100,,Aggregated,148.600000,0.000000,720,780,820,850,910,1000,1500,1600,2100,2300,2400,94926,0,720,750.4614512493959,9.731699999974808,2413.37669999848,421.2723489876325
1791563858,100,,Aggregated,152.100000,0.000000,720,780,820,850,910,1000,1500,1600,2100,2300,2400,95104,0,720,750.3064401707617,9.731699999974808,2413.37669999848,421.27325874831763
1791563859,100,,Aggregated,154.100000,0.000000,720,780,820,850,910,1000,1500,1600,2100,2300,2400,95239,0,720,750.1495039899629,9.731699999974808,2413.37669999848,421.2739528974475
1791563860,100,,Aggregated,149.700000,0.000000,720,780,820,850,910,1000,1500,1600,2100,2300,2400,95374,0,720,750.043390800429,9.731699999974808,2413.37669999848,421.27465556650657
1791563861,100,,Aggregated,154.500000,0.000000,720,780,820,850,910,1000,1500,1600,2100,2300,2400,95535,0,720,749.9857000261693,9.731699999974808,2413.37669999848,421.2754801905061
1791563862,100,,Aggregated,152.000000,0.000000,720,780,820,850,910,1000,1500,1600,2100,2300,2400,95668,0,720,749.8893314211653,9.731699999974808,2413.37669999848,421.2761424927876
1791563863,100,,Aggregated,151.400000,0.000000,720,780,820,850,910,1000,1500,1600,2100,2300,2400,95808,0,720,749.8135817854467,9.731699999974808,2413.37669999848,421.27685579492316
1791563864,100,,Aggregated,153.600000,0.000000,720,780,820,850,910,1000,1500,1600,2100,2300,2400,95972,0,720,749.7091555057726,9.731699999974808,2413.37669999848,421.27768515817115
1791563865,100,,Aggregated,149.100000,0.000000,720,780,820,850,910,1000,1500,1600,2100,2300,2400,96097,0,720,749.6309561089319,9.731699999974808,2413.37669999848,421.27834375682903
1791563866,100,,Aggregated,146.500000,0.000000,720,780,820,850,910,1000,1500,1600,2100,2300,2400,96277,0,720,749.4571205209974,9.731699999974808,2413.37669999848,421.27922556789264
1791563867,100,,Aggregated,147.900000,0.000000,720,780,820,850,910,1000,1500,1600,2100,2300,2400,96400,0,720,749.3361149574699,9.731699999974808,2413.37669999848,421.27985477178424
1791563868,100,,Aggregated,145.400000,0.000000,720,780,820,850,910,1000,1500,1600,2100,2300,2400,96582,0,720,749.2099960530965,9.731699999974808,2413.37669999848,421.2807251868878
1791563869,100,,Aggregated,147.700000,0.000000,720,780,820,850,910,1000,1500,1600,2100,2300,2400,96704,0,720,749.1350289832908,9.731699999974808,2413.37669999848,421.2813120450033
1791563870,100,,Aggregated,146.600000,0.000000,710,780,820,850,910,1000,1500,1600,2100,2300,2400,96881,0,710,748.9694226700825,9.731699999974808,2413.37669999848,421.28222252041166
1791563871,100,,Aggregated,147.000000,0.000000,710,780,820,850,910,1000,1500,1600,2100,2300,2400,97013,0,710,748.8459578695671,9.731699999974808,2413.37669999848,421.28283838248484
1791563872,100,,Aggregated,146.700000,0.000000,710,780,820,850,910,1000,1500,1600,2100,2300,2400,97141,0,710,748.7506751289395,9.731699999974808,2413.37669999848,421.2834951256421
1791563873,100,,Aggregated,150.600000,0.000000,710,780,820,850,910,1000,1500,1600,2100,2300,2400,97306,0,710,748.6990017337095,9.731699999974808,2413.37669999848,421.2842784617598
1791563874,100,,Aggregated,147.100000,0.000000,710,780,820,850,910,1000,1500,1600,2100,2300,2400,97432,0,710,748.6562834140774,9.731699999974808,2413.37669999848,421.28492692339273
1791563875,100,,Aggregated,147.300000,0.000000,710,770,820,850,910,1000,1500,1600,2100,2300,2400,97608,0,710,748.5209720934798,9.731699999974808,2413.37669999848,421.2857450208999
1791563876,100,,Aggregated,147.700000,0.000000,710,770,820,850,910,1000,1500,1600,2100,2300,2400,97732,0,710,748.4418188546257,9.731699999974808,2413.37669999848,421.2863545205255
1791563877,100,,Aggregated,146.500000,0.000000,710,770,820,840,910,1000,1500,1600,2100,2300,2400,97876,0,710,748.3450123819964,9.731699999974808,2413.37669999848,421.28701622461074
1791563878,100,,Aggregated,150.000000,0.000000,710,770,820,840,910,1000,1500,1600,2100,2300,2400,98033,0,710,748.2448819928017,9.731699999974808,2413.37669999848,421.28779084593964
1791563879,100,,Aggregated,145.400000,0.000000,710,770,820,840,910,1000,1500,1600,2100,2300,2400,98178,0,710,748.0970011988453,9.731699999974808,2413.37669999848,421.28854733239626
1791563880,100,,Aggregated,146.800000,0.000000,710,770,820,840,910,1000,1500,1600,2100,2300,2400,98343,0,710,747.9434608370726,9.731699999974808,2413.37669999848,421.28929359486693
1791563881,100,,Aggregated,145.600000,0.000000,710,770,820,840,910,1000,1500,1600,2100,2300,2400,98467,0,710,747.9607641544912,9.731699999974808,2413.37669999848,421.28991438756134
1791563882,100,,Aggregated,147.300000,0.000000,710,770,820,840,910,1000,1500,1600,2100,2300,2400,98597,0,710,747.9078178656582,9.731699999974808,2413.37669999848,421.2905565078045
1791563883,100,,Aggregated,143.700000,0.000000,710,770,820,840,910,1000,1500,1600,2100,2300,2400,98769,0,710,747.808938251883,9.731699999974808,2413.37669999848,421.2913464751086
1791563884,100,,Aggregated,145.400000,0.000000,710,770,820,840,910,1000,1500,1600,2100,2300,2400,98900,0,710,747.7538969160794,9.731699999974808,2413.37669999848,421.29191102123355
1791563885,100,,Aggregated,145.400000,0.000000,710,770,820,840,910,1000,1500,1600,2100,2300,2400,99044,0,710,747.611507655187,9.731699999974808,2413.37669999848,421.29267800169623
1791563886,100,,Aggregated,145.100000,0.000000,710,770,820,840,910,1000,1500,1600,2100,2300,2400,99216,0,710,747.4370566138559,9.731699999974808,2413.37669999848,421.29343049508145
1791563887,100,,Aggregated,146.600000,0.000000,710,770,820,840,910,1000,1500,1600,2100,2300,2400,99342,0,710,747.3190723963718,9.731699999974808,2413.37669999848,421.2940146161744
1791563888,100,,Aggregated,143.400000,0.000000,710,770,820,840,910,1000,1500,1600,2100,2300,2400,99523,0,710,747.1314965013147,9.731699999974808,2413.37669999848,421.29487656119693
1791563889,100,,Aggregated,148.000000,0.000000,710,770,820,840,910,1000,1500,1600,2100,2300,2400,99653,0,710,747.015467043645,9.731699999974808,2413.37669999848,421.29548533410934
1791563890,100,,Aggregated,148.100000,0.000000,710,770,820,840,910,1000,1500,1600,2100,2300,2400,99830,0,710,746.8669580546966,9.731699999974808,2413.37669999848,421.29630371631777
1791563891,100,,Aggregated,148.400000,0.000000,710,770,820,840,910,1000,1500,1600,2100,2300,2400,99961,0,710,746.7277408869497,9.731699999974808,2413.37669999848,421.2969157971609
1791563892,100,,Aggregated,146.700000,0.000000,710,770,820,840,910,1000,1500,1600,2100,2300,2400,100140,0,710,746.5765042510523,9.731699999974808,2413.37669999848,421.29816257239867
1791563893,100,,Aggregated,150.600000,0.000000,710,770,820,840,910,1000,1500,1600,2100,2300,2400,100264,0,710,746.5233849716783,9.731699999974808,2413.37669999848,421.29996808425756
1791563894,1,,Aggregated,149.400000,0.000000,710,770,820,840,910,1000,1500,1600,2100,2300,2400,100462,0,710,746.3048990424272,9.731699999974808,2413.37669999848,421.30283092114433
