Timestamp,User Count,Type,Name,Requests/s,Failures/s,50%,66%,75%,80%,90%,95%,98%,99%,99.9%,99.99%,100%,Total Request Count,Total Failure Count,Total Median Response Time,Total Average Response Time,Total Min Response Time,Total Max Response Time,Total Average Content Size
1791562240,0,,Aggregated,0.000000,0.000000,N/A,N/A,N/A,N/A,N/A,N/A,N/A,N/A,N/A,N/A,N/A,0,0,0,0.0,0,0,0
1791562241,2,,Aggregated,0.000000,0.000000,12,13,13,14,15,17,62,140,140,140,140,95,0,12,14.32340000001683,8.24560000182828,139.56510000207345,411.29473684210524
1791562242,4,,Aggregated,0.000000,0.000000,15,17,18,19,22,24,65,79,160,160,160,244,0,15,17.64490655729832,8.24560000182828,160.28900000310387,413.5614754098361
1791562243,5,,Aggregated,3.000000,0.000000,18,20,23,26,30,34,62,71,160,160,160,427,0,18,20.56162482432149,8.24560000182828,160.28900000310387,415.39344262295083
1791562244,7,,Aggregated,58.000000,0.000000,21,28,31,33,38,45,71,90,160,160,160,594,0,21,25.34526178447526,8.24560000182828,160.28900000310387,415.45117845117846
1791562245,9,,Aggregated,95.666667,0.000000,27,33,37,40,51,69,90,110,160,160,160,752,0,27,30.465566888256518,8.24560000182828,160.28900000310387,415.4215425531915
1791562246,11,,Aggregated,114.500000,0.000000,31,40,46,50,65,84,110,120,160,160,160,902,0,31,36.04352206202909,8.24560000182828,160.28900000310387,415.7583148558758
1791562247,12,,Aggregated,125.800000,0.000000,34,46,55,63,84,100,130,140,220,250,250,1028,0,34,42.489201750924856,8.24560000182828,248.61539999983506,415.5807392996109
1791562248,14,,Aggregated,131.166667,0.000000,37,52,66,77,100,130,160,170,250,340,340,1131,0,37,49.73303740048407,8.24560000182828,340.29279999958817,415.43324491600356
1791562249,15,,Aggregated,132.285714,0.000000,42,66,81,88,110,130,160,190,250,340,340,1278,0,42,55.53166361495754,8.24560000182828,340.29279999958817,415.7715179968701
1791562250,17,,Aggregated,130.625000,0.000000,49,78,89,96,120,140,160,190,280,340,340,1424,0,49,61.196955898796574,8.24560000182828,340.29279999958817,415.78932584269666
1791562251,19,,Aggregated,128.666667,0.000000,55,84,96,110,130,150,180,220,380,380,380,1554,0,55,67.46116126120248,8.24560000182828,381.87150000158,415.75546975546973
1791562252,21,,Aggregated,130.800000,0.000000,66,91,110,120,140,160,200,220,380,380,380,1687,0,66,73.57106064012775,8.24560000182828,381.87150000158,415.94190871369295
1791562253,22,,Aggregated,144.400000,0.000000,73,100,120,130,150,180,210,240,380,380,380,1817,0,73,79.79364144188418,8.24560000182828,381.87150000158,415.9003852504128
1791562254,24,,Aggregated,145.800000,0.000000,80,110,130,140,170,190,220,240,380,380,380,1949,0,80,86.3883008721877,8.24560000182828,381.87150000158,415.8696767573114
1791562255,26,,Aggregated,142.600000,0.000000,85,120,140,150,180,210,230,250,350,380,380,2069,0,85,92.44357878197279,8.24560000182828,381.87150000158,415.98260028999516
1791562256,27,,Aggregated,138.200000,0.000000,90,130,150,160,200,220,250,260,350,380,380,2192,0,90,99.27617395068788,8.24560000182828,381.87150000158,415.9320255474453
1791562257,29,,Aggregated,133.900000,0.000000,95,130,160,170,210,240,260,280,350,380,380,2298,0,95,105.28165226279658,8.24560000182828,381.87150000158,416.0017406440383
1791562258,31,,Aggregated,130.600000,0.000000,100,140,170,190,230,270,320,360,430,440,440,2416,0,100,114.8664075330773,8.24560000182828,435.89350000183913,415.9461920529801
1791562259,32,,Aggregated,128.900000,0.000000,110,150,180,200,240,300,350,370,430,440,440,2493,0,110,121.25990020052916,8.24560000182828,435.89350000183913,415.81107099879665
1791562260,34,,Aggregated,128.100000,0.000000,110,150,190,200,270,340,400,470,540,550,550,2571,0,110,130.40796868919495,8.24560000182828,552.7524999997695,415.8238039673279
1791562261,36,,Aggregated,126.300000,0.000000,110,160,190,220,310,380,450,480,540,550,550,2651,0,110,138.84377046394113,8.24560000182828,552.7524999997695,415.7084119200302
1791562262,37,,Aggregated,120.200000,0.000000,120,170,200,230,340,420,470,500,550,590,590,2732,0,120,147.36591471445732,8.24560000182828,586.9253999990178,415.60248901903367
1791562263,39,,Aggregated,114.400000,0.000000,120,180,220,250,370,450,500,520,580,660,660,2820,0,120,157.04704574464327,8.24560000182828,660.0619000018924,415.6386524822695
1791562264,41,,Aggregated,110.100000,0.000000,130,190,240,280,390,450,500,520,580,660,660,2942,0,130,165.75446740309286,8.24560000182828,660.0619000018924,415.6118286879674
1791562265,42,,Aggregated,104.600000,0.000000,130,200,250,310,410,470,510,530,580,660,660,3034,0,130,174.1785399142661,8.24560000182828,660.0619000018924,415.53790375741596
1791562266,44,,Aggregated,100.900000,0.000000,140,200,270,330,430,480,530,550,620,660,660,3112,0,140,182.2291157454622,8.24560000182828,660.0619000018924,415.55623393316193
1791562267,46,,Aggregated,98.100000,0.000000,150,220,310,360,440,490,530,550,620,660,660,3224,0,150,191.10388070716024,8.24560000182828,660.0619000018924,415.5192307692308
1791562268,47,,Aggregated,94.400000,0.000000,150,230,330,380,460,500,540,560,620,660,660,3325,0,150,199.53723855636247,8.24560000182828,660.0619000018924,415.46736842105264
1791562269,49,,Aggregated,91.600000,0.000000,160,250,350,390,470,510,540,560,620,660,660,3419,0,160,206.650415706322,8.24560000182828,660.0619000018924,415.5100906697865
1791562270,51,,Aggregated,90.300000,0.000000,160,270,360,400,480,520,550,580,630,660,660,3505,0,160,213.91449977173542,8.24560000182828,660.0619000018924,415.43880171184026
1791562271,52,,Aggregated,91.000000,0.000000,170,300,380,420,480,520,550,580,630,660,660,3633,0,170,222.41202031377284,8.24560000182828,660.0619000018924,415.4335260115607
1791562272,54,,Aggregated,92.100000,0.000000,180,320,400,430,480,520,550,580,630,660,660,3752,0,180,229.4937420575529,8.24560000182828,660.0619000018924,415.51039445629
1791562273,56,,Aggregated,95.200000,0.000000,180,340,410,440,490,520,570,590,630,660,660,3839,0,180,235.9652991664368,8.24560000182828,660.0619000018924,415.4443865589997
1791562274,57,,Aggregated,97.700000,0.000000,190,350,420,450,500,530,570,600,640,660,660,3955,0,190,243.70761532236102,8.24560000182828,663.5478999996849,415.42376738305944
1791562275,59,,Aggregated,100.700000,0.000000,200,370,430,460,510,540,590,600,640,660,660,4078,0,200,251.7244516919896,8.24560000182828,663.5478999996849,415.49754781755763
1791562276,61,,Aggregated,100.400000,0.000000,210,380,440,470,510,560,600,630,680,690,690,4160,0,210,258.469377499981,8.24560000182828,691.3414999980887,415.4338942307692
1791562277,62,,Aggregated,101.100000,0.000000,220,390,450,480,530,580,620,640,680,690,690,4280,0,220,267.17037401867333,8.24560000182828,691.3414999980887,415.41869158878507
1791562278,64,,Aggregated,104.300000,0.000000,230,410,460,480,540,590,620,640,680,700,700,4401,0,230,275.41575925924127,8.24560000182828,702.601400000276,415.48511701885934
1791562279,66,,Aggregated,106.900000,0.000000,240,420,470,490,550,600,650,730,960,1000,1000,4471,0,240,283.23540022365097,8.24560000182828,1006.5216000002692,415.48982330574813
1791562280,67,,Aggregated,105.800000,0.000000,260,430,470,500,570,620,770,850,960,1000,1000,4558,0,260,292.6961999122363,8.24560000182828,1006.5216000002692,415.4374725756911
1791562281,69,,Aggregated,107.500000,0.000000,270,430,480,510,590,660,780,850,960,1000,1000,4643,0,270,300.3240109627364,8.24560000182828,1006.5216000002692,415.38337281929785
1791562282,71,,Aggregated,104.700000,0.000000,280,440,490,510,600,710,830,880,960,1000,1000,4722,0,280,309.27602784836745,8.24560000182828,1006.5216000002692,415.3989834815756
1791562283,72,,Aggregated,102.200000,0.000000,300,450,490,520,620,770,880,910,990,1000,1000,4799,0,300,318.24943463221,8.24560000182828,1007.7883999983897,415.3386122108773
1791562284,74,,Aggregated,99.900000,0.000000,310,450,500,530,640,820,910,960,1100,1200,1200,4868,0,310,327.53509348808257,8.24560000182828,1239.866299998539,415.3438783894823
1791562285,76,,Aggregated,95.900000,0.000000,320,460,510,540,670,870,980,1200,1400,1400,1400,4942,0,320,340.64766363819933,8.24560000182828,1449.7273000015412,415.2118575475516
1791562286,77,,Aggregated,95.000000,0.000000,330,460,510,550,740,900,1000,1200,1300,1400,1400,5028,0,330,350.8368611575153,8.24560000182828,1449.7273000015412,415.2370723945903
1791562287,79,,Aggregated,91.000000,0.000000,340,470,520,570,800,910,1000,1200,1300,1400,1400,5113,0,340,359.85930576960664,8.24560000182828,1449.7273000015412,415.1914727166047
1791562288,81,,Aggregated,86.600000,0.000000,350,480,530,580,830,930,1000,1200,1300,1400,1400,5203,0,350,369.51924001537753,8.24560000182828,1449.7273000015412,415.1526042667692
1791562289,82,,Aggregated,83.000000,0.000000,360,480,540,600,830,930,1000,1200,1300,1400,1400,5300,0,360,376.46312194340544,8.24560000182828,1449.7273000015412,415.18924528301886
1791562290,84,,Aggregated,82.800000,0.000000,370,490,550,610,850,930,1000,1200,1300,1400,1400,5387,0,370,383.67349196214053,8.24560000182828,1449.7273000015412,415.1488769259328
1791562291,86,,Aggregated,79.900000,0.000000,380,490,570,640,860,950,1000,1200,1300,1400,1400,5474,0,380,392.89288419804086,8.24560000182828,1449.7273000015412,415.17446108878335
1791562292,87,,Aggregated,82.300000,0.000000,390,500,590,660,880,980,1100,1200,1300,1400,1400,5559,0,390,403.05823795647797,8.24560000182828,1449.7273000015412,415.13347724410863
1791562293,89,,Aggregated,82.500000,0.000000,390,510,600,700,910,1000,1100,1200,1300,1400,1400,5648,0,390,413.85339672451295,8.24560000182828,1449.7273000015412,415.0980878186969
1791562294,91,,Aggregated,82.300000,0.000000,400,510,610,740,940,1000,1200,1200,1300,1400,1400,5738,0,400,424.9251023876007,8.24560000182828,1449.7273000015412,415.0643081212966
1791562295,92,,Aggregated,83.500000,0.000000,410,520,630,770,960,1100,1200,1200,1400,1400,1400,5810,0,410,433.50242471601496,8.24560000182828,1449.7273000015412,415.0750430292599
1791562296,94,,Aggregated,84.500000,0.000000,410,520,640,790,980,1100,1200,1200,1400,1400,1400,5871,0,410,440.02020640436905,8.24560000182828,1449.7273000015412,415.01464827116337
1791562297,96,,Aggregated,86.800000,0.000000,420,540,670,820,1000,1100,1200,1200,1400,1400,1400,5960,0,420,449.3668057214826,8.24560000182828,1449.7273000015412,415.04161073825503
1791562299,97,,Aggregated,84.600000,0.000000,430,550,720,840,1000,1100,1200,1200,1300,1400,1400,6068,0,430,458.38949705010407,8.24560000182828,1449.7273000015412,415.0276862228082
1791562300,99,,Aggregated,84.500000,0.000000,440,570,770,850,1000,1100,1200,1200,1300,1400,1400,6229,0,440,468.9106679081789,8.24560000182828,1449.7273000015412,415.062610370846
1791562301,100,,Aggregated,86.200000,0.000000,450,590,790,860,1000,1100,1200,1200,1300,1400,1400,6339,0,450,476.5392262186604,8.24560000182828,1449.7273000015412,415.0509544092128
1791562302,100,,Aggregated,92.700000,0.000000,450,600,810,880,1000,1100,1200,1200,1300,1400,1400,6440,0,450,484.40082816771354,8.24560000182828,1449.7273000015412,415.14021739130436
1791562303,100,,Aggregated,92.700000,0.000000,460,610,830,890,1000,1100,1200,1200,1300,1400,1400,6548,0,460,491.58352509164047,8.24560000182828,1449.7273000015412,415.23335369578496
1791562304,100,,Aggregated,94.800000,0.000000,470,640,840,900,1000,1100,1200,1200,1300,1400,1400,6652,0,470,497.7741964822682,8.24560000182828,1449.7273000015412,415.31945279615155
1791562305,100,,Aggregated,98.800000,0.000000,470,660,840,900,1000,1100,1200,1200,1300,1400,1400,6760,0,470,502.9676779733808,8.24560000182828,1449.7273000015412,415.40636094674556
1791562306,100,,Aggregated,98.800000,0.000000,480,700,850,910,1000,1100,1200,1200,1300,1400,1400,6860,0,480,511.3751211370334,8.24560000182828,1449.7273000015412,415.4848396501458
1791562307,100,,Aggregated,102.100000,0.000000,480,730,870,920,1000,1100,1200,1200,1300,1400,1400,6961,0,480,519.0029378968576,8.24560000182828,1449.7273000015412,415.5611262749605
1791562308,100,,Aggregated,104.900000,0.000000,490,760,870,920,1000,1100,1200,1200,1300,1400,1400,7073,0,490,525.3127507988163,8.24560000182828,1449.7273000015412,415.6434327725152
1791562309,100,,Aggregated,108.400000,0.000000,490,780,880,930,1000,1100,1200,1200,1300,1400,1400,7173,0,490,532.2947351456886,8.24560000182828,1449.7273000015412,415.71476369719784
1791562310,100,,Aggregated,111.100000,0.000000,500,790,890,930,1000,1100,1200,1200,1300,1400,1400,7281,0,500,537.6826617772335,8.24560000182828,1449.7273000015412,415.78958934212335
1791562311,100,,Aggregated,110.000000,0.000000,500,790,880,930,1000,1100,1200,1200,1300,1400,1400,7394,0,500,541.1032460779049,8.24560000182828,1449.7273000015412,415.8658371652691
1791562312,100,,Aggregated,105.200000,0.000000,510,790,880,920,1000,1100,1200,1200,1300,1400,1400,7508,0,510,544.7112646244044,8.24560000182828,1449.7273000015412,415.93953116675544
1791562313,100,,Aggregated,105.300000,0.000000,520,800,880,920,1000,1100,1200,1200,1300,1400,1400,7612,0,520,548.8256071728867,8.24560000182828,1449.7273000015412,416.00525486074616
1791562314,100,,Aggregated,106.900000,0.000000,520,800,890,930,1000,1100,1200,1200,1300,1400,1400,7724,0,520,554.1247515277076,8.24560000182828,1449.7273000015412,416.0748316934231
1791562315,100,,Aggregated,105.900000,0.000000,530,810,890,940,1000,1100,1200,1200,1300,1400,1400,7830,0,530,559.6750812516043,8.24560000182828,1449.7273000015412,416.1380587484036
1791562316,100,,Aggregated,106.400000,0.000000,540,820,900,940,1000,1100,1200,1200,1300,1400,1400,7915,0,540,564.6609304737927,8.24560000182828,1449.7273000015412,416.1873657612129
1791562317,100,,Aggregated,106.400000,0.000000,550,830,910,950,1000,1100,1200,1300,1400,1400,1400,8005,0,550,572.5325594628437,8.24560000182828,1449.7273000015412,416.23897564022485
1791562318,100,,Aggregated,105.000000,0.000000,550,830,910,950,1000,1100,1200,1300,1600,1900,1900,8022,0,550,574.8023714285797,8.24560000182828,1885.7138999992458,416.24856644228373
1791562319,100,,Aggregated,105.000000,0.000000,560,830,920,960,1100,1100,1300,1900,2100,2200,2200,8108,0,560,590.0587648248724,8.24560000182828,2216.051699997479,416.2964972866305
1791562320,100,,Aggregated,94.800000,0.000000,560,830,920,960,1100,1200,1300,1900,2200,2200,2200,8120,0,560,592.1608045197132,8.24560000182828,2223.2532000016363,416.30283251231526
1791562321,100,,Aggregated,94.100000,0.000000,570,840,920,970,1100,1200,2000,2100,2200,2400,2400,8208,0,570,608.7733129264228,8.24560000182828,2373.07409999994,416.3507553606238
1791562322,100,,Aggregated,83.800000,0.000000,570,840,920,970,1100,1200,2000,2100,2200,2400,2400,8221,0,570,610.7059237319148,8.24560000182828,2373.07409999994,416.35798564651503
1791562323,100,,Aggregated,81.500000,0.000000,580,850,930,980,1100,1200,2000,2100,2200,2400,2400,8311,0,580,625.7374612080458,8.24560000182828,2373.07409999994,416.4053663819035
1791562324,100,,Aggregated,71.400000,0.000000,580,850,930,980,1100,1300,2000,2100,2200,2400,2400,8330,0,580,628.2034222208957,8.24560000182828,2373.07409999994,416.415606242497
1791562325,100,,Aggregated,71.400000,0.000000,590,860,940,990,1100,1400,2000,2100,2200,2400,2400,8414,0,590,640.0947311148144,8.24560000182828,2373.07409999994,416.4587592108391
1791562326,100,,Aggregated,60.800000,0.000000,590,860,940,990,1100,1600,2000,2100,2200,2400,2400,8436,0,590,642.9477755215786,8.24560000182828,2373.07409999994,416.4697724039829
1791562327,100,,Aggregated,59.000000,0.000000,600,870,950,1000,1100,1800,2000,2100,2200,2400,2400,8519,0,600,654.8377522244435,8.24560000182828,2373.07409999994,416.511797159291
1791562328,100,,Aggregated,52.100000,0.000000,600,870,950,1000,1100,1800,2000,2100,2200,2400,2400,8546,0,600,658.3165419377531,8.24560000182828,2373.07409999994,416.52574303767847
1791562329,100,,Aggregated,51.300000,0.000000,610,870,960,1000,1200,1800,2000,2100,2200,2400,2400,8627,0,610,669.2721688767866,8.24560000182828,2373.07409999994,416.5650863567868
1791562330,100,,Aggregated,51.900000,0.000000,620,880,960,1000,1200,1800,2000,2100,2200,2400,2400,8660,0,620,673.3679713625933,8.24560000182828,2373.07409999994,416.5810623556582
1791562331,100,,Aggregated,51.600000,0.000000,630,880,970,1000,1200,1900,2000,2100,2200,2400,2400,8735,0,630,683.3436818660626,8.24560000182828,2373.07409999994,416.6169433314253
1791562332,100,,Aggregated,53.000000,0.000000,640,880,970,1000,1300,1900,2000,2100,2200,2400,2400,8796,0,640,691.5237099704495,8.24560000182828,2373.07409999994,416.64597544338335
1791562333,100,,Aggregated,52.500000,0.000000,640,890,980,1000,1300,1900,2000,2100,2200,2400,2400,8836,0,640,696.4486602421995,8.24560000182828,2373.07409999994,416.6642145767316
1791562334,100,,Aggregated,53.500000,0.000000,660,890,980,1000,1500,1900,2000,2100,2200,2400,2400,8901,0,660,705.2976736995927,8.24560000182828,2373.07409999994,416.69385462307605
1791562335,100,,Aggregated,52.600000,0.000000,660,900,980,1000,1600,1900,2000,2100,2200,2400,2400,8940,0,660,710.5461443847969,8.24560000182828,2373.07409999994,416.7119686800895
1791562336,100,,Aggregated,54.100000,0.000000,690,900,990,1000,1700,1900,2000,2100,2200,2400,2400,9032,0,690,722.4083865699823,8.24560000182828,2373.07409999994,416.75310008857394
1791562337,100,,Aggregated,52.400000,0.000000,690,900,990,1000,1700,1900,2000,2100,2200,2400,2400,9045,0,690,723.750868579334,8.24560000182828,2373.07409999994,416.758872305141
1791562338,100,,Aggregated,54.900000,0.000000,710,910,1000,1100,1800,1900,2000,2100,2200,2400,2400,9137,0,710,734.9192606763769,8.24560000182828,2373.07409999994,416.7992776622524
1791562339,100,,Aggregated,52.200000,0.000000,710,910,1000,1100,1800,1900,2000,2100,2200,2400,2400,9154,0,710,736.5879288835548,8.24560000182828,2373.07409999994,416.8066419051781
1791562340,100,,Aggregated,57.800000,0.000000,730,920,1000,1100,1800,1900,2000,2100,2200,2400,2400,9241,0,730,746.2281899145188,8.24560000182828,2373.07409999994,416.84373985499406
1791562341,100,,Aggregated,52.300000,0.000000,730,920,1000,1100,1800,1900,2000,2100,2200,2400,2400,9260,0,730,748.5354713499001,8.24560000182828,2373.07409999994,416.8520518358531
1791562342,100,,Aggregated,59.100000,0.000000,740,920,1000,1100,1800,1900,2000,2100,2200,2400,2400,9374,0,740,759.3053880627341,8.24560000182828,2373.07409999994,416.8994026029443
1791562343,100,,Aggregated,52.100000,0.000000,710,920,1000,1100,1800,1900,2000,2100,2200,2400,2400,9566,0,710,755.5767790089925,8.24560000182828,2373.07409999994,416.97679280786116
1791562344,100,,Aggregated,59.300000,0.000000,680,910,1000,1100,1800,1900,2000,2100,2200,2400,2400,9748,0,680,752.3936308370966,8.24560000182828,2373.07409999994,417.0475995075913
1791562345,100,,Aggregated,70.900000,0.000000,680,910,1000,1100,1800,1900,2000,2100,2200,2400,2400,9778,0,680,753.1912005829415,8.24560000182828,2373.07409999994,417.0590100224995
1791562346,100,,Aggregated,82.000000,0.000000,700,920,1000,1100,1800,1900,2000,2100,2200,2400,2400,9854,0,700,759.9336512482239,8.24560000182828,2373.07409999994,417.08757864826464
1791562347,100,,Aggregated,83.000000,0.000000,700,920,1000,1100,1800,1900,2000,2100,2200,2400,2400,9883,0,700,762.8244304563381,8.24560000182828,2373.07409999994,417.0985530709299
1791562348,100,,Aggregated,87.000000,0.000000,720,920,1000,1100,1800,1900,2000,2100,2200,2400,2400,9964,0,720,772.1097461360895,8.24560000182828,2373.07409999994,417.12806101967084
1791562349,100,,Aggregated,83.500000,0.000000,730,930,1000,1100,1800,1900,2000,2100,2200,2400,2400,9992,0,730,774.8912739791824,8.24560000182828,2373.07409999994,417.1385108086469
1791562350,100,,Aggregated,83.700000,0.000000,730,930,1000,1100,1800,1900,2000,2100,2200,2300,2400,10072,0,730,783.6992075555983,8.24560000182828,2373.07409999994,417.1668983320095
1791562351,100,,Aggregated,83.300000,0.000000,740,930,1000,1100,1800,1900,2000,2100,2200,2300,2400,10094,0,740,786.1814035763795,8.24560000182828,2373.07409999994,417.17495541906084
1791562352,100,,Aggregated,81.900000,0.000000,740,940,1000,1200,1800,1900,2000,2100,2200,2300,2400,10178,0,740,795.6571131951256,8.24560000182828,2373.07409999994,417.21212418942815
1791562353,100,,Aggregated,82.800000,0.000000,750,940,1000,1200,1800,1900,2000,2100,2200,2300,2400,10194,0,750,797.2554007062976,8.24560000182828,2373.07409999994,417.2192466156563
1791562354,100,,Aggregated,82.300000,0.000000,760,950,1100,1200,1900,2000,2100,2100,2200,2300,2400,10280,0,760,807.5868958268494,8.24560000182828,2373.07409999994,417.25739299610893
1791562355,100,,Aggregated,64.100000,0.000000,760,950,1100,1200,1900,2000,2100,2100,2200,2300,2400,10306,0,760,809.9838464389685,8.24560000182828,2373.07409999994,417.26838734717643
1791562356,100,,Aggregated,58.600000,0.000000,760,960,1100,1200,1900,2000,2100,2100,2200,2300,2400,10383,0,760,817.2199680920763,8.24560000182828,2373.07409999994,417.30183954541076
1791562357,100,,Aggregated,52.400000,0.000000,770,960,1100,1200,1900,2000,2100,2100,2200,2300,2400,10420,0,770,820.7189090595041,8.24560000182828,2373.07409999994,417.3175623800384
1791562358,100,,Aggregated,53.100000,0.000000,770,960,1100,1300,1900,2000,2000,2100,2200,2300,2400,10485,0,770,827.1894328660024,8.24560000182828,2373.07409999994,417.345255126371
1791562359,100,,Aggregated,52.300000,0.000000,780,960,1100,1300,1900,2000,2100,2100,2300,2400,2500,10509,0,780,830.0394100199854,8.24560000182828,2546.2886999994225,417.35483870967744
1791562360,100,,Aggregated,53.000000,0.000000,780,970,1100,1500,1900,2000,2100,2200,2300,2400,2500,10589,0,780,840.2174562659403,8.24560000182828,2546.2886999994225,417.38870526017564
1791562361,100,,Aggregated,51.600000,0.000000,780,980,1100,1500,1900,2000,2100,2200,2300,2400,2500,10708,0,780,842.6468652689614,8.24560000182828,2546.2886999994225,417.4370564064251
1791562362,100,,Aggregated,52.500000,0.000000,780,970,1100,1300,1900,2000,2100,2200,2300,2400,2500,10896,0,780,839.8636711362037,8.24560000182828,2546.2886999994225,417.51183920704847
1791562363,100,,Aggregated,60.500000,0.000000,780,970,1100,1300,1900,2000,2100,2200,2300,2400,2500,10917,0,780,840.0058524136743,8.24560000182828,2546.2886999994225,417.5196482550151
1791562364,100,,Aggregated,63.300000,0.000000,780,980,1100,1500,1900,2000,2100,2200,2300,2400,2500,11003,0,780,845.0519714532473,8.24560000182828,2546.2886999994225,417.5528492229392
1791562365,100,,Aggregated,72.100000,0.000000,790,980,1100,1400,1900,2000,2100,2200,2300,2400,2500,11108,0,790,848.5604374775045,8.24560000182828,2546.2886999994225,417.59263593806264
1791562366,100,,Aggregated,72.500000,0.000000,790,980,1100,1400,1900,2000,2100,2200,2300,2400,2500,11207,0,790,848.8891310877252,8.24560000182828,2546.2886999994225,417.6295172659945
1791562367,100,,Aggregated,80.100000,0.000000,790,980,1100,1400,1900,2000,2100,2200,2300,2400,2500,11242,0,790,850.7301682174116,8.24560000182828,2546.2886999994225,417.64267923856966
1791562368,100,,Aggregated,81.700000,0.000000,800,990,1100,1500,1900,2000,2100,2200,2300,2400,2500,11317,0,800,855.9460613501926,8.24560000182828,2546.2886999994225,417.6697004506495
1791562369,100,,Aggregated,81.900000,0.000000,800,990,1200,1600,1900,2000,2100,2200,2300,2400,2500,11405,0,800,862.1641634195648,8.24560000182828,2546.2886999994225,417.70135905304693
1791562370,100,,Aggregated,82.500000,0.000000,800,990,1200,1600,1900,2000,2100,2200,2300,2400,2500,11426,0,800,863.3793652109349,8.24560000182828,2546.2886999994225,417.70864694556275
1791562371,100,,Aggregated,83.700000,0.000000,810,1000,1200,1600,1900,2000,2100,2200,2300,2400,2500,11517,0,810,869.9995417904089,8.24560000182828,2546.2886999994225,417.74064426499956
1791562372,100,,Aggregated,83.500000,0.000000,810,1000,1200,1600,1900,2000,2100,2200,2300,2400,2500,11543,0,810,871.6161360911486,8.24560000182828,2546.2886999994225,417.7498050766698
1791562373,100,,Aggregated,78.900000,0.000000,810,1000,1200,1600,1900,2000,2100,2200,2300,2400,2500,11623,0,810,877.623084633927,8.24560000182828,2546.2886999994225,417.7773380366515
1791562374,100,,Aggregated,72.100000,0.000000,810,1000,1200,1600,1900,2000,2100,2200,2300,2400,2500,11650,0,810,879.9752180944336,8.24560000182828,2546.2886999994225,417.78669527896994
1791562375,100,,Aggregated,70.800000,0.000000,820,1000,1200,1700,1900,2000,2100,2200,2300,2400,2500,11725,0,820,886.0940353091826,8.24560000182828,2546.2886999994225,417.81202558635397
1791562376,100,,Aggregated,63.200000,0.000000,820,1000,1200,1700,1900,2000,2100,2200,2300,2400,2500,11746,0,820,887.9930789715788,8.24560000182828,2546.2886999994225,417.8193427549804
1791562377,100,,Aggregated,62.800000,0.000000,830,1000,1300,1700,1900,2000,2100,2200,2300,2400,2500,11827,0,830,896.9638374228617,8.24560000182828,2546.2886999994225,417.8461148220174
1791562378,100,,Aggregated,53.200000,0.000000,830,1000,1300,1700,1900,2000,2100,2200,2300,2400,2500,11869,0,830,899.7528253180715,8.24560000182828,2546.2886999994225,417.86013986013984
1791562379,100,,Aggregated,60.000000,0.000000,830,1000,1400,1700,1900,2000,2100,2200,2300,2400,2500,11945,0,830,904.1264290163405,8.24560000182828,2546.2886999994225,417.88480535789034
1791562380,100,,Aggregated,53.000000,0.000000,840,1000,1300,1700,1900,2000,2100,2200,2300,2400,2500,12052,0,840,905.9806795718702,8.24560000182828,2546.2886999994225,417.91943245934283
1791562381,100,,Aggregated,59.400000,0.000000,840,1000,1300,1700,1900,2000,2100,2200,2300,2400,2500,12158,0,840,905.8388997614865,8.24560000182828,2546.2886999994225,417.95270603717717
1791562382,100,,Aggregated,61.300000,0.000000,850,1000,1300,1700,1900,2000,2100,2200,2300,2400,2500,12257,0,850,906.4488347556616,8.24560000182828,2546.2886999994225,417.983030105246
1791562383,100,,Aggregated,65.900000,0.000000,850,1000,1300,1700,1900,2000,2100,2200,2300,2400,2500,12362,0,850,907.2846747209298,8.24560000182828,2546.2886999994225,418.01569325351886
1791562384,100,,Aggregated,71.100000,0.000000,860,1000,1300,1700,1900,2000,2100,2200,2300,2400,2500,12474,0,860,907.6427161215427,8.24560000182828,2546.2886999994225,418.04922238255574
1791562385,100,,Aggregated,72.300000,0.000000,860,1000,1200,1600,1900,2000,2100,2200,2300,2400,2500,12577,0,860,907.6526662240684,8.24560000182828,2546.2886999994225,418.0794307068458
1791562386,100,,Aggregated,81.100000,0.000000,860,1000,1200,1600,1900,2000,2100,2200,2300,2400,2500,12683,0,860,908.1153922494772,8.24560000182828,2546.2886999994225,418.1104628242529
1791562387,100,,Aggregated,82.500000,0.000000,870,1000,1200,1600,1900,2000,2100,2200,2300,2400,2500,12786,0,870,908.900877295488,8.24560000182828,2546.2886999994225,418.1399186610355
1791562388,100,,Aggregated,92.300000,0.000000,870,1000,1200,1600,1900,2000,2100,2200,2300,2400,2500,12901,0,870,908.9649831020935,8.24560000182828,2546.2886999994225,418.1721571971165
1791562389,100,,Aggregated,93.800000,0.000000,870,1000,1200,1600,1900,2000,2100,2200,2300,2400,2500,12997,0,870,909.0467359621516,8.24560000182828,2546.2886999994225,418.1981995845195
1791562390,100,,Aggregated,102.000000,0.000000,880,1000,1200,1600,1900,2000,2100,2200,2300,2400,2500,13098,0,880,909.8164178805968,8.24560000182828,2546.2886999994225,418.22545426782716
1791562391,100,,Aggregated,103.500000,0.000000,880,1000,1200,1600,1900,2000,2100,2200,2300,2400,2500,13204,0,880,910.1692097546224,8.24560000182828,2546.2886999994225,418.25431687367467
1791562392,100,,Aggregated,103.500000,0.000000,880,1000,1200,1600,1900,2000,2100,2200,2300,2400,2500,13297,0,880,911.094381379261,8.24560000182828,2546.2886999994225,418.2790103030759
1791562393,100,,Aggregated,103.800000,0.000000,880,1000,1200,1600,1900,2000,2100,2200,2300,2400,2500,13390,0,880,912.0418496191216,8.24560000182828,2546.2886999994225,418.30313666915606
1791562394,100,,Aggregated,103.200000,0.000000,890,1000,1200,1600,1900,2000,2100,2200,2300,2400,2500,13495,0,890,913.4137315079686,8.24560000182828,2546.2886999994225,418.32997406446833
1791562395,100,,Aggregated,103.300000,0.000000,890,1000,1200,1600,1900,2000,2100,2200,2300,2400,2500,13599,0,890,913.9727965806346,8.24560000182828,2546.2886999994225,418.35627619677916
1791562396,100,,Aggregated,102.500000,0.000000,890,1000,1200,1600,1900,2000,2100,2200,2300,2400,2500,13694,0,890,914.7158197458776,8.24560000182828,2546.2886999994225,418.3797283481817
1791562397,100,,Aggregated,100.900000,0.000000,900,1000,1200,1600,1900,2000,2100,2200,2300,2400,2500,13715,0,900,915.5174372949359,8.24560000182828,2546.2886999994225,418.38483412322273
1791562398,100,,Aggregated,98.800000,0.000000,900,1000,1200,1600,1900,2000,2100,2200,2300,2400,2500,13802,0,900,921.7302896102047,8.24560000182828,2546.2886999994225,418.4059556586002
1791562399,100,,Aggregated,94.900000,0.000000,900,1000,1200,1600,1900,2000,2100,2200,2300,2400,2500,13820,0,900,922.9795007452996,8.24560000182828,2546.2886999994225,418.4102026049204
1791562400,100,,Aggregated,90.000000,0.000000,900,1000,1200,1600,1900,2000,2100,2200,2300,2400,2500,13905,0,900,929.205346458112,8.24560000182828,2546.2886999994225,418.43085221143474
1791562401,100,,Aggregated,84.400000,0.000000,900,1000,1200,1600,1900,2000,2100,2200,2300,2400,2500,13930,0,900,930.653192763824,8.24560000182828,2546.2886999994225,418.4369705671213
1791562402,100,,Aggregated,79.500000,0.000000,900,1000,1200,1600,1900,2000,2100,2200,2300,2400,2500,14009,0,900,935.7814631594023,8.24560000182828,2546.2886999994225,418.4557070454708
1791562403,100,,Aggregated,73.900000,0.000000,910,1000,1200,1700,1900,2000,2100,2200,2300,2400,2500,14067,0,910,939.0321170469949,8.24560000182828,2546.2886999994225,418.469609724888
1791562404,100,,Aggregated,72.200000,0.000000,910,1000,1200,1700,1900,2000,2100,2200,2300,2400,2500,14208,0,910,941.2307587204447,8.24560000182828,2546.2886999994225,418.5019003378378
1791562405,100,,Aggregated,64.800000,0.000000,900,1000,1200,1700,1900,2000,2100,2200,2300,2400,2500,14316,0,900,940.2908081587084,8.24560000182828,2546.2886999994225,418.52640402347026
1791562406,100,,Aggregated,64.800000,0.000000,900,1000,1200,1600,1900,2000,2100,2200,2300,2400,2500,14431,0,900,938.9018359018812,8.24560000182828,2546.2886999994225,418.5524218695863
1791562407,100,,Aggregated,66.800000,0.000000,900,1000,1200,1600,1900,2000,2100,2200,2300,2400,2500,14567,0,900,936.9542232649151,8.24560000182828,2546.2886999994225,418.5823436534633
1791562408,100,,Aggregated,69.500000,0.000000,890,1000,1200,1600,1900,2000,2100,2200,2300,2400,2500,14730,0,890,934.5811143177197,8.24560000182828,2546.2886999994225,418.61744738628647
1791562409,100,,Aggregated,80.200000,0.000000,890,1000,1200,1600,1900,2000,2100,2200,2300,2400,2500,14839,0,890,933.8693936114302,8.24560000182828,2546.2886999994225,418.64067659545793
1791562410,100,,Aggregated,87.400000,0.000000,890,1000,1200,1600,1900,2000,2100,2200,2300,2400,2500,14956,0,890,932.3831704399582,8.24560000182828,2546.2886999994225,418.66468307033966
1791562411,100,,Aggregated,93.600000,0.000000,880,1000,1200,1600,1900,2000,2100,2200,2300,2400,2500,15140,0,880,929.648252252313,8.24560000182828,2546.2886999994225,418.70244385733156
1791562412,100,,Aggregated,100.000000,0.000000,880,1000,1200,1600,1900,2000,2100,2200,2300,2400,2500,15254,0,880,928.2261521174797,8.24560000182828,2546.2886999994225,418.725449062541
1791562413,100,,Aggregated,112.900000,0.000000,870,1000,1200,1600,1900,2000,2100,2200,2300,2400,2500,15370,0,870,927.1947755367629,8.24560000182828,2546.2886999994225,418.7484710474951
1791562414,100,,Aggregated,116.400000,0.000000,870,1000,1200,1600,1900,2000,2100,2200,2300,2400,2500,15554,0,870,924.5986752411,8.24560000182828,2546.2886999994225,418.7839783978398
1791562415,100,,Aggregated,125.300000,0.000000,860,1000,1200,1600,1900,2000,2100,2200,2300,2400,2500,15668,0,860,923.381240451881,8.24560000182828,2546.2886999994225,418.80565483788615
1791562416,100,,Aggregated,134.200000,0.000000,860,1000,1100,1600,1800,2000,2100,2200,2300,2400,2500,15786,0,860,921.954398815411,8.24560000182828,2546.2886999994225,418.8277587735969
1791562417,100,,Aggregated,134.300000,0.000000,860,1000,1100,1500,1800,2000,2100,2200,2300,2400,2500,15892,0,860,920.6373219607409,8.24560000182828,2546.2886999994225,418.84734457588723
1791562418,100,,Aggregated,134.600000,0.000000,860,1000,1100,1500,1800,2000,2100,2200,2300,2400,2500,15993,0,860,921.3881993309634,8.24560000182828,2546.2886999994225,418.8656287125618
1791562419,100,,Aggregated,135.900000,0.000000,860,1000,1100,1500,1800,2000,2100,2200,2300,2400,2500,16095,0,860,922.0170467350176,8.24560000182828,2546.2886999994225,418.8838769804287
1791562420,100,,Aggregated,130.200000,0.000000,860,1000,1100,1500,1800,2000,2100,2200,2300,2400,2500,16261,0,860,920.8689859110814,8.24560000182828,2546.2886999994225,418.9134124592583
1791562421,100,,Aggregated,127.200000,0.000000,860,1000,1100,1500,1800,2000,2100,2200,2300,2400,2500,16391,0,860,919.4451991336764,8.24560000182828,2546.2886999994225,418.9360014642182
1791562422,100,,Aggregated,130.200000,0.000000,860,1000,1100,1500,1800,2000,2100,2200,2300,2400,2500,16504,0,860,918.3961612154671,8.24560000182828,2546.2886999994225,418.9551623848764
1791562423,100,,Aggregated,125.200000,0.000000,850,1000,1100,1400,1800,2000,2100,2200,2300,2400,2500,16647,0,850,916.6679257523906,8.24560000182828,2546.2886999994225,418.9792154742596
1791562424,100,,Aggregated,124.800000,0.000000,850,1000,1100,1400,1800,1900,2100,2200,2300,2400,2500,16807,0,850,914.5329960790194,8.24560000182828,2546.2886999994225,419.00571190575357
1791562425,100,,Aggregated,126.200000,0.000000,850,1000,1100,1400,1800,1900,2100,2200,2300,2400,2500,16920,0,850,913.8310345449229,8.24560000182828,2546.2886999994225,419.02417257683214
1791562426,100,,Aggregated,124.900000,0.000000,840,1000,1100,1300,1800,1900,2100,2200,2300,2400,2500,17043,0,840,912.6371924250507,8.24560000182828,2546.2886999994225,419.0440650120284
1791562427,100,,Aggregated,125.200000,0.000000,840,990,1100,1300,1800,1900,2100,2200,2300,2400,2500,17219,0,840,910.6698491898571,8.24560000182828,2546.2886999994225,419.0717230965794
1791562428,100,,Aggregated,125.600000,0.000000,830,990,1100,1300,1800,1900,2100,2200,2300,2400,2500,17338,0,830,909.4516258968818,8.24560000182828,2546.2886999994225,419.09020648287
1791562429,100,,Aggregated,124.500000,0.000000,830,990,1100,1300,1800,1900,2100,2200,2300,2400,2500,17457,0,830,908.0116404536932,8.24560000182828,2546.2886999994225,419.1083805923125
1791562430,100,,Aggregated,129.900000,0.000000,830,980,1100,1300,1800,1900,2100,2200,2300,2400,2500,17635,0,830,906.5635273093369,8.24560000182828,2546.2886999994225,419.1350722994046
1791562431,100,,Aggregated,134.000000,0.000000,830,980,1100,1200,1800,1900,2100,2200,2300,2400,2500,17750,0,830,905.5374299267706,8.24560000182828,2546.2886999994225,419.15211267605633
1791562432,100,,Aggregated,133.700000,0.000000,820,980,1100,1200,1800,1900,2100,2200,2300,2400,2500,17858,0,820,904.7208170847924,8.24560000182828,2546.2886999994225,419.16799193638707
1791562433,100,,Aggregated,135.600000,0.000000,830,980,1100,1200,1800,1900,2100,2200,2300,2400,2500,17960,0,830,905.3025312305241,8.24560000182828,2546.2886999994225,419.18279510022273
1791562434,100,,Aggregated,136.400000,0.000000,830,980,1100,1200,1800,1900,2100,2200,2300,2400,2500,17991,0,830,905.8902476627323,8.24560000182828,2546.2886999994225,419.1871491301206
1791562435,100,,Aggregated,133.800000,0.000000,830,990,1100,1300,1800,1900,2100,2200,2300,2400,2500,18063,0,830,909.3202031722427,8.24560000182828,2546.2886999994225,419.19730941704034
1791562436,100,,Aggregated,126.300000,0.000000,830,990,1100,1300,1800,1900,2100,2200,2300,2400,2500,18082,0,830,910.5608552427956,8.24560000182828,2546.2886999994225,419.200088485787
1791562437,100,,Aggregated,118.300000,0.000000,830,990,1100,1300,1800,2000,2100,2200,2300,2400,2500,18168,0,830,916.1848985138839,8.24560000182828,2546.2886999994225,419.21218626155877
1791562438,100,,Aggregated,112.900000,0.000000,830,990,1100,1300,1800,2000,2100,2200,2300,2400,2500,18184,0,830,916.8834120930619,8.24560000182828,2546.2886999994225,419.21452925648924
1791562439,100,,Aggregated,98.100000,0.000000,830,990,1100,1400,1800,2000,2100,2200,2300,2400,2500,18268,0,830,922.4043832932035,8.24560000182828,2546.2886999994225,419.2261878694986
1791562440,100,,Aggregated,94.000000,0.000000,830,990,1100,1400,1800,2000,2100,2200,2300,2400,2500,18284,0,830,923.2704680376419,8.24560000182828,2546.2886999994225,419.22839641216365
1791562441,100,,Aggregated,83.500000,0.000000,840,1000,1100,1500,1900,2000,2100,2200,2300,2500,2500,18368,0,840,928.789302863689,8.24560000182828,2546.2886999994225,419.2399825783972
1791562442,100,,Aggregated,77.600000,0.000000,840,1000,1100,1500,1900,2000,2100,2200,2300,2500,2500,18386,0,840,929.7908600348225,8.24560000182828,2546.2886999994225,419.2424127053193
1791562443,100,,Aggregated,64.000000,0.000000,840,1000,1100,1500,1900,2000,2100,2200,2300,2500,2500,18449,0,840,933.704348994539,8.24560000182828,2546.2886999994225,419.2509621117676
1791562444,100,,Aggregated,60.900000,0.000000,840,1000,1100,1500,1900,2000,2100,2200,2300,2500,2500,18490,0,840,936.099140692279,8.24560000182828,2546.2886999994225,419.2566792861006
1791562445,100,,Aggregated,51.800000,0.000000,840,1000,1100,1600,1900,2000,2100,2200,2300,2500,2500,18573,0,840,940.3059664405433,8.24560000182828,2546.2886999994225,419.2678619501427
1791562446,100,,Aggregated,50.800000,0.000000,840,1000,1100,1600,1900,2000,2100,2200,2300,2500,2500,18594,0,840,941.3192450306672,8.24560000182828,2546.2886999994225,419.2705711519845
1791562447,100,,Aggregated,49.000000,0.000000,840,1000,1100,1600,1900,2000,2100,2200,2300,2500,2500,18685,0,840,945.9662104629499,8.24560000182828,2546.2886999994225,419.2827401659085
1791562448,100,,Aggregated,51.400000,0.000000,850,1000,1100,1600,1900,2000,2100,2200,2300,2500,2500,18715,0,850,946.9373268447888,8.24560000182828,2546.2886999994225,419.28650814854393
1791562449,100,,Aggregated,50.600000,0.000000,850,1000,1200,1600,1900,2000,2100,2200,2300,2500,2500,18802,0,850,948.9073349962895,8.24560000182828,2546.2886999994225,419.29784065524944
1791562450,100,,Aggregated,51.300000,0.000000,850,1000,1200,1600,1900,2000,2100,2200,2300,2500,2500,18900,0,850,950.343234788371,8.24560000182828,2546.2886999994225,419.31095238095236
1791562451,100,,Aggregated,53.000000,0.000000,850,1000,1200,1600,1900,2000,2100,2200,2300,2500,2500,18995,0,850,951.5708467912716,8.24560000182828,2546.2886999994225,419.32319031324033
1791562452,100,,Aggregated,52.800000,0.000000,850,1000,1200,1600,1900,2000,2100,2200,2300,2500,2500,19018,0,850,952.1039563255971,8.24560000182828,2546.2886999994225,419.3260069407929
1791562453,100,,Aggregated,61.400000,0.000000,850,1000,1200,1600,1900,2000,2100,2200,2300,2500,2500,19099,0,850,955.6086700979205,8.24560000182828,2546.2886999994225,419.3365097649092
1791562454,100,,Aggregated,62.100000,0.000000,860,1000,1200,1600,1900,2000,2100,2200,2300,2500,2500,19130,0,860,956.9206825875686,8.24560000182828,2546.2886999994225,419.3401986408782
1791562455,100,,Aggregated,63.100000,0.000000,860,1000,1200,1600,1900,2000,2100,2200,2300,2500,2500,19221,0,860,959.731423963384,8.24560000182828,2546.2886999994225,419.35185474220907
1791562456,100,,Aggregated,62.500000,0.000000,860,1000,1200,1600,1900,2000,2100,2200,2300,2500,2500,19321,0,860,961.1032444231773,8.24560000182828,2546.2886999994225,419.3641115884271
1791562457,100,,Aggregated,64.200000,0.000000,860,1000,1200,1600,1900,2000,2100,2200,2300,2500,2500,19421,0,860,961.2922625920504,8.24560000182828,2546.2886999994225,419.3764481746563
1791562458,100,,Aggregated,64.200000,0.000000,870,1000,1200,1600,1900,2000,2100,2200,2300,2500,2500,19502,0,870,962.7572304122763,8.24560000182828,2546.2886999994225,419.38631935186135
1791562459,100,,Aggregated,72.400000,0.000000,870,1000,1200,1600,1900,2000,2100,2200,2300,2500,2500,19533,0,870,963.4475747913893,8.24560000182828,2546.2886999994225,419.39010904622944
1791562460,100,,Aggregated,73.500000,0.000000,870,1000,1200,1600,1900,2000,2100,2200,2300,2500,2500,19627,0,870,966.6924309318899,8.24560000182828,2546.2886999994225,419.4015386966933
1791562461,100,,Aggregated,78.300000,0.000000,870,1000,1200,1600,1900,2000,2100,2200,2300,2500,2500,19657,0,870,967.4260007681847,8.24560000182828,2546.2886999994225,419.40509742076614
1791562463,100,,Aggregated,72.900000,0.000000,870,1000,1300,1600,1900,2000,2100,2200,2300,2500,2500,19736,0,870,969.64438387719,8.24560000182828,2546.2886999994225,419.4146230239157
1791562464,100,,Aggregated,72.600000,0.000000,870,1000,1300,1600,1900,2000,2100,2200,2300,2500,2500,19829,0,870,972.068488441183,8.24560000182828,2546.2886999994225,419.4255887841041
1791562465,100,,Aggregated,71.600000,0.000000,870,1000,1300,1600,1900,2000,2100,2200,2300,2500,2500,19859,0,870,972.9242606576472,8.24560000182828,2546.2886999994225,419.4291253336019
1791562466,100,,Aggregated,71.600000,0.000000,880,1000,1300,1600,1900,2000,2100,2200,2300,2500,2500,19949,0,880,975.4064329239675,8.24560000182828,2546.2886999994225,419.43977141711366
1791562467,100,,Aggregated,72.500000,0.000000,880,1000,1300,1600,1900,2000,2100,2200,2300,2400,2500,20076,0,880,975.0644782128029,8.24560000182828,2546.2886999994225,419.45452281330944
1791562468,100,,Aggregated,72.600000,0.000000,870,1000,1300,1600,1900,2000,2100,2200,2300,2400,2500,20237,0,870,973.249893966509,8.24560000182828,2546.2886999994225,419.4726491080694
1791562469,100,,Aggregated,75.200000,0.000000,870,1000,1300,1600,1900,2000,2100,2200,2300,2400,2500,20344,0,870,972.7230834791702,8.24560000182828,2546.2886999994225,419.4846637829335
1791562470,100,,Aggregated,81.500000,0.000000,880,1000,1300,1600,1900,2000,2100,2200,2300,2400,2500,20451,0,880,972.782008625508,8.24560000182828,2546.2886999994225,419.49669942790086
1791562471,100,,Aggregated,84.100000,0.000000,880,1000,1300,1600,1900,2000,2100,2200,2300,2400,2500,20557,0,880,972.5302104927879,8.24560000182828,2546.2886999994225,419.50829401177214
1791562472,100,,Aggregated,91.500000,0.000000,880,1000,1200,1600,1900,2000,2100,2200,2300,2400,2500,20660,0,880,972.560201626344,8.24560000182828,2546.2886999994225,419.51955469506294
1791562473,100,,Aggregated,92.700000,0.000000,880,1000,1200,1600,1900,2000,2100,2200,2300,2400,2500,20738,0,880,973.0064898543874,8.24560000182828,2546.2886999994225,419.5278233195101
1791562474,100,,Aggregated,100.000000,0.000000,890,1000,1200,1600,1900,2000,2100,2200,2300,2400,2500,20858,0,890,973.1427351040511,8.24560000182828,2546.2886999994225,419.54089557963374
1791562475,100,,Aggregated,98.700000,0.000000,880,1000,1200,1600,1900,2000,2100,2200,2300,2400,2500,20983,0,880,972.3125772577965,8.24560000182828,2546.2886999994225,419.5540199208883
1791562476,100,,Aggregated,100.500000,0.000000,890,1000,1200,1600,1900,2000,2100,2200,2300,2400,2500,21086,0,890,971.97527414874,8.24560000182828,2546.2886999994225,419.5648297448544
1791562477,100,,Aggregated,112.300000,0.000000,890,1000,1200,1600,1900,2000,2100,2200,2300,2400,2500,21176,0,890,972.6334370136165,8.24560000182828,2546.2886999994225,419.57409331318473
1791562478,100,,Aggregated,113.500000,0.000000,890,1000,1200,1600,1900,2000,2100,2200,2300,2400,2500,21288,0,890,972.7151561725087,8.24560000182828,2546.2886999994225,419.5856350995866
1791562479,100,,Aggregated,106.600000,0.000000,890,1000,1200,1500,1900,2000,2100,2200,2300,2400,2500,21400,0,890,972.1079029392686,8.24560000182828,2546.2886999994225,419.5971028037383
1791562480,100,,Aggregated,102.400000,0.000000,890,1000,1200,1500,1800,2000,2100,2200,2300,2400,2500,21511,0,890,971.4889416484752,8.24560000182828,2546.2886999994225,419.6080145042072
1791562481,100,,Aggregated,105.200000,0.000000,890,1000,1200,1500,1800,2000,2100,2200,2300,2400,2500,21617,0,890,971.0892403293881,8.24560000182828,2546.2886999994225,419.61863348290694
1791562482,100,,Aggregated,105.700000,0.000000,890,1000,1200,1500,1800,2000,2100,2200,2300,2400,2500,21725,0,890,970.5036420621576,8.24560000182828,2546.2886999994225,419.6292750287687
1791562483,100,,Aggregated,105.900000,0.000000,890,1000,1200,1500,1800,2000,2100,2200,2300,2400,2500,21834,0,890,969.9896920262161,8.24560000182828,2546.2886999994225,419.63978199138955
1791562484,100,,Aggregated,106.400000,0.000000,890,1000,1200,1500,1800,2000,2100,2200,2300,2400,2500,21950,0,890,969.3608399362348,8.24560000182828,2546.2886999994225,419.65120728929384
1791562485,100,,Aggregated,110.400000,0.000000,880,1000,1200,1500,1800,2000,2100,2200,2300,2400,2500,22047,0,880,968.9765864970452,8.24560000182828,2546.2886999994225,419.6604526692974
1791562486,100,,Aggregated,110.400000,0.000000,890,1000,1200,1500,1800,2000,2100,2200,2300,2400,2500,22151,0,890,969.2754707868872,8.24560000182828,2546.2886999994225,419.6704437722902
1791562487,100,,Aggregated,105.900000,0.000000,890,1000,1200,1500,1800,2000,2100,2200,2300,2400,2500,22263,0,890,969.05774580696,8.24560000182828,2546.2886999994225,419.6808606207609
1791562488,100,,Aggregated,106.100000,0.000000,890,1000,1200,1500,1800,2000,2100,2200,2300,2400,2500,22389,0,890,968.5764591361982,8.24560000182828,2546.2886999994225,419.69217026218234
1791562489,100,,Aggregated,111.600000,0.000000,890,1000,1200,1500,1800,2000,2100,2200,2300,2400,2500,22476,0,890,968.3902503114582,8.24560000182828,2546.2886999994225,419.70061398825413
1791562490,100,,Aggregated,110.900000,0.000000,890,1000,1200,1500,1800,2000,2100,2200,2300,2400,2500,22615,0,890,968.2575373690185,8.24560000182828,2546.2886999994225,419.7130665487508
1791562491,100,,Aggregated,107.000000,0.000000,890,1000,1200,1500,1800,2000,2100,2200,2300,2400,2500,22753,0,890,967.3082954028196,8.24560000182828,2546.2886999994225,419.72557464949676
1791562492,100,,Aggregated,107.100000,0.000000,880,1000,1200,1500,1800,2000,2100,2200,2300,2400,2500,22867,0,880,966.5208161236866,8.24560000182828,2546.2886999994225,419.7357764464075
1791562493,100,,Aggregated,111.900000,0.000000,880,1000,1200,1400,1800,2000,2100,2200,2300,2400,2500,22973,0,880,966.1021040177724,8.24560000182828,2546.2886999994225,419.74513559395814
1791562494,100,,Aggregated,114.000000,0.000000,880,1000,1200,1400,1800,2000,2100,2200,2300,2400,2500,23084,0,880,965.5564791327446,8.24560000182828,2546.2886999994225,419.75480852538556
1791562495,100,,Aggregated,114.100000,0.000000,880,1000,1200,1400,1800,2000,2100,2200,2300,2400,2500,23190,0,880,965.0807118973813,8.24560000182828,2546.2886999994225,419.76403622250973
1791562496,100,,Aggregated,113.600000,0.000000,880,1000,1100,1400,1800,2000,2100,2200,2300,2400,2500,23298,0,880,964.8252629496217,8.24560000182828,2546.2886999994225,419.7734140269551
1791562497,100,,Aggregated,114.300000,0.000000,890,1000,1100,1400,1800,2000,2100,2200,2300,2400,2500,23403,0,890,964.8145494851223,8.24560000182828,2546.2886999994225,419.7822074093065
1791562498,100,,Aggregated,114.500000,0.000000,880,1000,1100,1400,1800,2000,2100,2200,2300,2400,2500,23519,0,880,964.3191859262857,8.24560000182828,2546.2886999994225,419.79161528976573
1791562499,100,,Aggregated,113.800000,0.000000,880,1000,1100,1400,1800,2000,2100,2200,2300,2400,2500,23623,0,880,964.022109461132,8.24560000182828,2546.2886999994225,419.8004910468611
1791562500,100,,Aggregated,113.500000,0.000000,880,1000,1100,1400,1800,2000,2100,2200,2300,2400,2500,23780,0,880,963.4194778637627,8.24560000182828,2546.2886999994225,419.81341463414634
1791562501,100,,Aggregated,114.200000,0.000000,890,1000,1100,1400,1800,2000,2100,2200,2300,2400,2500,23899,0,890,963.0977987865718,8.24560000182828,2546.2886999994225,419.822921461149
1791562502,100,,Aggregated,115.100000,0.000000,880,1000,1100,1400,1800,2000,2100,2200,2300,2400,2500,24008,0,880,962.5388121542934,8.24560000182828,2546.2886999994225,419.83184771742754
1791562503,100,,Aggregated,110.400000,0.000000,880,1000,1100,1400,1800,2000,2100,2200,2300,2400,2500,24119,0,880,961.8481662258085,8.24560000182828,2546.2886999994225,419.84078941913015
1791562504,100,,Aggregated,113.000000,0.000000,880,1000,1100,1400,1800,2000,2100,2200,2300,2400,2500,24226,0,880,961.173703892524,8.24560000182828,2546.2886999994225,419.8492528688186
1791562505,100,,Aggregated,114.300000,0.000000,880,1000,1100,1300,1800,2000,2100,2200,2300,2400,2500,24344,0,880,960.6493643238691,8.24560000182828,2546.2886999994225,419.85856884653305
1791562506,100,,Aggregated,114.400000,0.000000,880,1000,1100,1300,1800,1900,2100,2200,2300,2400,2500,24481,0,880,959.8431077733875,8.24560000182828,2546.2886999994225,419.86928638536006
1791562507,100,,Aggregated,114.500000,0.000000,880,1000,1100,1300,1800,1900,2100,2200,2300,2400,2500,24622,0,880,959.0681535334373,8.24560000182828,2546.2886999994225,419.8799447648444
1791562508,100,,Aggregated,115.500000,0.000000,880,1000,1100,1300,1800,1900,2100,2200,2300,2400,2500,24735,0,880,958.6114208126263,8.24560000182828,2546.2886999994225,419.88857893672935
1791562509,100,,Aggregated,117.100000,0.000000,880,1000,1100,1300,1800,1900,2100,2200,2300,2400,2500,24849,0,880,957.8660481669406,8.24560000182828,2546.2886999994225,419.897178960924
1791562510,100,,Aggregated,119.400000,0.000000,880,990,1100,1300,1800,1900,2100,2200,2300,2400,2500,24957,0,880,957.2624774051502,8.24560000182828,2546.2886999994225,419.90531714549024
1791562511,100,,Aggregated,123.200000,0.000000,870,990,1100,1300,1800,1900,2100,2200,2300,2400,2500,25067,0,870,956.7761939801468,8.24560000182828,2546.2886999994225,419.9133921091475
1791562512,100,,Aggregated,122.100000,0.000000,870,990,1100,1300,1800,1900,2100,2200,2300,2400,2500,25189,0,870,956.3465612370607,8.24560000182828,2546.2886999994225,419.92210885704077
1791562513,100,,Aggregated,121.900000,0.000000,870,990,1100,1300,1800,1900,2100,2200,2300,2400,2500,25322,0,870,955.7595648922014,8.24560000182828,2546.2886999994225,419.9315614880341
1791562514,100,,Aggregated,117.100000,0.000000,870,990,1100,1300,1800,1900,2100,2200,2300,2400,2500,25457,0,870,955.3431045370739,8.24560000182828,2546.2886999994225,419.94170562124367
1791562515,100,,Aggregated,116.700000,0.000000,870,980,1100,1300,1800,1900,2100,2200,2300,2400,2500,25566,0,870,954.8177957091573,8.24560000182828,2546.2886999994225,419.9494250176015
1791562516,100,,Aggregated,117.100000,0.000000,870,980,1100,1300,1800,1900,2100,2200,2300,2400,2500,25680,0,870,954.2850830296069,8.24560000182828,2546.2886999994225,419.957515576324
1791562517,100,,Aggregated,120.400000,0.000000,870,980,1100,1300,1800,1900,2100,2200,2300,2400,2500,25791,0,870,953.6302641425419,8.24560000182828,2546.2886999994225,419.9653367453763
1791562518,100,,Aggregated,122.100000,0.000000,870,980,1100,1200,1800,1900,2100,2200,2300,2400,2500,25898,0,870,953.4325166113344,8.24560000182828,2546.2886999994225,419.9727005946405
1791562519,100,,Aggregated,121.600000,0.000000,870,980,1100,1200,1800,1900,2100,2200,2300,2400,2500,26020,0,870,952.8636124942471,8.24560000182828,2546.2886999994225,419.98112990007684
1791562520,100,,Aggregated,118.900000,0.000000,870,980,1100,1200,1800,1900,2100,2200,2300,2400,2500,26141,0,870,952.2608084044338,8.24560000182828,2546.2886999994225,419.9893653647527
1791562521,100,,Aggregated,115.900000,0.000000,870,980,1100,1200,1800,1900,2100,2200,2300,2400,2500,26295,0,870,951.7217137592813,8.24560000182828,2546.2886999994225,419.9996577296064
1791562522,100,,Aggregated,116.100000,0.000000,870,970,1100,1200,1800,1900,2100,2200,2300,2400,2500,26403,0,870,951.1265352270688,8.24560000182828,2546.2886999994225,420.0067416581449
1791562523,100,,Aggregated,116.500000,0.000000,870,970,1100,1200,1800,1900,2100,2200,2300,2400,2500,26519,0,870,950.4788630001248,8.24560000182828,2546.2886999994225,420.01444247520647
1791562524,100,,Aggregated,119.400000,0.000000,870,970,1100,1200,1800,1900,2100,2200,2300,2400,2500,26626,0,870,949.9253907684339,8.24560000182828,2546.2886999994225,420.02148276121085
1791562525,100,,Aggregated,122.600000,0.000000,870,970,1100,1200,1800,1900,2100,2200,2300,2400,2500,26736,0,870,949.6396226698204,8.24560000182828,2546.2886999994225,420.0285383004189
1791562526,100,,Aggregated,122.300000,0.000000,870,970,1100,1200,1800,1900,2100,2200,2300,2400,2500,26841,0,870,949.519596162599,8.24560000182828,2546.2886999994225,420.035468127119
1791562527,100,,Aggregated,118.700000,0.000000,870,970,1100,1200,1800,1900,2100,2200,2300,2400,2500,26939,0,870,949.9495802219949,8.24560000182828,2546.2886999994225,420.04168677382233
1791562528,100,,Aggregated,115.900000,0.000000,870,970,1100,1200,1800,1900,2100,2200,2300,2400,2500,27040,0,870,950.4236919267865,8.24560000182828,2546.2886999994225,420.0480399408284
1791562529,100,,Aggregated,114.100000,0.000000,870,980,1100,1200,1800,1900,2100,2200,2300,2400,2500,27139,0,870,950.7785697483426,8.24560000182828,2546.2886999994225,420.0542392866355
1791562530,100,,Aggregated,113.300000,0.000000,870,980,1100,1200,1800,1900,2100,2200,2300,2400,2500,27233,0,870,951.304619718734,8.24560000182828,2546.2886999994225,420.06022105533725
1791562531,100,,Aggregated,112.100000,0.000000,870,980,1100,1200,1800,1900,2100,2200,2300,2400,2500,27262,0,870,951.6516723791457,8.24560000182828,2546.2886999994225,420.0620277309075
1791562532,100,,Aggregated,107.900000,0.000000,870,980,1100,1200,1800,1900,2100,2200,2300,2400,2500,27350,0,870,953.7805001608879,8.24560000182828,2546.2886999994225,420.06760511883
1791562533,100,,Aggregated,103.300000,0.000000,870,980,1100,1200,1800,1900,2100,2200,2300,2400,2500,27443,0,870,955.4820480997089,8.24560000182828,2546.2886999994225,420.0732427212768
1791562534,100,,Aggregated,98.400000,0.000000,880,980,1100,1200,1800,1900,2100,2200,2300,2400,2500,27477,0,880,955.8124465880669,8.24560000182828,2546.2886999994225,420.0754085234924
1791562535,100,,Aggregated,87.000000,0.000000,880,990,1100,1200,1800,1900,2100,2200,2300,2400,2500,27566,0,880,956.8178410360707,8.24560000182828,2546.2886999994225,420.0808242037292
1791562536,100,,Aggregated,84.800000,0.000000,880,990,1100,1200,1800,1900,2100,2200,2300,2400,2500,27651,0,880,958.6071757404924,8.24560000182828,2546.2886999994225,420.0858920111388
1791562537,100,,Aggregated,83.600000,0.000000,880,990,1100,1300,1800,1900,2100,2200,2300,2400,2500,27684,0,880,959.2548840774588,8.24560000182828,2546.2886999994225,420.08802918653373
1791562538,100,,Aggregated,76.800000,0.000000,880,990,1100,1300,1800,1900,2100,2200,2300,2400,2500,27788,0,880,960.6388674104062,8.24560000182828,2546.2886999994225,420.0941053692241
1791562539,100,,Aggregated,74.700000,0.000000,880,990,1100,1300,1800,1900,2100,2200,2300,2400,2500,27942,0,880,960.0409758678827,8.24560000182828,2546.2886999994225,420.103571684203
1791562540,100,,Aggregated,74.500000,0.000000,880,990,1100,1300,1800,1900,2100,2200,2300,2400,2500,28077,0,880,959.0110118139535,8.24560000182828,2546.2886999994225,420.11137229761016
1791562541,100,,Aggregated,75.800000,0.000000,880,990,1100,1200,1800,1900,2100,2200,2300,2400,2500,28190,0,880,958.4039283043766,8.24560000182828,2546.2886999994225,420.11805604824406
1791562542,100,,Aggregated,80.900000,0.000000,880,990,1100,1200,1800,1900,2100,2200,2300,2400,2500,28298,0,880,958.0807332603138,8.24560000182828,2546.2886999994225,420.12431973991096
1791562543,100,,Aggregated,89.200000,0.000000,870,980,1100,1200,1800,1900,2100,2200,2300,2400,2500,28422,0,870,957.2675684575443,8.24560000182828,2546.2886999994225,420.13137710224476
1791562544,100,,Aggregated,93.500000,0.000000,870,980,1100,1200,1800,1900,2100,2200,2300,2400,2500,28543,0,870,956.5699314367903,8.24560000182828,2546.2886999994225,420.1383176260379
1791562545,100,,Aggregated,102.100000,0.000000,870,980,1100,1200,1800,1900,2100,2200,2300,2400,2500,28658,0,870,956.3430814327689,8.24560000182828,2546.2886999994225,420.1446716449159
1791562546,100,,Aggregated,104.600000,0.000000,870,980,1100,1200,1800,1900,2100,2200,2300,2400,2500,28805,0,870,955.9290708210467,8.24560000182828,2546.2886999994225,420.1529595556327
1791562547,100,,Aggregated,105.600000,0.000000,870,980,1100,1200,1800,1900,2100,2200,2300,2400,2500,28912,0,870,955.4301988032738,8.24560000182828,2546.2886999994225,420.15889596015495
1791562548,100,,Aggregated,112.600000,0.000000,870,980,1100,1200,1800,1900,2100,2200,2300,2400,2500,29025,0,870,954.623811634806,8.24560000182828,2546.2886999994225,420.16513350559865
1791562549,100,,Aggregated,116.900000,0.000000,870,980,1100,1200,1800,1900,2100,2200,2300,2400,2500,29143,0,870,954.1107980544293,8.24560000182828,2546.2886999994225,420.1716020999897
1791562550,100,,Aggregated,124.400000,0.000000,870,970,1100,1200,1800,1900,2100,2200,2300,2400,2500,29289,0,870,953.4367889002789,8.24560000182828,2546.2886999994225,420.1797603195739
1791562551,100,,Aggregated,123.700000,0.000000,870,970,1100,1200,1800,1900,2100,2200,2300,2400,2500,29424,0,870,952.4547467305699,8.24560000182828,2546.2886999994225,420.18682028276237
1791562552,100,,Aggregated,123.000000,0.000000,870,970,1100,1200,1800,1900,2100,2200,2300,2400,2500,29547,0,870,951.6298961992852,8.24560000182828,2546.2886999994225,420.19335296307577
1791562553,100,,Aggregated,120.300000,0.000000,870,970,1100,1200,1800,1900,2100,2200,2300,2400,2500,29675,0,870,950.6685536310122,8.24560000182828,2546.2886999994225,420.20013479359733
1791562554,100,,Aggregated,123.200000,0.000000,870,970,1100,1200,1800,1900,2100,2200,2300,2400,2500,29834,0,870,949.6368480827333,8.24560000182828,2546.2886999994225,420.20841992357714
1791562555,100,,Aggregated,124.300000,0.000000,870,970,1100,1200,1800,1900,2100,2200,2300,2400,2500,29964,0,870,948.7728785375878,8.24560000182828,2546.2886999994225,420.2151581898278
1791562556,100,,Aggregated,125.400000,0.000000,860,970,1100,1200,1800,1900,2100,2200,2300,2400,2500,30083,0,860,947.7924037895249,8.24560000182828,2546.2886999994225,420.2212877705016
1791562557,100,,Aggregated,126.900000,0.000000,860,960,1100,1200,1800,1900,2100,2200,2300,2400,2500,30208,0,860,947.0337517909254,8.24560000182828,2546.2886999994225,420.22755561440675
1791562558,100,,Aggregated,133.700000,0.000000,860,960,1100,1200,1800,1900,2100,2200,2300,2400,2500,30345,0,860,946.5621292700692,8.24560000182828,2546.2886999994225,420.23450321304995
1791562559,100,,Aggregated,133.900000,0.000000,860,960,1100,1200,1700,1900,2100,2200,2300,2400,2500,30481,0,860,945.9782476821711,8.24560000182828,2546.2886999994225,420.2413962796496
1791562560,100,,Aggregated,127.400000,0.000000,860,960,1100,1200,1700,1900,2100,2200,2300,2400,2500,30595,0,860,945.390257028935,8.24560000182828,2546.2886999994225,420.24709919921554
1791562561,100,,Aggregated,128.000000,0.000000,860,960,1100,1200,1700,1900,2100,2200,2300,2400,2500,30706,0,860,944.8268501758705,8.24560000182828,2546.2886999994225,420.25245880283984
1791562562,100,,Aggregated,129.000000,0.000000,860,960,1100,1200,1700,1900,2100,2200,2300,2400,2500,30827,0,860,944.4505387128256,8.24560000182828,2546.2886999994225,420.2582476400558
1791562563,100,,Aggregated,133.500000,0.000000,860,960,1100,1200,1700,1900,2100,2200,2300,2400,2500,30965,0,860,943.7568101921612,8.24560000182828,2546.2886999994225,420.26504117552076
1791562564,100,,Aggregated,128.000000,0.000000,860,960,1100,1200,1700,1900,2100,2200,2300,2400,2500,31104,0,860,943.2305223090355,8.24560000182828,2546.2886999994225,420.2717656893004
1791562565,100,,Aggregated,127.300000,0.000000,860,960,1100,1200,1700,1900,2100,2200,2300,2400,2500,31219,0,860,942.8299317434976,8.24560000182828,2546.2886999994225,420.27717095358594
1791562566,100,,Aggregated,126.300000,0.000000,860,950,1100,1200,1700,1900,2100,2200,2300,2400,2500,31337,0,860,942.002014127078,8.24560000182828,2546.2886999994225,420.28286051632256
1791562567,100,,Aggregated,125.500000,0.000000,860,950,1100,1200,1700,1900,2100,2200,2300,2400,2500,31465,0,860,941.2338159669546,8.24560000182828,2546.2886999994225,420.28882885746066
1791562568,100,,Aggregated,121.800000,0.000000,860,950,1000,1200,1700,1900,2100,2200,2300,2400,2500,31593,0,860,940.7240465736156,8.24560000182828,2546.2886999994225,420.2946855316051
1791562569,100,,Aggregated,125.700000,0.000000,860,950,1000,1100,1700,1900,2100,2200,2300,2400,2500,31741,0,860,940.1182574903202,8.24560000182828,2546.2886999994225,420.3016288081661
1791562570,100,,Aggregated,125.700000,0.000000,860,950,1000,1100,1700,1900,2100,2200,2300,2400,2500,31860,0,860,939.3306575894605,8.24560000182828,2546.2886999994225,420.30706214689263
1791562571,100,,Aggregated,125.700000,0.000000,860,950,1000,1100,1700,1900,2100,2200,2300,2400,2500,31989,0,860,938.5120348807471,8.24560000182828,2546.2886999994225,420.3130451092563
1791562572,100,,Aggregated,125.800000,0.000000,850,950,1000,1100,1700,1900,2100,2200,2300,2400,2500,32154,0,850,937.6081334577403,8.24560000182828,2546.2886999994225,420.3203955961933
1791562573,100,,Aggregated,126.400000,0.000000,850,950,1000,1100,1700,1900,2100,2200,2300,2400,2500,32269,0,850,936.8825702686858,8.24560000182828,2546.2886999994225,420.32560661935605
1791562574,100,,Aggregated,127.600000,0.000000,850,950,1000,1100,1700,1900,2100,2200,2300,2400,2500,32383,0,850,936.1928396257372,8.24560000182828,2546.2886999994225,420.3305438038477
1791562575,100,,Aggregated,127.100000,0.000000,850,940,1000,1100,1700,1900,2100,2100,2300,2400,2500,32509,0,850,935.6727394813823,8.24560000182828,2546.2886999994225,420.3360300224553
1791562576,100,,Aggregated,133.200000,0.000000,850,940,1000,1100,1700,1900,2100,2100,2300,2400,2500,32671,0,850,934.959162030555,8.24560000182828,2546.2886999994225,420.3431789660555
1791562577,100,,Aggregated,133.000000,0.000000,850,940,1000,1100,1700,1900,2100,2100,2300,2400,2500,32790,0,850,934.2186055169335,8.24560000182828,2546.2886999994225,420.3483379078987
1791562578,100,,Aggregated,130.700000,0.000000,850,940,1000,1100,1700,1900,2100,2100,2300,2400,2500,32909,0,850,933.5016790969107,8.24560000182828,2546.2886999994225,420.35345953994346
1791562579,100,,Aggregated,126.700000,0.000000,850,940,1000,1100,1700,1900,2100,2100,2300,2400,2500,33089,0,850,932.3917243343781,8.24560000182828,2546.2886999994225,420.36114720904226
1791562580,100,,Aggregated,133.400000,0.000000,850,940,1000,1100,1700,1900,2100,2100,2300,2400,2500,33207,0,850,931.7209939410442,8.24560000182828,2546.2886999994225,420.3660372812961
1791562581,100,,Aggregated,134.200000,0.000000,850,940,1000,1100,1700,1900,2100,2100,2300,2400,2500,33321,0,850,930.938902881075,8.24560000182828,2546.2886999994225,420.37072716905254
1791562582,100,,Aggregated,133.700000,0.000000,850,940,1000,1100,1700,1900,2100,2100,2300,2400,2500,33437,0,850,930.623775476278,8.24560000182828,2546.2886999994225,420.3756317851482
1791562583,100,,Aggregated,132.200000,0.000000,850,930,1000,1100,1700,1900,2100,2100,2300,2400,2500,33620,0,850,929.6106220136913,8.24560000182828,2546.2886999994225,420.38316478286737
1791562584,100,,Aggregated,134.100000,0.000000,850,930,1000,1100,1700,1900,2100,2100,2300,2400,2500,33732,0,850,928.925478284724,8.24560000182828,2546.2886999994225,420.38767342582713
1791562585,100,,Aggregated,133.900000,0.000000,850,930,1000,1100,1700,1900,2000,2100,2300,2400,2500,33834,0,850,928.9040687237779,8.24560000182828,2546.2886999994225,420.39182479162974
1791562586,100,,Aggregated,128.400000,0.000000,850,930,1000,1100,1700,1900,2000,2100,2300,2400,2500,33946,0,850,928.7830841837125,8.24560000182828,2546.2886999994225,420.3963353561539
1791562587,100,,Aggregated,128.900000,0.000000,850,930,1000,1100,1700,1900,2000,2100,2300,2400,2500,34065,0,850,928.2416591046621,8.24560000182828,2546.2886999994225,420.4011742257449
1791562588,100,,Aggregated,127.800000,0.000000,840,930,1000,1100,1700,1900,2000,2100,2300,2400,2500,34236,0,840,927.4962889502383,8.24560000182828,2546.2886999994225,420.40790396074306
1791562589,100,,Aggregated,133.000000,0.000000,840,930,1000,1100,1700,1900,2000,2100,2300,2400,2500,34346,0,840,927.0319775141327,8.24560000182828,2546.2886999994225,420.41224596750715
1791562590,100,,Aggregated,126.900000,0.000000,840,930,1000,1100,1700,1900,2000,2100,2300,2400,2500,34462,0,840,926.6598494922057,8.24560000182828,2546.2886999994225,420.41671986535897
1791562591,100,,Aggregated,126.400000,0.000000,840,930,1000,1100,1700,1900,2000,2100,2300,2400,2500,34574,0,840,926.4686970353566,8.24560000182828,2546.2886999994225,420.4211835483311
1791562592,100,,Aggregated,126.500000,0.000000,840,930,1000,1100,1700,1900,2000,2100,2300,2400,2500,34692,0,840,926.0247263057884,8.24560000182828,2546.2886999994225,420.42571774472503
1791562593,100,,Aggregated,121.800000,0.000000,840,930,1000,1100,1700,1900,2000,2100,2300,2400,2500,34809,0,840,925.7396902812615,8.24560000182828,2546.2886999994225,420.4301473756787
1791562594,100,,Aggregated,122.800000,0.000000,840,930,1000,1100,1700,1900,2000,2100,2300,2400,2500,34926,0,840,925.5155773378116,8.24560000182828,2546.2886999994225,420.4345473286377
1791562595,100,,Aggregated,123.900000,0.000000,840,930,1000,1100,1700,1900,2000,2100,2300,2400,2500,35079,0,840,925.1127942928933,8.24560000182828,2546.2886999994225,420.4404629550443
1791562596,100,,Aggregated,123.200000,0.000000,840,920,1000,1100,1700,1900,2000,2100,2300,2400,2500,35204,0,840,924.4382118878655,8.24560000182828,2546.2886999994225,420.4450630610158
1791562597,100,,Aggregated,123.500000,0.000000,840,920,1000,1100,1700,1900,2000,2100,2300,2400,2500,35317,0,840,923.9676664722493,8.24560000182828,2546.2886999994225,420.44933035082255
1791562598,100,,Aggregated,124.500000,0.000000,840,920,1000,1100,1700,1900,2000,2100,2300,2400,2500,35424,0,840,923.6174486054767,8.24560000182828,2546.2886999994225,420.45322380307135
1791562599,100,,Aggregated,119.600000,0.000000,840,920,1000,1100,1700,1900,2000,2100,2300,2400,2500,35521,0,840,923.9354804791634,8.24560000182828,2546.2886999994225,420.45682835505755
1791562600,100,,Aggregated,123.800000,0.000000,840,930,1000,1100,1700,1900,2000,2100,2300,2400,2500,35617,0,840,924.7503290647826,8.24560000182828,2546.2886999994225,420.46034197153045
1791562601,100,,Aggregated,120.300000,0.000000,840,930,1000,1100,1700,1900,2000,2100,2300,2400,2500,35709,0,840,925.259086179965,8.24560000182828,2546.2886999994225,420.4636646223641
1791562602,100,,Aggregated,115.500000,0.000000,840,930,1000,1100,1700,1900,2000,2100,2300,2400,2500,35755,0,840,925.6138488463254,8.24560000182828,2546.2886999994225,420.46533351978746
1791562603,100,,Aggregated,114.500000,0.000000,840,930,1000,1100,1700,1900,2000,2100,2300,2400,2500,35852,0,840,926.2827183560298,8.24560000182828,2546.2886999994225,420.4688720294544
1791562604,100,,Aggregated,109.500000,0.000000,840,930,1000,1100,1700,1900,2000,2100,2300,2400,2500,35945,0,840,926.5124876005116,8.24560000182828,2546.2886999994225,420.47219362915564
1791562605,100,,Aggregated,106.800000,0.000000,850,930,1000,1100,1700,1900,2000,2100,2300,2400,2500,36045,0,850,927.0377509835041,8.24560000182828,2546.2886999994225,420.47576640310723
1791562606,100,,Aggregated,106.200000,0.000000,850,930,1000,1100,1700,1900,2000,2100,2300,2400,2500,36143,0,850,927.4195808151072,8.24560000182828,2546.2886999994225,420.47929059568935
1791562607,100,,Aggregated,100.100000,0.000000,850,930,1000,1100,1700,1900,2000,2100,2300,2400,2500,36242,0,850,928.137157582375,8.24560000182828,2546.2886999994225,420.4827548148557
1791562608,100,,Aggregated,96.400000,0.000000,850,940,1000,1100,1700,1900,2000,2100,2300,2400,2500,36343,0,850,928.4649916022456,8.24560000182828,2546.2886999994225,420.4862834658669
1791562609,100,,Aggregated,92.800000,0.000000,850,940,1000,1100,1700,1900,2000,2100,2300,2400,2500,36441,0,850,928.9890844214045,8.24560000182828,2546.2886999994225,420.48969567245683
1791562610,100,,Aggregated,87.300000,0.000000,850,940,1000,1100,1700,1900,2000,2100,2300,2400,2500,36525,0,850,929.2991273812553,8.24560000182828,2546.2886999994225,420.49273100616017
1791562611,100,,Aggregated,89.500000,0.000000,850,940,1000,1100,1700,1900,2000,2100,2300,2400,2500,36623,0,850,929.4641020806694,8.24560000182828,2546.2886999994225,420.4960270868034
1791562612,100,,Aggregated,91.900000,0.000000,850,940,1000,1100,1700,1900,2000,2100,2300,2400,2500,36708,0,850,929.5816702598981,8.24560000182828,2546.2886999994225,420.4988013512041
1791562613,100,,Aggregated,92.200000,0.000000,850,940,1000,1100,1700,1900,2000,2100,2300,2400,2500,36790,0,850,929.7658530579038,8.24560000182828,2546.2886999994225,420.5017939657516
1791562614,100,,Aggregated,92.900000,0.000000,850,940,1000,1100,1700,1900,2000,2100,2300,2400,2500,36889,0,850,930.2125148635159,8.24560000182828,2546.2886999994225,420.50519124942394
1791562615,100,,Aggregated,93.300000,0.000000,850,940,1000,1100,1700,1900,2000,2100,2300,2400,2500,36989,0,850,930.4006509638068,8.24560000182828,2546.2886999994225,420.50861066803645
1791562616,100,,Aggregated,92.700000,0.000000,850,940,1000,1100,1700,1900,2000,2100,2300,2400,2500,37088,0,850,930.6637872007185,8.24560000182828,2546.2886999994225,420.51199849007764
1791562617,100,,Aggregated,96.800000,0.000000,850,950,1000,1100,1700,1900,2000,2100,2300,2400,2500,37185,0,850,931.1548997095674,8.24560000182828,2546.2886999994225,420.51518085249427
1791562618,100,,Aggregated,96.000000,0.000000,850,950,1000,1100,1700,1900,2000,2100,2300,2400,2500,37285,0,850,932.0461667694858,8.24560000182828,2546.2886999994225,420.5185463323052
1791562619,100,,Aggregated,95.000000,0.000000,850,950,1000,1100,1700,1900,2000,2100,2300,2400,2500,37387,0,850,932.0844818252406,8.24560000182828,2546.2886999994225,420.5219461310081
1791562620,100,,Aggregated,93.500000,0.000000,850,950,1000,1100,1700,1900,2000,2100,2300,2400,2500,37487,0,850,932.4930828927429,8.24560000182828,2546.2886999994225,420.525248752901
1791562621,100,,Aggregated,93.200000,0.000000,850,950,1000,1100,1700,1900,2000,2100,2300,2400,2500,37588,0,850,932.5244295094267,8.24560000182828,2546.2886999994225,420.52857294881346
1791562622,100,,Aggregated,93.800000,0.000000,850,950,1000,1100,1700,1900,2000,2100,2300,2400,2500,37689,0,850,932.708782928716,8.24560000182828,2546.2886999994225,420.531799729364
1791562623,100,,Aggregated,93.600000,0.000000,860,950,1000,1100,1700,1900,2000,2100,2300,2400,2500,37792,0,860,933.0119789294137,8.24560000182828,2546.2886999994225,420.53527201524133
1791562624,100,,Aggregated,93.700000,0.000000,860,950,1000,1100,1700,1900,2000,2100,2300,2400,2500,37898,0,860,932.9140253654655,8.24560000182828,2546.2886999994225,420.5385244603937
1791562625,100,,Aggregated,93.400000,0.000000,860,950,1000,1100,1700,1900,2000,2100,2300,2400,2500,38010,0,860,932.454958195222,8.24560000182828,2546.2886999994225,420.54217311233884
1791562626,100,,Aggregated,93.600000,0.000000,850,950,1000,1100,1700,1900,2000,2100,2300,2400,2500,38124,0,850,932.0571134351164,8.24560000182828,2546.2886999994225,420.54579792256845
1791562627,100,,Aggregated,95.000000,0.000000,850,950,1000,1100,1600,1900,2000,2100,2300,2400,2500,38238,0,850,931.8503388514137,8.24560000182828,2546.2886999994225,420.5494011193054
1791562628,100,,Aggregated,100.100000,0.000000,850,950,1000,1100,1600,1900,2000,2100,2300,2400,2500,38402,0,850,931.4980454846207,8.24560000182828,2546.2886999994225,420.5545023696682
1791562629,100,,Aggregated,106.500000,0.000000,850,950,1000,1100,1600,1900,2000,2100,2300,2400,2500,38512,0,850,931.0952431969366,8.24560000182828,2546.2886999994225,420.55800789364355
1791562630,100,,Aggregated,111.400000,0.000000,850,950,1000,1100,1600,1900,2000,2100,2300,2400,2500,38622,0,850,930.9667757780635,8.24560000182828,2546.2886999994225,420.56151934130804
1791562631,100,,Aggregated,112.300000,0.000000,850,950,1000,1100,1600,1900,2000,2100,2300,2400,2500,38732,0,850,930.6483855468426,8.24560000182828,2546.2886999994225,420.5648817515233
1791562632,100,,Aggregated,113.200000,0.000000,850,950,1000,1100,1600,1900,2000,2100,2300,2400,2500,38844,0,850,930.4915603156284,8.24560000182828,2546.2886999994225,420.56832458037275
1791562633,100,,Aggregated,114.200000,0.000000,850,950,1000,1100,1600,1900,2000,2100,2300,2400,2500,38952,0,850,930.1963921878274,8.24560000182828,2546.2886999994225,420.5716522899979
1791562634,100,,Aggregated,114.700000,0.000000,850,940,1000,1100,1600,1900,2000,2100,2300,2400,2500,39097,0,850,929.9707430084216,8.24560000182828,2546.2886999994225,420.57608000613857
1791562635,100,,Aggregated,116.300000,0.000000,850,940,1000,1100,1600,1900,2000,2100,2300,2400,2500,39239,0,850,929.497369767329,8.24560000182828,2546.2886999994225,420.5803155024338
1791562636,100,,Aggregated,117.200000,0.000000,850,940,1000,1100,1600,1900,2000,2100,2300,2400,2500,39344,0,850,929.3104909694043,8.24560000182828,2546.2886999994225,420.5834688897926
1791562637,100,,Aggregated,122.500000,0.000000,850,940,1000,1100,1600,1900,2000,2100,2300,2400,2500,39460,0,850,929.1446789229647,8.24560000182828,2546.2886999994225,420.58694880892045
1791562638,100,,Aggregated,121.300000,0.000000,850,940,1000,1100,1600,1900,2000,2100,2300,2400,2500,39574,0,850,928.668751243246,8.24560000182828,2546.2886999994225,420.5903623591247
1791562639,100,,Aggregated,118.100000,0.000000,850,940,1000,1100,1600,1900,2000,2100,2300,2400,2500,39689,0,850,928.2879226133242,8.24560000182828,2546.2886999994225,420.59376653480814
1791562640,100,,Aggregated,116.200000,0.000000,850,940,1000,1100,1600,1900,2000,2100,2300,2400,2500,39806,0,850,928.0614049339362,8.24560000182828,2546.2886999994225,420.5970707933477
1791562641,100,,Aggregated,117.200000,0.000000,850,940,1000,1100,1600,1900,2000,2100,2300,2400,2500,39970,0,850,927.5539068351322,8.24560000182828,2546.2886999994225,420.60190142606956
1791562642,100,,Aggregated,118.800000,0.000000,850,940,1000,1100,1600,1900,2000,2100,2300,2400,2500,40078,0,850,927.4433008733016,8.24560000182828,2546.2886999994225,420.60504516193424
1791562643,100,,Aggregated,123.000000,0.000000,850,940,1000,1100,1600,1900,2000,2100,2300,2400,2500,40188,0,850,927.1877168632489,8.24560000182828,2546.2886999994225,420.60819149995024
1791562644,100,,Aggregated,123.400000,0.000000,850,940,1000,1100,1600,1900,2000,2100,2300,2400,2500,40303,0,850,926.8987149939272,8.24560000182828,2546.2886999994225,420.61141850482596
1791562645,100,,Aggregated,122.600000,0.000000,850,940,1000,1100,1600,1900,2000,2100,2300,2400,2500,40430,0,850,926.3546880534326,8.24560000182828,2546.2886999994225,420.61506307197624
1791562646,100,,Aggregated,122.700000,0.000000,850,940,1000,1100,1600,1900,2000,2100,2300,2400,2500,40597,0,850,925.6226710224976,8.24560000182828,2546.2886999994225,420.61984875729735
1791562647,100,,Aggregated,117.500000,0.000000,850,940,1000,1100,1600,1900,2000,2100,2300,2400,2500,40709,0,850,925.3508406642345,8.24560000182828,2546.2886999994225,420.62288437446267
1791562648,100,,Aggregated,120.400000,0.000000,850,930,1000,1100,1600,1900,2000,2100,2300,2400,2500,40821,0,850,925.1383900027018,8.24560000182828,2546.2886999994225,420.6259768256535
1791562649,100,,Aggregated,125.700000,0.000000,850,930,1000,1100,1600,1900,2000,2100,2300,2400,2500,40931,0,850,924.7766686228118,8.24560000182828,2546.2886999994225,420.6290586596956
1791562650,100,,Aggregated,125.000000,0.000000,850,930,1000,1100,1600,1900,2000,2100,2300,2400,2500,41032,0,850,924.7834458666489,8.24560000182828,2546.2886999994225,420.6318239422889
1791562651,100,,Aggregated,124.200000,0.000000,850,940,1000,1100,1600,1900,2000,2100,2300,2400,2500,41134,0,850,925.203763278561,8.24560000182828,2546.2886999994225,420.6346574609812
1791562652,100,,Aggregated,122.600000,0.000000,850,940,1000,1100,1600,1900,2000,2100,2300,2400,2500,41242,0,850,925.2877392536819,8.24560000182828,2546.2886999994225,420.63767518549054
1791562653,100,,Aggregated,117.200000,0.000000,850,940,1000,1100,1600,1900,2000,2100,2300,2400,2500,41352,0,850,925.1311894370359,8.24560000182828,2546.2886999994225,420.6405736119172
1791562654,100,,Aggregated,116.100000,0.000000,850,930,1000,1100,1600,1900,2000,2100,2300,2400,2500,41458,0,850,925.0037787785302,8.24560000182828,2546.2886999994225,420.6434705002653
1791562655,100,,Aggregated,116.100000,0.000000,850,940,1000,1100,1600,1900,2000,2100,2300,2400,2500,41561,0,850,925.2293700993791,8.24560000182828,2546.2886999994225,420.64623084141385
1791562656,100,,Aggregated,116.100000,0.000000,850,940,1000,1100,1600,1900,2000,2100,2300,2400,2500,41666,0,850,925.3345617817947,8.24560000182828,2546.2886999994225,420.64906638506216
1791562657,100,,Aggregated,115.100000,0.000000,850,940,1000,1100,1600,1900,2000,2100,2300,2400,2500,41767,0,850,925.4738217324738,8.24560000182828,2546.2886999994225,420.65175856537456
1791562658,100,,Aggregated,111.600000,0.000000,850,940,1000,1100,1600,1900,2000,2100,2300,2400,2500,41870,0,850,925.6742562335855,8.24560000182828,2546.2886999994225,420.6544542631956
1791562659,100,,Aggregated,106.000000,0.000000,850,940,1000,1100,1600,1900,2000,2100,2300,2400,2500,41975,0,850,925.7438125122156,8.24560000182828,2546.2886999994225,420.6572483621203
1791562660,100,,Aggregated,105.400000,0.000000,860,940,1000,1100,1600,1900,2000,2100,2300,2400,2500,42080,0,860,925.7689990565641,8.24560000182828,2546.2886999994225,420.6600285171103
1791562661,100,,Aggregated,104.700000,0.000000,860,940,1000,1100,1600,1900,2000,2100,2300,2400,2500,42185,0,860,925.8152745193831,8.24560000182828,2546.2886999994225,420.66274742206946
1791562662,100,,Aggregated,104.000000,0.000000,860,940,1000,1100,1600,1900,2000,2100,2300,2400,2500,42289,0,860,926.0189211757232,8.24560000182828,2546.2886999994225,420.66546856156447
1791562663,100,,Aggregated,104.800000,0.000000,860,940,1000,1100,1600,1900,2000,2100,2300,2400,2500,42397,0,860,925.9604037738571,8.24560000182828,2546.2886999994225,420.66825482935116
1791562665,100,,Aggregated,105.000000,0.000000,860,940,1000,1100,1600,1900,2000,2100,2300,2400,2500,42503,0,860,925.9602590005464,8.24560000182828,2546.2886999994225,420.67087029150883
1791562666,100,,Aggregated,104.100000,0.000000,860,940,1000,1100,1600,1900,2000,2100,2300,2400,2500,42610,0,860,925.9723227880824,8.24560000182828,2546.2886999994225,420.6736446843464
1791562667,100,,Aggregated,104.100000,0.000000,860,940,1000,1100,1600,1900,2000,2100,2300,2400,2500,42714,0,860,925.9765867186441,8.24560000182828,2546.2886999994225,420.6762653930796
1791562668,100,,Aggregated,104.700000,0.000000,860,940,1000,1100,1600,1800,2000,2100,2300,2400,2500,42818,0,860,926.0448595240354,8.24560000182828,2546.2886999994225,420.6788733710122
1791562669,100,,Aggregated,104.700000,0.000000,860,940,1000,1100,1600,1800,2000,2100,2300,2400,2500,42925,0,860,926.014884188704,8.24560000182828,2546.2886999994225,420.68153756552124
1791562670,100,,Aggregated,104.700000,0.000000,860,940,1000,1100,1600,1800,2000,2100,2300,2400,2500,43036,0,860,925.970532554143,8.24560000182828,2546.2886999994225,420.6843108095548
1791562671,100,,Aggregated,105.300000,0.000000,860,940,1000,1100,1600,1800,2000,2100,2300,2400,2500,43149,0,860,925.8701642471456,8.24560000182828,2546.2886999994225,420.6872465178799
1791562672,100,,Aggregated,105.900000,0.000000,860,940,1000,1100,1600,1800,2000,2100,2300,2400,2500,43259,0,860,925.8570107492102,8.24560000182828,2546.2886999994225,420.6899373540766
1791562673,100,,Aggregated,106.500000,0.000000,860,940,1000,1100,1600,1800,2000,2100,2300,2400,2500,43366,0,860,925.8933837407205,8.24560000182828,2546.2886999994225,420.6926393949177
1791562674,100,,Aggregated,107.000000,0.000000,860,940,1000,1100,1600,1800,2000,2100,2300,2400,2500,43481,0,860,925.8344490582117,8.24560000182828,2546.2886999994225,420.6954301878982
1791562675,100,,Aggregated,107.200000,0.000000,860,940,1000,1100,1600,1800,2000,2100,2300,2400,2500,43626,0,860,925.8296895796118,8.24560000182828,2546.2886999994225,420.69894099848716
1791562676,100,,Aggregated,107.000000,0.000000,860,940,1000,1100,1600,1800,2000,2100,2300,2400,2500,43735,0,860,925.7307776974994,8.24560000182828,2546.2886999994225,420.70158911626845
1791562677,100,,Aggregated,110.900000,0.000000,860,940,1000,1100,1600,1800,2000,2100,2300,2400,2500,43835,0,860,925.9004842066864,8.24560000182828,2546.2886999994225,420.7039580244097
1791562678,100,,Aggregated,112.500000,0.000000,860,940,1000,1100,1600,1800,2000,2100,2300,2400,2500,43947,0,860,925.8870418617904,8.24560000182828,2546.2886999994225,420.70669215191026
1791562679,100,,Aggregated,109.800000,0.000000,860,940,1000,1100,1500,1800,2000,2100,2300,2400,2500,44053,0,860,925.797618246206,8.24560000182828,2546.2886999994225,420.7092366013665
1791562680,100,,Aggregated,112.300000,0.000000,860,940,1000,1100,1500,1800,2000,2100,2300,2400,2500,44160,0,860,925.7162076064329,8.24560000182828,2546.2886999994225,420.7118206521739
1791562681,100,,Aggregated,112.700000,0.000000,860,940,1000,1100,1500,1800,2000,2100,2300,2400,2500,44267,0,860,925.7472562360243,8.24560000182828,2546.2886999994225,420.714324440328
1791562682,100,,Aggregated,112.400000,0.000000,860,940,1000,1100,1500,1800,2000,2100,2300,2400,2500,44371,0,860,925.818469099189,8.24560000182828,2546.2886999994225,420.71679700705414
1791562683,100,,Aggregated,111.600000,0.000000,860,940,1000,1100,1500,1800,2000,2100,2300,2400,2500,44474,0,860,925.9483491523167,8.24560000182828,2546.2886999994225,420.71920672752617
1791562684,100,,Aggregated,111.100000,0.000000,860,940,1000,1100,1500,1800,2000,2100,2300,2400,2500,44581,0,860,925.9020340346815,8.24560000182828,2546.2886999994225,420.7216975841726
1791562685,100,,Aggregated,110.900000,0.000000,860,940,1000,1100,1500,1800,2000,2100,2300,2400,2500,44691,0,860,925.7966646103271,8.24560000182828,2546.2886999994225,420.72423977982146
1791562686,100,,Aggregated,110.700000,0.000000,860,940,1000,1100,1500,1800,2000,2100,2300,2400,2500,44802,0,860,925.6370331726288,8.24560000182828,2546.2886999994225,420.72668630864695
1791562687,100,,Aggregated,107.200000,0.000000,860,940,1000,1100,1500,1800,2000,2100,2300,2400,2500,44909,0,860,925.4749108953692,8.24560000182828,2546.2886999994225,420.7292524883654
1791562688,100,,Aggregated,105.800000,0.000000,860,940,1000,1100,1500,1800,2000,2100,2300,2400,2500,45017,0,860,925.57697781505,8.24560000182828,2546.2886999994225,420.73165692960436
1791562689,100,,Aggregated,109.200000,0.000000,860,940,1000,1100,1500,1800,2000,2100,2300,2400,2500,45123,0,860,925.5654432595376,8.24560000182828,2546.2886999994225,420.73412672029787
1791562690,100,,Aggregated,106.900000,0.000000,860,940,1000,1100,1500,1800,2000,2100,2300,2400,2500,45232,0,860,925.5119329832893,8.24560000182828,2546.2886999994225,420.73660240537674
1791562691,100,,Aggregated,106.400000,0.000000,870,940,1000,1100,1500,1800,2000,2100,2300,2400,2500,45345,0,870,925.3723733994972,8.24560000182828,2546.2886999994225,420.73919947072443
1791562692,100,,Aggregated,106.300000,0.000000,870,940,1000,1100,1500,1800,2000,2100,2300,2400,2500,45459,0,870,925.3208165071868,8.24560000182828,2546.2886999994225,420.7417233111155
1791562693,100,,Aggregated,106.900000,0.000000,870,940,1000,1100,1500,1800,2000,2100,2300,2400,2500,45607,0,870,925.1321071589932,8.24560000182828,2546.2886999994225,420.7451049181047
1791562694,100,,Aggregated,107.000000,0.000000,870,940,1000,1100,1500,1800,2000,2100,2300,2400,2500,45727,0,870,924.8341158484086,8.24560000182828,2546.2886999994225,420.7476545585759
1791562695,100,,Aggregated,108.700000,0.000000,860,940,1000,1100,1500,1800,2000,2100,2300,2400,2500,45842,0,860,924.5045919593424,8.24560000182828,2546.2886999994225,420.7502072335413
1791562696,100,,Aggregated,114.800000,0.000000,860,940,1000,1100,1500,1800,2000,2100,2300,2400,2500,45953,0,860,924.3151135181646,8.24560000182828,2546.2886999994225,420.7526820882206
1791562697,100,,Aggregated,114.800000,0.000000,860,940,1000,1100,1500,1800,2000,2100,2300,2400,2500,46079,0,860,923.9018889689503,8.24560000182828,2546.2886999994225,420.7554200394974
1791562698,100,,Aggregated,115.300000,0.000000,860,940,1000,1100,1500,1800,2000,2100,2300,2400,2500,46230,0,860,923.4727430391575,8.24560000182828,2546.2886999994225,420.75877136058836
1791562699,100,,Aggregated,115.600000,0.000000,860,940,1000,1100,1500,1800,2000,2100,2300,2400,2500,46341,0,860,923.3681703804449,8.24560000182828,2546.2886999994225,420.7611618221445
1791562700,100,,Aggregated,117.400000,0.000000,860,940,1000,1100,1500,1800,2000,2100,2300,2400,2500,46464,0,860,923.2025857158275,8.24560000182828,2546.2886999994225,420.76375258264466
1791562701,100,,Aggregated,118.000000,0.000000,860,940,1000,1100,1500,1800,2000,2100,2300,2400,2500,46583,0,860,922.7267072086429,8.24560000182828,2546.2886999994225,420.76633106498076
1791562702,100,,Aggregated,121.900000,0.000000,860,940,1000,1100,1500,1800,2000,2100,2300,2400,2500,46692,0,860,922.3708917030805,8.24560000182828,2546.2886999994225,420.7686755761158
1791562703,100,,Aggregated,123.800000,0.000000,860,940,1000,1100,1500,1800,2000,2100,2300,2400,2500,46866,0,860,921.8896309350115,8.24560000182828,2546.2886999994225,420.77226560833014
1791562704,100,,Aggregated,124.600000,0.000000,860,940,1000,1100,1500,1800,2000,2100,2300,2400,2500,46983,0,860,921.4491101292015,8.24560000182828,2546.2886999994225,420.77476959751397
1791562705,100,,Aggregated,124.300000,0.000000,860,940,1000,1100,1500,1800,2000,2100,2300,2400,2500,47095,0,860,921.2017704151241,8.24560000182828,2546.2886999994225,420.7771313302898
1791562706,100,,Aggregated,125.200000,0.000000,860,940,1000,1100,1500,1800,2000,2100,2300,2400,2500,47199,0,860,921.307317324526,8.24560000182828,2546.2886999994225,420.7793597321977
1791562707,100,,Aggregated,125.100000,0.000000,860,940,1000,1100,1500,1800,2000,2100,2300,2400,2500,47301,0,860,921.5438259656295,8.24560000182828,2546.2886999994225,420.78131540559394
1791562708,100,,Aggregated,124.000000,0.000000,860,940,1000,1100,1500,1800,2000,2100,2300,2400,2500,47405,0,860,921.6797580951428,8.24560000182828,2546.2886999994225,420.78350384980484
1791562709,100,,Aggregated,122.200000,0.000000,860,940,1000,1100,1500,1800,2000,2100,2300,2400,2500,47515,0,860,921.6248024644905,8.24560000182828,2546.2886999994225,420.7857729138167
1791562710,100,,Aggregated,119.200000,0.000000,860,940,1000,1100,1500,1800,2000,2100,2300,2400,2500,47631,0,860,921.3525857025937,8.24560000182828,2546.2886999994225,420.78812118158345
1791562711,100,,Aggregated,120.400000,0.000000,860,940,1000,1000,1500,1800,2000,2100,2300,2400,2500,47746,0,860,921.1001126670348,8.24560000182828,2546.2886999994225,420.790537427219
1791562712,100,,Aggregated,117.900000,0.000000,860,940,1000,1000,1500,1800,2000,2100,2300,2400,2500,47860,0,860,920.7938110154662,8.24560000182828,2546.2886999994225,420.79277058086086
1791562713,100,,Aggregated,116.400000,0.000000,860,930,1000,1000,1500,1800,2000,2100,2300,2400,2500,48029,0,860,920.459475825027,8.24560000182828,2546.2886999994225,420.7961856378438
1791562714,100,,Aggregated,116.300000,0.000000,860,930,1000,1000,1500,1800,2000,2100,2300,2400,2500,48157,0,860,919.730912434334,8.24560000182828,2546.2886999994225,420.7987831467907
1791562715,100,,Aggregated,115.800000,0.000000,860,930,1000,1000,1500,1800,2000,2100,2300,2400,2500,48328,0,860,918.8010451911994,8.24560000182828,2546.2886999994225,420.80210230094355
1791562716,100,,Aggregated,117.100000,0.000000,860,930,1000,1000,1500,1800,2000,2100,2300,2400,2500,48468,0,860,917.9820031278425,8.24560000182828,2546.2886999994225,420.80496410002473
1791562717,100,,Aggregated,118.700000,0.000000,860,930,1000,1000,1500,1800,2000,2100,2300,2400,2500,48575,0,860,917.7605973525532,8.24560000182828,2546.2886999994225,420.80704065877507
1791562718,100,,Aggregated,126.800000,0.000000,860,930,1000,1000,1500,1800,2000,2100,2300,2400,2500,48698,0,860,917.5130710008671,8.24560000182828,2546.2886999994225,420.80951989814776
1791562719,100,,Aggregated,127.800000,0.000000,860,930,1000,1000,1400,1800,2000,2100,2300,2400,2500,48829,0,860,917.1675410739567,8.24560000182828,2546.2886999994225,420.8119764893813
1791562720,100,,Aggregated,130.300000,0.000000,860,930,1000,1000,1400,1800,2000,2100,2300,2400,2500,48974,0,860,916.9230494343981,8.24560000182828,2546.2886999994225,420.8148405276269
1791562721,100,,Aggregated,129.600000,0.000000,860,930,990,1000,1400,1800,2000,2100,2300,2400,2500,49087,0,860,916.7716694134953,8.24560000182828,2546.2886999994225,420.81703913459774
1791562722,100,,Aggregated,128.900000,0.000000,860,930,990,1000,1400,1800,2000,2100,2300,2400,2500,49194,0,860,916.7938222527182,8.24560000182828,2546.2886999994225,420.8190633004025
1791562723,100,,Aggregated,130.100000,0.000000,860,930,990,1000,1400,1800,2000,2100,2300,2400,2500,49313,0,860,916.428527015194,8.24560000182828,2546.2886999994225,420.8212641696916
1791562724,100,,Aggregated,128.900000,0.000000,860,930,990,1000,1400,1800,2000,2100,2300,2400,2500,49445,0,860,915.897003858837,8.24560000182828,2546.2886999994225,420.8237637779351
1791562725,100,,Aggregated,133.800000,0.000000,860,930,990,1000,1400,1800,2000,2100,2300,2400,2500,49608,0,860,915.274200782137,8.24560000182828,2546.2886999994225,420.826882760845
1791562726,100,,Aggregated,126.900000,0.000000,860,930,990,1000,1400,1800,2000,2100,2300,2400,2500,49729,0,860,914.8147401254845,8.24560000182828,2546.2886999994225,420.8291942327415
1791562727,100,,Aggregated,127.500000,0.000000,860,930,990,1000,1400,1800,2000,2100,2300,2400,2500,49868,0,860,914.1775079790684,8.24560000182828,2546.2886999994225,420.83177588834525
1791562728,100,,Aggregated,125.500000,0.000000,860,930,990,1000,1400,1800,2000,2100,2300,2400,2500,50032,0,860,913.5339214542735,8.24560000182828,2546.2886999994225,420.83478573712824
1791562729,100,,Aggregated,127.500000,0.000000,860,930,990,1000,1400,1800,2000,2100,2300,2400,2500,50159,0,860,912.9406000358891,8.24560000182828,2546.2886999994225,420.83713790147334
1791562730,100,,Aggregated,129.200000,0.000000,850,930,990,1000,1400,1800,2000,2100,2300,2400,2500,50343,0,850,912.0871449258141,8.24560000182828,2546.2886999994225,420.84051407345606
1791562731,100,,Aggregated,134.100000,0.000000,850,930,990,1000,1400,1800,2000,2100,2300,2400,2500,50461,0,850,911.4515109569819,8.24560000182828,2546.2886999994225,420.8426705772775
1791562732,100,,Aggregated,135.200000,0.000000,850,930,990,1000,1400,1800,2000,2100,2300,2400,2500,50580,0,850,911.0164146559958,8.24560000182828,2546.2886999994225,420.8449189402926
1791562733,100,,Aggregated,141.600000,0.000000,850,930,990,1000,1400,1800,2000,2100,2300,2400,2500,50684,0,850,910.9170465492126,8.24560000182828,2546.2886999994225,420.8466971825428
1791562734,100,,Aggregated,142.200000,0.000000,850,930,990,1000,1400,1800,2000,2100,2300,2400,2500,50793,0,850,911.1286045695326,8.24560000182828,2546.2886999994225,420.84875868722065
1791562735,100,,Aggregated,136.700000,0.000000,850,930,990,1000,1400,1800,2000,2100,2300,2400,2500,50956,0,850,910.8731039563584,8.24560000182828,2546.2886999994225,420.85159745662924
1791562736,100,,Aggregated,135.300000,0.000000,850,920,990,1000,1400,1800,2000,2100,2300,2400,2500,51061,0,850,910.6477641272235,8.24560000182828,2546.2886999994225,420.85344979534284
1791562737,100,,Aggregated,133.900000,0.000000,850,930,990,1000,1400,1800,2000,2100,2300,2400,2500,51169,0,850,910.6269951845871,8.24560000182828,2546.2886999994225,420.8553811878286
1791562738,100,,Aggregated,129.900000,0.000000,850,920,990,1000,1400,1800,2000,2100,2300,2400,2500,51286,0,850,910.5307278048606,8.24560000182828,2546.2886999994225,420.8574464766213
1791562739,100,,Aggregated,129.100000,0.000000,850,920,990,1000,1400,1800,2000,2100,2300,2400,2500,51397,0,850,910.4234049769454,8.24560000182828,2546.2886999994225,420.85942759305016
1791562740,100,,Aggregated,129.200000,0.000000,850,920,990,1000,1400,1800,2000,2100,2300,2400,2500,51519,0,850,910.1556518876534,8.24560000182828,2546.2886999994225,420.86142976377647
1791562741,100,,Aggregated,123.800000,0.000000,850,920,990,1000,1400,1800,2000,2100,2300,2400,2500,51628,0,850,909.9458259316648,8.24560000182828,2546.2886999994225,420.86338808398546
1791562742,100,,Aggregated,123.400000,0.000000,850,920,980,1000,1400,1800,2000,2100,2300,2400,2500,51802,0,850,909.5330888942515,8.24560000182828,2546.2886999994225,420.8663758156056
1791562743,100,,Aggregated,115.300000,0.000000,850,920,980,1000,1400,1800,2000,2100,2300,2400,2500,51926,0,850,909.0024618726652,8.24560000182828,2546.2886999994225,420.8685244386242
1791562744,100,,Aggregated,116.600000,0.000000,850,920,980,1000,1400,1800,2000,2100,2300,2400,2500,52055,0,850,908.4998952511763,8.24560000182828,2546.2886999994225,420.87080972048796
1791562745,100,,Aggregated,123.800000,0.000000,850,920,980,1000,1400,1800,2000,2100,2300,2400,2500,52212,0,850,908.2027063165565,8.24560000182828,2546.2886999994225,420.8733815981001
1791562746,100,,Aggregated,125.200000,0.000000,850,920,980,1000,1400,1800,2000,2100,2300,2400,2500,52335,0,850,907.7729663131751,8.24560000182828,2546.2886999994225,420.875494411006
1791562747,100,,Aggregated,125.400000,0.000000,850,920,980,1000,1400,1800,2000,2100,2300,2400,2500,52450,0,850,907.4621239542427,8.24560000182828,2546.2886999994225,420.8774833174452
1791562748,100,,Aggregated,126.000000,0.000000,850,920,980,1000,1300,1800,2000,2100,2300,2400,2500,52558,0,850,907.4742691312457,8.24560000182828,2546.2886999994225,420.879276228167
1791562749,100,,Aggregated,129.500000,0.000000,850,920,980,1000,1300,1800,2000,2100,2300,2400,2500,52688,0,850,907.2320119401008,8.24560000182828,2546.2886999994225,420.8814910416034
1791562750,100,,Aggregated,126.900000,0.000000,850,920,980,1000,1300,1800,2000,2100,2300,2400,2500,52862,0,850,906.6128057167728,8.24560000182828,2546.2886999994225,420.88434035791306
1791562751,100,,Aggregated,128.000000,0.000000,850,920,980,1000,1300,1800,2000,2100,2300,2400,2500,52976,0,850,906.3093701732872,8.24560000182828,2546.2886999994225,420.88621262458474
1791562752,100,,Aggregated,128.000000,0.000000,850,920,980,1000,1300,1800,2000,2100,2300,2400,2500,53112,0,850,905.684150994127,8.24560000182828,2546.2886999994225,420.88844328965206
1791562753,100,,Aggregated,129.500000,0.000000,850,920,980,1000,1300,1800,2000,2100,2300,2400,2500,53283,0,850,904.9286218718927,8.24560000182828,2546.2886999994225,420.89125987650846
1791562754,100,,Aggregated,135.100000,0.000000,850,920,980,1000,1300,1800,2000,2100,2300,2400,2500,53411,0,850,904.3084786279993,8.24560000182828,2546.2886999994225,420.8933178558724
1791562755,100,,Aggregated,130.000000,0.000000,850,920,980,1000,1300,1800,2000,2100,2300,2400,2500,53597,0,850,903.450083131521,8.24560000182828,2546.2886999994225,420.89641211261824
1791562756,100,,Aggregated,136.400000,0.000000,850,920,980,1000,1300,1800,2000,2100,2300,2400,2500,53729,0,850,902.7766034562361,8.24560000182828,2546.2886999994225,420.8984905730611
1791562757,100,,Aggregated,137.000000,0.000000,850,920,980,1000,1300,1800,2000,2100,2300,2400,2500,53910,0,850,902.0009356798382,8.24560000182828,2546.2886999994225,420.9013355592654
1791562758,100,,Aggregated,142.900000,0.000000,850,920,980,1000,1300,1800,2000,2100,2300,2400,2500,54034,0,850,901.3896537624466,8.24560000182828,2546.2886999994225,420.90330162490284
1791562759,100,,Aggregated,139.700000,0.000000,850,920,970,1000,1300,1800,2000,2100,2300,2400,2500,54220,0,850,900.5826987882699,8.24560000182828,2546.2886999994225,420.9062707488012
1791562760,100,,Aggregated,146.700000,0.000000,850,920,970,1000,1300,1800,2000,2100,2300,2400,2500,54332,0,850,900.2355041043957,8.24560000182828,2546.2886999994225,420.90804682323494
1791562761,100,,Aggregated,147.700000,0.000000,840,920,970,1000,1300,1800,2000,2100,2300,2400,2500,54460,0,840,899.7758678901967,8.24560000182828,2546.2886999994225,420.91006243114214
1791562762,100,,Aggregated,148.500000,0.000000,840,910,970,1000,1300,1800,2000,2100,2300,2400,2500,54636,0,840,899.1243176751611,8.24560000182828,2546.2886999994225,420.9127681382239
1791562763,100,,Aggregated,153.000000,0.000000,840,910,970,1000,1300,1800,2000,2100,2300,2400,2500,54761,0,840,898.7070679187761,8.24560000182828,2546.2886999994225,420.9147568525045
1791562764,100,,Aggregated,147.900000,0.000000,840,910,970,1000,1300,1800,2000,2100,2300,2400,2500,54884,0,840,898.2606816959419,8.24560000182828,2546.2886999994225,420.9166241527586
1791562765,100,,Aggregated,147.700000,0.000000,840,910,970,1000,1300,1800,2000,2100,2300,2400,2500,55001,0,840,897.9230565607904,8.24560000182828,2546.2886999994225,420.9182742131961
1791562766,100,,Aggregated,146.800000,0.000000,840,910,970,1000,1300,1800,2000,2100,2300,2400,2500,55142,0,840,897.9654487214834,8.24560000182828,2546.2886999994225,420.92047803851875
1791562767,100,,Aggregated,146.500000,0.000000,840,910,970,1000,1300,1800,2000,2100,2300,2400,2500,55240,0,840,897.9558098425063,8.24560000182828,2546.2886999994225,420.92199493120927
1791562768,100,,Aggregated,138.100000,0.000000,840,910,970,1000,1300,1800,2000,2100,2300,2400,2500,55391,0,840,897.6311252766696,8.24560000182828,2546.2886999994225,420.9243378888267
1791562769,100,,Aggregated,136.800000,0.000000,840,910,970,1000,1300,1800,2000,2100,2300,2400,2500,55515,0,840,897.1394713554894,8.24560000182828,2546.2886999994225,420.92618211294246
1791562770,100,,Aggregated,130.400000,0.000000,840,910,970,1000,1300,1800,2000,2100,2300,2400,2500,55697,0,840,896.4512920175224,8.24560000182828,2546.2886999994225,420.9289369265849
1791562771,100,,Aggregated,135.100000,0.000000,840,910,970,1000,1300,1800,2000,2100,2300,2400,2500,55815,0,840,896.0434576744593,8.24560000182828,2546.2886999994225,420.93066380005376
1791562772,100,,Aggregated,134.500000,0.000000,840,910,970,1000,1300,1800,2000,2100,2300,2400,2500,55942,0,840,895.6410625022331,8.24560000182828,2546.2886999994225,420.93248364377394
1791562773,100,,Aggregated,130.400000,0.000000,840,910,970,1000,1300,1800,2000,2100,2300,2400,2500,56115,0,840,895.223097770648,8.24560000182828,2546.2886999994225,420.93506192640115
1791562774,100,,Aggregated,135.200000,0.000000,840,910,970,1000,1300,1800,2000,2100,2300,2400,2500,56233,0,840,894.8392470044272,8.24560000182828,2546.2886999994225,420.9368164600857
1791562775,100,,Aggregated,134.200000,0.000000,840,910,970,1000,1300,1800,2000,2100,2300,2400,2500,56355,0,840,894.4254955247972,8.24560000182828,2546.2886999994225,420.9386567296602
1791562776,100,,Aggregated,129.100000,0.000000,840,910,970,1000,1300,1800,2000,2100,2300,2400,2500,56529,0,840,893.852537071237,8.24560000182828,2546.2886999994225,420.94114525287904
1791562777,100,,Aggregated,134.800000,0.000000,840,910,970,1000,1300,1800,2000,2100,2300,2400,2500,56657,0,840,893.3645553929783,8.24560000182828,2546.2886999994225,420.94297262474186
1791562778,100,,Aggregated,136.000000,0.000000,840,910,970,1000,1300,1800,2000,2100,2300,2400,2500,56832,0,840,892.6874872624572,8.24560000182828,2546.2886999994225,420.9454708614865
1791562779,100,,Aggregated,138.600000,0.000000,840,910,970,1000,1300,1800,2000,2100,2300,2400,2500,56966,0,840,892.1076226819497,8.24560000182828,2546.2886999994225,420.9474423340238
1791562780,100,,Aggregated,144.200000,0.000000,840,910,970,1000,1300,1800,2000,2100,2300,2400,2500,57099,0,840,891.5981646561219,8.24560000182828,2546.2886999994225,420.9493861538731
1791562781,100,,Aggregated,139.700000,0.000000,840,910,960,1000,1300,1800,2000,2100,2300,2400,2500,57263,0,840,891.0919978729701,8.24560000182828,2546.2886999994225,420.9516441681365
1791562782,100,,Aggregated,144.700000,0.000000,840,910,960,1000,1300,1800,2000,2100,2300,2400,2500,57394,0,840,890.568759934834,8.24560000182828,2546.2886999994225,420.95347945778303
1791562783,100,,Aggregated,144.300000,0.000000,830,910,960,1000,1300,1800,2000,2100,2300,2400,2500,57558,0,830,890.0484330987848,8.24560000182828,2546.2886999994225,420.95585322631086
1791562784,100,,Aggregated,141.300000,0.000000,830,910,960,1000,1300,1800,2000,2100,2300,2400,2500,57677,0,830,889.8223781680714,8.24560000182828,2546.2886999994225,420.95748738665327
1791562785,100,,Aggregated,145.300000,0.000000,830,910,960,1000,1300,1800,2000,2100,2300,2400,2500,57800,0,830,889.661680326987,8.24560000182828,2546.2886999994225,420.9590830449827
1791562786,100,,Aggregated,145.500000,0.000000,830,910,960,1000,1300,1800,2000,2100,2300,2400,2500,57934,0,830,889.1865513687962,8.24560000182828,2546.2886999994225,420.96099009217386
1791562787,100,,Aggregated,139.000000,0.000000,830,910,960,1000,1200,1800,2000,2100,2300,2400,2500,58095,0,830,888.7398534073478,8.24560000182828,2546.2886999994225,420.9632670625699
1791562788,100,,Aggregated,144.600000,0.000000,830,910,960,1000,1200,1800,2000,2100,2300,2400,2500,58226,0,830,888.4009097052843,8.24560000182828,2546.2886999994225,420.9649984542988
1791562789,100,,Aggregated,144.100000,0.000000,830,910,960,1000,1200,1800,2000,2100,2300,2400,2500,58343,0,830,888.0643155819872,8.24560000182828,2546.2886999994225,420.96661124727905
1791562790,100,,Aggregated,139.100000,0.000000,830,900,960,1000,1200,1800,2000,2100,2300,2400,2500,58469,0,830,887.7769926337013,8.24560000182828,2546.2886999994225,420.9683079922694
1791562791,100,,Aggregated,138.600000,0.000000,830,900,960,1000,1200,1800,2000,2100,2300,2400,2500,58638,0,830,887.4611431460805,8.24560000182828,2546.2886999994225,420.9705822163102
1791562792,100,,Aggregated,138.000000,0.000000,830,900,960,1000,1200,1800,2000,2100,2300,2400,2500,58760,0,830,887.0304460296103,8.24560000182828,2546.2886999994225,420.9721919673247
1791562793,100,,Aggregated,136.800000,0.000000,830,900,960,1000,1200,1800,2000,2100,2300,2400,2500,58946,0,830,886.2566256455044,8.24560000182828,2546.2886999994225,420.97472262748954
1791562794,100,,Aggregated,134.500000,0.000000,830,900,960,1000,1200,1800,2000,2100,2300,2400,2500,59070,0,830,885.8511272388678,8.24560000182828,2546.2886999994225,420.97638395124426
1791562795,100,,Aggregated,137.500000,0.000000,830,900,960,1000,1200,1800,2000,2100,2300,2400,2500,59207,0,830,885.3143123971814,8.24560000182828,2546.2886999994225,420.97817825594944
1791562796,100,,Aggregated,137.600000,0.000000,830,900,960,1000,1200,1800,2000,2100,2300,2400,2500,59383,0,830,884.6092235757693,8.24560000182828,2546.2886999994225,420.98051630938147
1791562797,100,,Aggregated,143.600000,0.000000,830,900,960,1000,1200,1800,2000,2100,2300,2400,2500,59502,0,830,884.3149859601347,8.24560000182828,2546.2886999994225,420.98203421733723
1791562798,100,,Aggregated,140.500000,0.000000,830,900,960,1000,1200,1800,2000,2100,2300,2400,2500,59608,0,830,884.1210008052594,8.24560000182828,2546.2886999994225,420.983391491075
1791562799,100,,Aggregated,139.800000,0.000000,830,900,960,1000,1200,1800,2000,2100,2300,2400,2500,59712,0,830,884.3187141629816,8.24560000182828,2546.2886999994225,420.9847769292605
1791562800,100,,Aggregated,143.900000,0.000000,830,900,960,1000,1200,1800,2000,2100,2300,2400,2500,59815,0,830,884.4937155245331,8.24560000182828,2546.2886999994225,420.9861071637549
1791562801,100,,Aggregated,139.300000,0.000000,830,900,960,1000,1200,1800,2000,2100,2300,2400,2500,59916,0,830,884.7000874407496,8.24560000182828,2546.2886999994225,420.98739902530207
1791562802,100,,Aggregated,132.300000,0.000000,830,900,960,1000,1200,1800,2000,2100,2300,2400,2500,60019,0,830,884.9484895333138,8.24560000182828,2546.2886999994225,420.9887202385911
1791562803,100,,Aggregated,130.000000,0.000000,830,900,960,1000,1200,1800,2000,2100,2300,2400,2500,60126,0,830,884.9223793600096,8.24560000182828,2546.2886999994225,420.99012074643247
1791562804,100,,Aggregated,127.500000,0.000000,830,900,960,1000,1200,1800,2000,2100,2300,2400,2500,60258,0,830,884.7973018636521,8.24560000182828,2546.2886999994225,420.99186829964486
1791562805,100,,Aggregated,121.100000,0.000000,830,900,960,1000,1200,1800,2000,2100,2300,2400,2500,60422,0,830,884.3350489722277,8.24560000182828,2546.2886999994225,420.99385985237166
1791562806,100,,Aggregated,123.900000,0.000000,830,900,960,1000,1200,1800,2000,2100,2300,2400,2500,60545,0,830,884.0131039260043,8.24560000182828,2546.2886999994225,420.99540837393675
1791562807,100,,Aggregated,118.000000,0.000000,830,900,960,1000,1200,1800,2000,2100,2300,2400,2500,60628,0,830,884.2567659480761,8.24560000182828,2546.2886999994225,420.99650326581775
1791562808,100,,Aggregated,116.300000,0.000000,830,900,960,1000,1200,1800,2000,2100,2300,2400,2500,60709,0,830,884.8144923586285,8.24560000182828,2546.2886999994225,420.9974303645258
1791562809,100,,Aggregated,114.800000,0.000000,830,900,960,1000,1200,1800,2000,2100,2300,2400,2500,60772,0,830,885.1280080563412,8.24560000182828,2546.2886999994225,420.99828868557887
1791562810,100,,Aggregated,106.800000,0.000000,830,900,960,1000,1200,1700,2000,2100,2300,2400,2500,60885,0,830,885.4037061509393,8.24560000182828,2546.2886999994225,420.9998193315266
1791562811,100,,Aggregated,107.700000,0.000000,830,900,960,1000,1200,1700,2000,2100,2300,2400,2500,60970,0,830,885.5063213875668,8.24560000182828,2546.2886999994225,421.00082007544694
1791562812,100,,Aggregated,108.100000,0.000000,830,900,960,1000,1200,1700,1900,2100,2300,2400,2500,61050,0,830,886.1458217493854,8.24560000182828,2546.2886999994225,421.0017526617527
1791562813,100,,Aggregated,109.700000,0.000000,830,910,960,1000,1200,1700,1900,2100,2300,2400,2500,61142,0,830,886.9281139004278,8.24560000182828,2546.2886999994225,421.00291125576524
1791562814,100,,Aggregated,105.100000,0.000000,830,910,960,1000,1200,1700,1900,2100,2300,2400,2500,61256,0,830,887.0506350643191,8.24560000182828,2546.2886999994225,421.00430978189894
1791562815,100,,Aggregated,100.700000,0.000000,830,910,960,1000,1200,1700,1900,2100,2300,2400,2500,61367,0,830,886.979573673144,8.24560000182828,2546.2886999994225,421.00575227728257
1791562816,100,,Aggregated,95.300000,0.000000,830,910,960,1000,1200,1700,1900,2100,2300,2400,2500,61476,0,830,887.0044380278449,8.24560000182828,2546.2886999994225,421.00704339905
1791562817,100,,Aggregated,95.000000,0.000000,830,910,960,1000,1200,1700,1900,2100,2300,2400,2500,61576,0,830,887.1259496865629,8.24560000182828,2546.2886999994225,421.0082824477069
1791562818,100,,Aggregated,93.000000,0.000000,830,910,960,1000,1200,1700,1900,2100,2300,2400,2500,61681,0,830,887.3782792221231,8.24560000182828,2546.2886999994225,421.0095491318234
1791562819,100,,Aggregated,93.100000,0.000000,830,910,960,1000,1200,1700,1900,2100,2300,2400,2500,61792,0,830,887.3549154291777,8.24560000182828,2546.2886999994225,421.0109075608493
1791562820,100,,Aggregated,94.700000,0.000000,830,910,960,1000,1200,1700,1900,2100,2300,2400,2500,61927,0,830,886.9912976601443,8.24560000182828,2546.2886999994225,421.0125308831366
1791562821,100,,Aggregated,95.600000,0.000000,830,910,960,1000,1200,1700,1900,2100,2300,2400,2500,62094,0,830,886.43427960028,8.24560000182828,2546.2886999994225,421.0145424678713
1791562822,100,,Aggregated,98.200000,0.000000,830,910,960,1000,1200,1700,1900,2100,2300,2400,2500,62217,0,830,886.0293031695478,8.24560000182828,2546.2886999994225,421.0159763408715
1791562823,100,,Aggregated,104.800000,0.000000,830,900,960,1000,1200,1700,1900,2100,2300,2400,2500,62393,0,830,885.5941801916841,8.24560000182828,2546.2886999994225,421.01812703348133
1791562824,100,,Aggregated,112.300000,0.000000,830,900,960,1000,1200,1700,1900,2100,2300,2400,2500,62504,0,830,885.4043695507437,8.24560000182828,2546.2886999994225,421.01939075899145
1791562825,100,,Aggregated,122.500000,0.000000,830,900,960,1000,1200,1700,1900,2100,2300,2400,2500,62643,0,830,884.8974204188762,8.24560000182828,2546.2886999994225,421.0210558242741
1791562826,100,,Aggregated,123.900000,0.000000,830,900,960,1000,1200,1700,1900,2100,2300,2400,2500,62814,0,830,884.3098542697433,8.24560000182828,2546.2886999994225,421.02309994587193
1791562827,100,,Aggregated,124.900000,0.000000,830,900,960,1000,1200,1700,1900,2100,2300,2400,2500,62935,0,830,884.0058099801323,8.24560000182828,2546.2886999994225,421.024469690951
1791562828,100,,Aggregated,132.700000,0.000000,830,900,960,1000,1200,1700,1900,2100,2300,2400,2500,63093,0,830,883.4796873345648,8.24560000182828,2546.2886999994225,421.0262628183792
1791562829,100,,Aggregated,134.500000,0.000000,830,900,960,1000,1200,1700,1900,2100,2300,2400,2500,63230,0,830,883.069845423054,8.24560000182828,2546.2886999994225,421.02792978016765
1791562830,100,,Aggregated,138.100000,0.000000,830,900,960,1000,1200,1700,1900,2100,2300,2400,2500,63351,0,830,882.8066518050183,8.24560000182828,2546.2886999994225,421.02926552067055
1791562831,100,,Aggregated,143.500000,0.000000,830,900,960,1000,1200,1700,1900,2100,2300,2400,2500,63530,0,830,882.3080932535764,8.24560000182828,2546.2886999994225,421.031386746419
1791562832,100,,Aggregated,144.400000,0.000000,830,900,960,1000,1200,1700,1900,2100,2300,2400,2500,63655,0,830,881.9215679915118,8.24560000182828,2546.2886999994225,421.0328175320085
1791562833,100,,Aggregated,143.500000,0.000000,830,900,960,1000,1200,1700,1900,2100,2300,2400,2500,63779,0,830,881.6454444409561,8.24560000182828,2546.2886999994225,421.0342589253516
1791562834,100,,Aggregated,143.500000,0.000000,830,900,960,1000,1200,1700,1900,2100,2300,2400,2500,63952,0,830,881.123937406175,8.24560000182828,2546.2886999994225,421.0361677508131
1791562835,100,,Aggregated,138.400000,0.000000,830,900,960,1000,1200,1700,1900,2100,2300,2400,2500,64083,0,830,880.6712670286926,8.24560000182828,2546.2886999994225,421.0376855016151
1791562836,100,,Aggregated,143.900000,0.000000,820,900,960,1000,1200,1700,1900,2100,2300,2400,2500,64254,0,820,880.0980741027754,8.24560000182828,2546.2886999994225,421.03963955551404
1791562837,100,,Aggregated,144.600000,0.000000,820,900,960,1000,1200,1700,1900,2100,2300,2400,2500,64388,0,820,879.6556470134146,8.24560000182828,2546.2886999994225,421.04115673728023
1791562838,100,,Aggregated,143.100000,0.000000,820,900,950,1000,1200,1700,1900,2100,2300,2400,2500,64517,0,820,879.3167096393164,8.24560000182828,2546.2886999994225,421.042515926035
1791562839,100,,Aggregated,144.500000,0.000000,820,900,950,1000,1200,1700,1900,2100,2300,2400,2500,64671,0,820,879.0216313509881,8.24560000182828,2546.2886999994225,421.0442393035518
1791562840,100,,Aggregated,144.400000,0.000000,820,900,950,1000,1200,1700,1900,2100,2300,2400,2500,64789,0,820,878.8694861998146,8.24560000182828,2546.2886999994225,421.0455787247835
1791562841,100,,Aggregated,144.800000,0.000000,820,900,950,1000,1200,1700,1900,2100,2300,2400,2500,64901,0,820,878.949053068516,8.24560000182828,2546.2886999994225,421.0467327159828
1791562842,100,,Aggregated,143.800000,0.000000,820,900,950,1000,1200,1700,1900,2100,2300,2400,2500,65014,0,820,878.9764147183644,8.24560000182828,2546.2886999994225,421.04797428246223
1791562843,100,,Aggregated,138.400000,0.000000,820,900,950,1000,1200,1700,1900,2100,2300,2400,2500,65123,0,820,879.0218903490279,8.24560000182828,2546.2886999994225,421.04918385209527
1791562844,100,,Aggregated,137.000000,0.000000,820,900,950,1000,1200,1700,1900,2100,2300,2400,2500,65231,0,820,879.0325048857096,8.24560000182828,2546.2886999994225,421.0503594916527
1791562845,100,,Aggregated,134.800000,0.000000,820,900,950,1000,1200,1700,1900,2100,2300,2400,2500,65335,0,820,879.170540681101,8.24560000182828,2546.2886999994225,421.05150378816865
1791562846,100,,Aggregated,128.900000,0.000000,830,900,950,1000,1200,1700,1900,2100,2300,2400,2500,65439,0,830,879.3292044667512,8.24560000182828,2546.2886999994225,421.0526597289078
1791562847,100,,Aggregated,126.800000,0.000000,830,900,960,1000,1200,1700,1900,2100,2300,2400,2500,65541,0,830,879.5172967333385,8.24560000182828,2546.2886999994225,421.0537068399933
1791562848,100,,Aggregated,120.200000,0.000000,830,900,950,1000,1200,1700,1900,2100,2300,2400,2500,65649,0,830,879.5513189797216,8.24560000182828,2546.2886999994225,421.05491325077304
1791562849,100,,Aggregated,116.200000,0.000000,830,900,950,1000,1200,1700,1900,2100,2300,2400,2500,65755,0,830,879.5791851767893,8.24560000182828,2546.2886999994225,421.0560565736446
1791562850,100,,Aggregated,113.500000,0.000000,830,900,950,1000,1200,1700,1900,2100,2300,2400,2500,65865,0,830,879.5885710635365,8.24560000182828,2546.2886999994225,421.0572079253018
1791562851,100,,Aggregated,108.100000,0.000000,830,900,950,1000,1200,1700,1900,2100,2300,2400,2500,65975,0,830,879.5330183705928,8.24560000182828,2546.2886999994225,421.0583554376658
1791562852,100,,Aggregated,106.400000,0.000000,830,900,950,1000,1200,1700,1900,2100,2300,2400,2500,66086,0,830,879.519462193201,8.24560000182828,2546.2886999994225,421.0595890203674
1791562853,100,,Aggregated,106.600000,0.000000,830,900,950,1000,1200,1700,1900,2100,2300,2400,2500,66205,0,830,879.5823394214922,8.24560000182828,2546.2886999994225,421.0607506985877
1791562854,100,,Aggregated,107.000000,0.000000,830,900,950,1000,1200,1700,1900,2100,2300,2400,2500,66369,0,830,879.2272312796613,8.24560000182828,2546.2886999994225,421.06255932739685
1791562855,100,,Aggregated,107.400000,0.000000,830,900,950,1000,1200,1700,1900,2100,2300,2400,2500,66414,0,830,879.3662812268471,8.24560000182828,2546.2886999994225,421.0629837082543
1791562856,100,,Aggregated,113.000000,0.000000,830,900,950,1000,1200,1700,1900,2100,2300,2400,2500,66501,0,830,879.8778966797471,8.24560000182828,2546.2886999994225,421.0638787386656
1791562857,100,,Aggregated,113.200000,0.000000,830,900,960,1000,1200,1700,1900,2100,2300,2400,2500,66602,0,830,880.157023299599,8.24560000182828,2546.2886999994225,421.06504309179905
1791562858,100,,Aggregated,108.800000,0.000000,830,900,960,1000,1200,1700,1900,2100,2300,2400,2500,66700,0,830,880.5953754062951,8.24560000182828,2546.2886999994225,421.06605697151423
1791562859,100,,Aggregated,106.900000,0.000000,830,900,960,1000,1200,1700,1900,2100,2300,2400,2500,66726,0,830,880.8033063168762,8.24560000182828,2546.2886999994225,421.06627101879326
1791562860,100,,Aggregated,105.700000,0.000000,830,900,960,1000,1200,1700,1900,2100,2300,2400,2500,66802,0,830,881.7827104113632,8.24560000182828,2546.2886999994225,421.0670339211401
1791562861,100,,Aggregated,104.700000,0.000000,830,900,960,1000,1200,1700,1900,2100,2300,2400,2500,66834,0,830,882.238423076576,8.24560000182828,2546.2886999994225,421.0673459616363
1791562862,100,,Aggregated,97.100000,0.000000,830,900,960,1000,1200,1700,1900,2100,2300,2400,2500,66912,0,830,883.3235255933156,8.24560000182828,2546.2886999994225,421.06820899091343
1791562863,100,,Aggregated,92.900000,0.000000,830,900,960,1000,1200,1700,1900,2100,2300,2400,2500,67002,0,830,884.2170105623696,8.24560000182828,2546.2886999994225,421.06908748992566
1791562864,100,,Aggregated,85.200000,0.000000,830,900,960,1000,1200,1700,1900,2100,2300,2400,2500,67021,0,830,884.3875483639443,8.24560000182828,2546.2886999994225,421.0693066352337
1791562865,100,,Aggregated,81.600000,0.000000,830,900,960,1000,1200,1700,1900,2100,2300,2400,2500,67112,0,830,885.5870027893658,8.24560000182828,2546.2886999994225,421.0702407915127
1791562866,100,,Aggregated,74.300000,0.000000,830,900,960,1000,1200,1700,1900,2100,2300,2400,2500,67138,0,830,885.8629795793724,8.24560000182828,2546.2886999994225,421.0705412731985
1791562867,100,,Aggregated,65.400000,0.000000,830,910,960,1000,1200,1700,1900,2100,2300,2400,2500,67219,0,830,886.8443337597989,8.24560000182828,2546.2886999994225,421.07131912108184
1791562868,100,,Aggregated,68.300000,0.000000,830,910,960,1000,1200,1700,1900,2100,2300,2400,2500,67263,0,830,887.3808262982608,8.24560000182828,2546.2886999994225,421.07177794627063
1791562869,100,,Aggregated,63.000000,0.000000,830,910,960,1000,1300,1700,1900,2100,2300,2400,2500,67329,0,830,888.1956835464644,8.24560000182828,2546.2886999994225,421.07247991207356
1791562870,100,,Aggregated,61.600000,0.000000,830,910,960,1000,1300,1700,1900,2100,2300,2400,2500,67429,0,830,889.0808490960852,8.24560000182828,2546.2886999994225,421.07351436325615
1791562871,100,,Aggregated,57.800000,0.000000,830,910,960,1000,1300,1700,1900,2100,2300,2400,2500,67535,0,830,889.1730085348316,8.24560000182828,2546.2886999994225,421.0745687421337
1791562872,100,,Aggregated,59.600000,0.000000,830,910,960,1000,1300,1700,1900,2100,2300,2400,2500,67638,0,830,889.3059448638317,8.24560000182828,2546.2886999994225,421.07562317040714
1791562873,100,,Aggregated,62.700000,0.000000,830,910,960,1000,1300,1700,1900,2000,2300,2400,2500,67785,0,830,888.8993017098159,8.24560000182828,2546.2886999994225,421.07709670281037
1791562874,100,,Aggregated,69.600000,0.000000,830,910,960,1000,1300,1700,1900,2000,2300,2400,2500,67949,0,830,888.3762674373406,8.24560000182828,2546.2886999994225,421.07876495607
1791562875,100,,Aggregated,72.800000,0.000000,830,910,960,1000,1300,1700,1900,2000,2300,2400,2500,68069,0,830,888.0746973335856,8.24560000182828,2546.2886999994225,421.0799776697175
1791562876,100,,Aggregated,79.600000,0.000000,830,910,960,1000,1300,1700,1900,2000,2300,2400,2500,68252,0,830,887.5358068847779,8.24560000182828,2546.2886999994225,421.0817851491531
1791562877,100,,Aggregated,92.600000,0.000000,830,910,960,1000,1200,1700,1900,2000,2300,2400,2500,68371,0,830,887.1766024074512,8.24560000182828,2546.2886999994225,421.08298840151525
1791562878,100,,Aggregated,95.900000,0.000000,830,900,960,1000,1200,1700,1900,2000,2300,2400,2500,68496,0,830,886.8630117846278,8.24560000182828,2546.2886999994225,421.0842238962859
1791562879,100,,Aggregated,111.100000,0.000000,830,900,960,1000,1200,1700,1900,2000,2300,2400,2500,68673,0,830,886.3911638183835,8.24560000182828,2546.2886999994225,421.08600177653517
1791562880,100,,Aggregated,115.300000,0.000000,830,900,960,1000,1200,1700,1900,2000,2300,2400,2500,68794,0,830,886.1413310346813,8.24560000182828,2546.2886999994225,421.0871442276943
1791562882,100,,Aggregated,121.900000,0.000000,830,900,960,1000,1200,1700,1900,2000,2300,2400,2500,68908,0,830,885.9404898705498,8.24560000182828,2546.2886999994225,421.0882335868114
1791562883,100,,Aggregated,134.600000,0.000000,830,900,960,1000,1200,1700,1900,2000,2300,2400,2500,69105,0,830,885.3216785572669,8.24560000182828,2546.2886999994225,421.09012372476667
1791562884,100,,Aggregated,136.600000,0.000000,830,900,960,1000,1200,1700,1900,2000,2300,2400,2500,69219,0,830,884.8768281902368,8.24560000182828,2546.2886999994225,421.091246623037
1791562885,100,,Aggregated,137.300000,0.000000,830,900,960,1000,1200,1700,1900,2000,2300,2400,2500,69334,0,830,884.6670236247733,8.24560000182828,2546.2886999994225,421.09239334237174
1791562886,100,,Aggregated,141.800000,0.000000,820,900,960,1000,1200,1700,1900,2000,2300,2400,2500,69512,0,820,884.403892549489,8.24560000182828,2546.2886999994225,421.0940557026125
1791562887,100,,Aggregated,138.200000,0.000000,820,900,960,1000,1200,1700,1900,2000,2300,2400,2500,69633,0,820,884.0613631309883,8.24560000182828,2546.2886999994225,421.09522783737594
1791562888,100,,Aggregated,144.000000,0.000000,820,900,960,1000,1200,1700,1900,2000,2300,2400,2500,69760,0,820,883.761857822536,8.24560000182828,2546.2886999994225,421.0964736238532
1791562889,100,,Aggregated,137.800000,0.000000,820,900,960,1000,1200,1700,1900,2000,2300,2400,2500,69934,0,820,883.3174847999553,8.24560000182828,2546.2886999994225,421.09806388880946
1791562890,100,,Aggregated,138.100000,0.000000,820,900,960,1000,1200,1700,1900,2000,2300,2300,2500,70062,0,820,882.878859447348,8.24560000182828,2546.2886999994225,421.09931203790927
1791562891,100,,Aggregated,143.300000,0.000000,820,900,960,1000,1200,1700,1900,2000,2300,2300,2500,70188,0,820,882.6262699521299,8.24560000182828,2546.2886999994225,421.10050151022966
1791562892,100,,Aggregated,138.200000,0.000000,820,900,960,1000,1200,1700,1900,2000,2300,2300,2500,70281,0,820,882.6230384371324,8.24560000182828,2546.2886999994225,421.10140720820704
1791562893,100,,Aggregated,138.300000,0.000000,820,900,960,1000,1200,1700,1900,2000,2300,2300,2500,70406,0,820,882.7557146052904,8.24560000182828,2546.2886999994225,421.10249126494904
1791562894,100,,Aggregated,136.600000,0.000000,820,900,960,1000,1200,1700,1900,2000,2300,2300,2500,70554,0,820,882.684288764635,8.24560000182828,2546.2886999994225,421.1039062278538
1791562895,100,,Aggregated,128.700000,0.000000,820,900,960,1000,1200,1700,1900,2000,2300,2300,2500,70670,0,820,882.6002995075711,8.24560000182828,2546.2886999994225,421.1049667468516
1791562896,100,,Aggregated,132.300000,0.000000,820,900,960,1000,1200,1700,1900,2000,2300,2300,2500,70776,0,820,882.5861328783781,8.24560000182828,2546.2886999994225,421.1059822538714
1791562897,100,,Aggregated,133.400000,0.000000,820,900,950,1000,1200,1700,1900,2000,2300,2300,2500,70881,0,820,882.5139209901122,8.24560000182828,2546.2886999994225,421.10699623312314
1791562898,100,,Aggregated,126.400000,0.000000,820,900,950,1000,1200,1700,1900,2000,2300,2300,2500,71012,0,820,882.3299729158465,8.24560000182828,2546.2886999994225,421.10813665296007
1791562899,100,,Aggregated,124.900000,0.000000,820,900,950,1000,1200,1700,1900,2000,2300,2300,2500,71188,0,820,881.8522679496563,8.24560000182828,2546.2886999994225,421.10976569084676
1791562900,100,,Aggregated,124.800000,0.000000,820,900,950,1000,1200,1700,1900,2000,2300,2300,2500,71313,0,820,881.494750910776,8.24560000182828,2546.2886999994225,421.1108773996326
1791562901,100,,Aggregated,125.200000,0.000000,820,900,950,1000,1200,1700,1900,2000,2300,2300,2500,71486,0,820,881.0103605349329,8.24560000182828,2546.2886999994225,421.11251154072124
1791562902,100,,Aggregated,124.900000,0.000000,820,900,950,1000,1200,1700,1900,2000,2300,2300,2500,71618,0,820,880.6524851894806,8.24560000182828,2546.2886999994225,421.1136446144824
1791562903,100,,Aggregated,126.800000,0.000000,820,900,950,1000,1200,1700,1900,2000,2300,2300,2500,71730,0,820,880.3884639857828,8.24560000182828,2546.2886999994225,421.1146800501882
1791562904,100,,Aggregated,134.000000,0.000000,820,900,950,1000,1200,1700,1900,2000,2300,2300,2500,71844,0,820,880.2465619648157,8.24560000182828,2546.2886999994225,421.11568119815155
1791562905,100,,Aggregated,133.300000,0.000000,820,900,950,1000,1200,1700,1900,2000,2300,2300,2500,71950,0,820,880.287123068801,8.24560000182828,2546.2886999994225,421.1166782487839
1791562906,100,,Aggregated,129.500000,0.000000,820,900,950,1000,1200,1700,1900,2000,2200,2300,2500,72088,0,820,880.3046029907924,8.24560000182828,2546.2886999994225,421.1178836977028
1791562907,100,,Aggregated,127.400000,0.000000,820,900,950,1000,1200,1700,1900,2000,2200,2300,2500,72228,0,820,880.288160815754,8.24560000182828,2546.2886999994225,421.11910893282385
1791562908,100,,Aggregated,128.700000,0.000000,820,900,950,1000,1200,1700,1900,2000,2200,2300,2500,72345,0,820,880.1038901513612,8.24560000182828,2546.2886999994225,421.12014652014653
1791562909,100,,Aggregated,131.200000,0.000000,820,900,950,1000,1200,1700,1900,2000,2200,2300,2500,72470,0,820,879.8239554105187,8.24560000182828,2546.2886999994225,421.1212363736719
1791562910,100,,Aggregated,133.600000,0.000000,820,900,950,1000,1200,1700,1900,2000,2200,2300,2500,72626,0,820,879.4611734874604,8.24560000182828,2546.2886999994225,421.122559413984
1791562911,100,,Aggregated,127.800000,0.000000,820,900,950,1000,1200,1700,1900,2000,2200,2300,2500,72782,0,820,878.9553258388091,8.24560000182828,2546.2886999994225,421.12401417933006
1791562912,100,,Aggregated,128.800000,0.000000,820,900,950,1000,1200,1700,1900,2000,2200,2300,2500,72909,0,820,878.5878254481636,8.24560000182828,2546.2886999994225,421.1250325748536
1791562913,100,,Aggregated,132.600000,0.000000,820,900,950,990,1200,1700,1900,2000,2200,2300,2500,73091,0,820,878.0861412800509,8.24560000182828,2546.2886999994225,421.12671874786224
1791562914,100,,Aggregated,128.100000,0.000000,820,900,950,990,1200,1700,1900,2000,2200,2300,2500,73216,0,820,877.716190249402,8.24560000182828,2546.2886999994225,421.1277862762238
1791562915,100,,Aggregated,136.100000,0.000000,820,890,950,990,1200,1700,1900,2000,2200,2300,2500,73392,0,820,877.3300799256083,8.24560000182828,2546.2886999994225,421.1292920209287
1791562916,100,,Aggregated,136.800000,0.000000,820,890,950,990,1200,1700,1900,2000,2200,2300,2500,73498,0,820,877.2150409997575,8.24560000182828,2546.2886999994225,421.1302348363221
1791562917,100,,Aggregated,139.100000,0.000000,820,890,950,990,1200,1700,1900,2000,2200,2300,2500,73601,0,820,877.2008233325662,8.24560000182828,2546.2886999994225,421.131112349017
1791562918,100,,Aggregated,143.300000,0.000000,820,900,950,990,1200,1700,1900,2000,2200,2300,2500,73705,0,820,877.423565543724,8.24560000182828,2546.2886999994225,421.13191778034053
1791562919,100,,Aggregated,140.600000,0.000000,820,900,950,990,1200,1700,1900,2000,2200,2300,2500,73814,0,820,877.4724498807834,8.24560000182828,2546.2886999994225,421.13287452244833
1791562920,100,,Aggregated,135.500000,0.000000,820,900,950,990,1200,1700,1900,2000,2200,2300,2500,73933,0,820,877.3985901681278,8.24560000182828,2546.2886999994225,421.1338914963548
1791562921,100,,Aggregated,134.600000,0.000000,820,900,950,990,1200,1700,1900,2000,2200,2300,2500,74043,0,820,877.4027779871185,8.24560000182828,2546.2886999994225,421.13482705995165
1791562922,100,,Aggregated,132.300000,0.000000,820,900,950,990,1200,1700,1900,2000,2200,2300,2500,74143,0,820,877.4704218550668,8.24560000182828,2546.2886999994225,421.13569723372404
1791562923,100,,Aggregated,125.600000,0.000000,820,900,950,990,1200,1700,1900,2000,2200,2300,2500,74263,0,820,877.4486324562738,8.24560000182828,2546.2886999994225,421.13671680379196
1791562924,100,,Aggregated,123.500000,0.000000,820,900,950,990,1200,1700,1900,2000,2200,2300,2500,74441,0,820,877.0385374000919,8.24560000182828,2546.2886999994225,421.13820340941146
1791562925,100,,Aggregated,116.900000,0.000000,820,900,950,990,1200,1700,1900,2000,2200,2300,2500,74567,0,820,876.6757308581575,8.24560000182828,2546.2886999994225,421.13921707994155
1791562926,100,,Aggregated,117.600000,0.000000,820,890,950,990,1200,1700,1900,2000,2200,2300,2500,74685,0,820,876.4496350297942,8.24560000182828,2546.2886999994225,421.14021557206934
1791562927,100,,Aggregated,122.700000,0.000000,820,890,950,990,1200,1700,1900,2000,2200,2300,2500,74795,0,820,876.4256230510081,8.24560000182828,2546.2886999994225,421.1411591683936
1791562928,100,,Aggregated,118.400000,0.000000,820,890,950,990,1200,1700,1900,2000,2200,2300,2500,74928,0,820,876.3725549434141,8.24560000182828,2546.2886999994225,421.14220318172113
1791562929,100,,Aggregated,118.600000,0.000000,820,890,950,990,1200,1700,1900,2000,2200,2300,2500,75077,0,820,876.2675072205889,8.24560000182828,2546.2886999994225,421.1434660415307
1791562930,100,,Aggregated,120.300000,0.000000,820,890,950,990,1200,1700,1900,2000,2200,2300,2500,75191,0,820,876.1074785679158,8.24560000182828,2546.2886999994225,421.1444055804551
1791562931,100,,Aggregated,121.300000,0.000000,820,890,950,990,1200,1700,1900,2000,2200,2300,2500,75306,0,820,875.9749656906512,8.24560000182828,2546.2886999994225,421.1453005072637
1791562932,100,,Aggregated,126.300000,0.000000,820,890,950,990,1200,1700,1900,2000,2200,2300,2500,75418,0,820,875.8547937773494,8.24560000182828,2546.2886999994225,421.14621177968127
1791562933,100,,Aggregated,126.700000,0.000000,820,890,950,990,1200,1700,1900,2000,2200,2300,2500,75594,0,820,875.6824968899662,8.24560000182828,2546.2886999994225,421.1476704500357
1791562934,100,,Aggregated,127.400000,0.000000,820,890,950,990,1200,1700,1900,2000,2200,2300,2500,75712,0,820,875.3736513762691,8.24560000182828,2546.2886999994225,421.14862901521553
1791562935,100,,Aggregated,127.100000,0.000000,820,890,950,990,1200,1700,1900,2000,2200,2300,2500,75844,0,820,875.0356337521768,8.24560000182828,2546.2886999994225,421.1496756500185
1791562936,100,,Aggregated,132.400000,0.000000,820,890,950,990,1200,1700,1900,2000,2200,2300,2500,76017,0,820,874.5973259428818,8.24560000182828,2546.2886999994225,421.1510714708552
1791562937,100,,Aggregated,126.300000,0.000000,820,890,950,990,1200,1700,1900,2000,2200,2300,2500,76141,0,820,874.2782400966629,8.24560000182828,2546.2886999994225,421.1520599939586
1791562938,100,,Aggregated,132.200000,0.000000,820,890,940,990,1200,1700,1900,2000,2200,2300,2500,76320,0,820,873.8386492767297,8.24560000182828,2546.2886999994225,421.1534722222222
1791562939,100,,Aggregated,134.600000,0.000000,820,890,940,990,1200,1700,1900,2000,2200,2300,2500,76450,0,820,873.5085560444736,8.24560000182828,2546.2886999994225,421.154519293656
1791562940,100,,Aggregated,136.500000,0.000000,820,890,940,990,1200,1700,1900,2000,2200,2300,2500,76571,0,820,873.2240518015958,8.24560000182828,2546.2886999994225,421.1554896762482
1791562941,100,,Aggregated,140.800000,0.000000,820,890,940,990,1200,1700,1900,2000,2200,2300,2500,76681,0,820,873.1582872719442,8.24560000182828,2546.2886999994225,421.156375112479
1791562942,100,,Aggregated,138.200000,0.000000,820,890,940,990,1200,1700,1900,2000,2200,2300,2500,76787,0,820,873.2419234831412,8.24560000182828,2546.2886999994225,421.15714899657496
1791562943,100,,Aggregated,137.300000,0.000000,820,890,940,990,1200,1700,1900,2000,2200,2300,2500,76913,0,820,873.2314121838955,8.24560000182828,2546.2886999994225,421.1581787214125
1791562944,100,,Aggregated,136.900000,0.000000,820,890,940,990,1200,1700,1900,2000,2200,2300,2500,77035,0,820,873.2365712403445,8.24560000182828,2546.2886999994225,421.15910949568377
1791562945,100,,Aggregated,136.200000,0.000000,820,890,940,990,1200,1700,1900,2000,2200,2300,2500,77172,0,820,873.1988096045178,8.24560000182828,2546.2886999994225,421.1601746747525
1791562946,100,,Aggregated,129.200000,0.000000,820,890,940,990,1200,1700,1900,2000,2200,2300,2500,77282,0,820,873.2382643642748,8.24560000182828,2546.2886999994225,421.16103361714244
1791562947,100,,Aggregated,129.500000,0.000000,820,890,940,990,1200,1700,1900,2000,2200,2300,2500,77397,0,820,873.1416992066864,8.24560000182828,2546.2886999994225,421.1619442614055
1791562948,100,,Aggregated,122.800000,0.000000,820,890,940,990,1200,1700,1900,2000,2200,2300,2500,77505,0,820,873.0433382917216,8.24560000182828,2546.2886999994225,421.16272498548483
1791562949,100,,Aggregated,125.300000,0.000000,820,890,940,990,1200,1700,1900,2000,2200,2300,2500,77610,0,820,873.2325519288734,8.24560000182828,2546.2886999994225,421.1635485117897
1791562950,100,,Aggregated,123.000000,0.000000,820,890,940,990,1200,1700,1900,2000,2200,2300,2500,77717,0,820,873.3718799529039,8.24560000182828,2546.2886999994225,421.16437845001735
1791562951,100,,Aggregated,116.400000,0.000000,820,890,940,990,1200,1700,1900,2000,2200,2300,2500,77828,0,820,873.3182031209827,8.24560000182828,2546.2886999994225,421.1652361617927
1791562952,100,,Aggregated,113.700000,0.000000,820,890,940,990,1200,1700,1900,2000,2200,2300,2500,77950,0,820,873.2284767594591,8.24560000182828,2546.2886999994225,421.16615779345733
1791562953,100,,Aggregated,114.400000,0.000000,820,890,940,990,1200,1700,1900,2000,2200,2300,2500,78071,0,820,873.1671830666938,8.24560000182828,2546.2886999994225,421.1671043024939
1791562954,100,,Aggregated,115.400000,0.000000,820,890,940,980,1200,1700,1900,2000,2200,2300,2500,78227,0,820,873.0881005982563,8.24560000182828,2546.2886999994225,421.16826671098215
1791562955,100,,Aggregated,114.600000,0.000000,820,890,940,980,1200,1700,1900,2000,2200,2300,2500,78333,0,820,873.092334260142,8.24560000182828,2546.2886999994225,421.16904752786184
1791562956,100,,Aggregated,115.400000,0.000000,820,890,940,980,1200,1700,1900,2000,2200,2300,2500,78444,0,820,872.9432642585759,8.24560000182828,2546.2886999994225,421.1699046453521
1791562957,100,,Aggregated,115.800000,0.000000,820,890,940,980,1200,1700,1900,2000,2200,2300,2500,78561,0,820,872.7659345973159,8.24560000182828,2546.2886999994225,421.17077175697864
1791562958,100,,Aggregated,120.600000,0.000000,820,890,940,980,1200,1700,1900,2000,2200,2300,2500,78684,0,820,872.7144612093903,8.24560000182828,2546.2886999994225,421.17171216511616
1791562959,100,,Aggregated,115.900000,0.000000,820,890,940,980,1200,1700,1900,2000,2200,2300,2500,78847,0,820,872.588911385338,8.24560000182828,2546.2886999994225,421.1729298514845
1791562960,100,,Aggregated,116.100000,0.000000,820,890,940,980,1200,1700,1900,2000,2200,2300,2500,78956,0,820,872.4747849245107,8.24560000182828,2546.2886999994225,421.1737296722225
1791562961,100,,Aggregated,117.500000,0.000000,820,890,940,980,1200,1700,1900,2000,2200,2300,2500,79068,0,820,872.3721333459761,8.24560000182828,2546.2886999994225,421.1745459604391
1791562962,100,,Aggregated,121.400000,0.000000,820,890,940,980,1200,1700,1900,2000,2200,2300,2500,79180,0,820,872.3227810545544,8.24560000182828,2546.2886999994225,421.1754357160899
1791562963,100,,Aggregated,124.200000,0.000000,820,890,940,980,1200,1700,1900,2000,2200,2300,2500,79295,0,820,872.2742754978196,8.24560000182828,2546.2886999994225,421.17626584273916
1791562964,100,,Aggregated,123.400000,0.000000,820,890,940,980,1200,1700,1900,2000,2200,2300,2500,79463,0,820,872.1619073140903,8.24560000182828,2546.2886999994225,421.1774788266237
1791562965,100,,Aggregated,123.700000,0.000000,820,890,940,980,1200,1700,1900,2000,2200,2300,2500,79576,0,820,872.0451350444803,8.24560000182828,2546.2886999994225,421.17833266311453
1791562966,100,,Aggregated,123.100000,0.000000,820,890,940,980,1200,1700,1900,2000,2200,2300,2500,79684,0,820,871.9731194618696,8.24560000182828,2546.2886999994225,421.17910747452436
1791562967,100,,Aggregated,123.100000,0.000000,820,890,940,980,1200,1700,1900,2000,2200,2300,2500,79792,0,820,871.9022392119465,8.24560000182828,2546.2886999994225,421.1798801884901
1791562968,100,,Aggregated,123.200000,0.000000,820,890,940,980,1200,1700,1900,2000,2200,2300,2500,79921,0,820,871.832535580131,8.24560000182828,2546.2886999994225,421.1807785187873
1791562969,100,,Aggregated,124.000000,0.000000,820,890,940,980,1200,1700,1900,2000,2200,2300,2500,80085,0,820,871.6764122644639,8.24560000182828,2546.2886999994225,421.1820066179684
1791562970,100,,Aggregated,123.800000,0.000000,820,890,940,980,1200,1700,1900,2000,2200,2300,2500,80189,0,820,871.6797340470583,8.24560000182828,2546.2886999994225,421.18276821010363
1791562971,100,,Aggregated,123.200000,0.000000,820,890,940,980,1200,1700,1900,2000,2200,2300,2500,80302,0,820,871.6282477933244,8.24560000182828,2546.2886999994225,421.18353216607306
1791562972,100,,Aggregated,120.000000,0.000000,820,890,940,980,1200,1700,1900,2000,2200,2300,2500,80413,0,820,871.5348742442095,8.24560000182828,2546.2886999994225,421.1843234302911
1791562973,100,,Aggregated,117.800000,0.000000,820,890,940,980,1200,1700,1900,2000,2200,2300,2500,80534,0,820,871.3907328780348,8.24560000182828,2546.2886999994225,421.18522611567784
1791562974,100,,Aggregated,123.800000,0.000000,820,890,940,980,1200,1700,1900,2000,2200,2300,2500,80656,0,820,871.2929529755955,8.24560000182828,2546.2886999994225,421.186061793295
1791562975,100,,Aggregated,123.700000,0.000000,820,890,940,980,1200,1700,1900,2000,2200,2300,2500,80813,0,820,871.2476647024554,8.24560000182828,2546.2886999994225,421.1871852300991
1791562976,100,,Aggregated,123.900000,0.000000,820,890,940,980,1200,1700,1900,2000,2200,2300,2500,80934,0,820,871.0952775520733,8.24560000182828,2546.2886999994225,421.1880421083846
1791562977,100,,Aggregated,122.600000,0.000000,820,890,940,980,1200,1700,1900,2000,2200,2300,2500,81041,0,820,870.9657008316707,8.24560000182828,2546.2886999994225,421.1888180057008
1791562978,100,,Aggregated,118.400000,0.000000,820,890,940,980,1200,1700,1900,2000,2200,2300,2500,81158,0,820,870.8966870659634,8.24560000182828,2546.2886999994225,421.1896547475295
1791562979,100,,Aggregated,124.200000,0.000000,820,890,940,980,1200,1700,1900,2000,2200,2300,2500,81276,0,820,870.8145873554246,8.24560000182828,2546.2886999994225,421.190486736552
1791562980,100,,Aggregated,124.600000,0.000000,820,890,940,980,1200,1700,1900,2000,2200,2300,2500,81440,0,820,870.7081518602581,8.24560000182828,2546.2886999994225,421.19162573673873
1791562981,100,,Aggregated,124.800000,0.000000,820,890,940,980,1100,1700,1900,2000,2200,2300,2500,81550,0,820,870.7216500711139,8.24560000182828,2546.2886999994225,421.19239730226855
1791562982,100,,Aggregated,124.400000,0.000000,820,890,940,980,1100,1700,1900,2000,2200,2300,2500,81661,0,820,870.6386952682357,8.24560000182828,2546.2886999994225,421.1931644236539
1791562983,100,,Aggregated,123.500000,0.000000,820,890,940,980,1100,1700,1900,2000,2200,2300,2500,81775,0,820,870.5371212974558,8.24560000182828,2546.2886999994225,421.1939345765821
1791562984,100,,Aggregated,118.200000,0.000000,820,890,940,980,1100,1700,1900,2000,2200,2300,2500,81891,0,820,870.4171357731559,8.24560000182828,2546.2886999994225,421.1947833095212
1791562985,100,,Aggregated,123.400000,0.000000,820,890,940,980,1100,1700,1900,2000,2200,2300,2500,81998,0,820,870.3762649832858,8.24560000182828,2546.2886999994225,421.19543159589256
1791562986,100,,Aggregated,124.700000,0.000000,820,890,940,980,1100,1700,1900,2000,2200,2300,2500,82112,0,820,870.4447083739213,8.24560000182828,2546.2886999994225,421.19620761886205
1791562987,100,,Aggregated,124.100000,0.000000,820,890,940,980,1100,1700,1900,2000,2200,2300,2500,82264,0,820,870.4404173830526,8.24560000182828,2546.2886999994225,421.1973402703491
1791562988,100,,Aggregated,123.000000,0.000000,820,890,940,980,1100,1700,1900,2000,2200,2300,2500,82380,0,820,870.4671038322341,8.24560000182828,2546.2886999994225,421.1981184753581
1791562989,100,,Aggregated,116.500000,0.000000,820,890,940,980,1100,1700,1900,2000,2200,2300,2500,82490,0,820,870.5173201333429,8.24560000182828,2546.2886999994225,421.1988847132986
1791562990,100,,Aggregated,116.300000,0.000000,820,890,940,970,1100,1700,1900,2000,2200,2300,2500,82599,0,820,870.4961890616038,8.24560000182828,2546.2886999994225,421.1995665807092
1791562991,100,,Aggregated,115.900000,0.000000,820,890,940,970,1100,1700,1900,2000,2200,2300,2500,82708,0,820,870.4359677927094,8.24560000182828,2546.2886999994225,421.20029501378343
1791562992,100,,Aggregated,116.000000,0.000000,820,890,940,970,1100,1700,1900,2000,2200,2300,2500,82816,0,820,870.3861053298804,8.24560000182828,2546.2886999994225,421.20104810664606
1791562993,100,,Aggregated,116.600000,0.000000,820,890,940,970,1100,1700,1900,2000,2200,2300,2500,82924,0,820,870.4308670167785,8.24560000182828,2546.2886999994225,421.2017751193864
1791562994,100,,Aggregated,121.900000,0.000000,820,890,940,970,1100,1700,1900,2000,2200,2300,2500,83098,0,820,870.2300453945863,8.24560000182828,2546.2886999994225,421.2029050037305
1791562995,100,,Aggregated,116.400000,0.000000,820,890,930,970,1100,1700,1900,2000,2200,2300,2500,83224,0,820,869.9406811232254,8.24560000182828,2546.2886999994225,421.2038114005575
1791562996,100,,Aggregated,114.900000,0.000000,820,890,930,970,1100,1700,1900,2000,2200,2300,2500,83364,0,820,869.6254862134647,8.24560000182828,2546.2886999994225,421.2047526510244
1791562997,100,,Aggregated,116.600000,0.000000,820,890,930,970,1100,1700,1900,2000,2200,2300,2500,83532,0,820,869.1738920724893,8.24560000182828,2546.2886999994225,421.2058492553752
1791562998,100,,Aggregated,123.800000,0.000000,820,890,930,970,1100,1700,1900,2000,2200,2300,2500,83659,0,820,868.9030349776967,8.24560000182828,2546.2886999994225,421.2066962311288
1791562999,100,,Aggregated,125.800000,0.000000,820,890,930,970,1100,1700,1900,2000,2200,2300,2500,83827,0,820,868.6315393262199,8.24560000182828,2546.2886999994225,421.20779701050975
1791563000,100,,Aggregated,132.300000,0.000000,820,880,930,970,1100,1700,1900,2000,2200,2300,2500,83956,0,820,868.3624929034128,8.24560000182828,2546.2886999994225,421.2086688265282
1791563001,100,,Aggregated,133.800000,0.000000,820,880,930,970,1100,1700,1900,2000,2200,2300,2500,84097,0,820,868.037602545857,8.24560000182828,2546.2886999994225,421.20962697837024
1791563002,100,,Aggregated,135.500000,0.000000,820,880,930,970,1100,1700,1900,2000,2200,2300,2500,84253,0,820,867.7415284773116,8.24560000182828,2546.2886999994225,421.2106037767201
1791563003,100,,Aggregated,140.700000,0.000000,820,880,930,970,1100,1700,1900,2000,2200,2300,2500,84388,0,820,867.4570489180803,8.24560000182828,2546.2886999994225,421.2114874152723
1791563004,100,,Aggregated,137.000000,0.000000,820,880,930,970,1100,1700,1900,2000,2200,2300,2500,84509,0,820,867.2352727792174,8.24560000182828,2546.2886999994225,421.2122377498255
1791563005,100,,Aggregated,140.000000,0.000000,810,880,930,970,1100,1600,1900,2000,2200,2300,2500,84674,0,810,866.9808494992429,8.24560000182828,2546.2886999994225,421.21332404279946
1791563006,100,,Aggregated,145.100000,0.000000,810,880,930,970,1100,1600,1900,2000,2200,2300,2500,84783,0,810,866.9269367715102,8.24560000182828,2546.2886999994225,421.2140523453994
1791563007,100,,Aggregated,145.300000,0.000000,820,880,930,970,1100,1600,1900,2000,2200,2300,2500,84896,0,820,866.9455194779366,8.24560000182828,2546.2886999994225,421.2147568790049
1791563008,100,,Aggregated,139.400000,0.000000,820,880,930,970,1100,1600,1900,2000,2200,2300,2500,85008,0,820,866.9523696569607,8.24560000182828,2546.2886999994225,421.2154032561641
1791563009,100,,Aggregated,137.700000,0.000000,820,880,930,970,1100,1600,1900,2000,2200,2300,2500,85124,0,820,866.928916694457,8.24560000182828,2546.2886999994225,421.216202246135
1791563010,100,,Aggregated,131.200000,0.000000,820,880,930,970,1100,1600,1900,2000,2200,2300,2500,85281,0,820,866.6726117786956,8.24560000182828,2546.2886999994225,421.21721133664005
1791563011,100,,Aggregated,131.600000,0.000000,810,880,930,970,1100,1600,1900,2000,2200,2300,2500,85426,0,810,866.3295318708463,8.24560000182828,2546.2886999994225,421.21813031161474
1791563012,100,,Aggregated,133.400000,0.000000,810,880,930,970,1100,1600,1900,2000,2200,2300,2500,85560,0,810,866.0689113499169,8.24560000182828,2546.2886999994225,421.21898083216456
1791563013,100,,Aggregated,129.300000,0.000000,810,880,930,970,1100,1600,1900,2000,2200,2300,2500,85734,0,810,865.6384942111521,8.24560000182828,2546.2886999994225,421.2200643851914
1791563014,100,,Aggregated,133.700000,0.000000,810,880,930,970,1100,1600,1900,2000,2200,2300,2500,85846,0,810,865.5087134764448,8.24560000182828,2546.2886999994225,421.22079071826295
1791563015,100,,Aggregated,133.300000,0.000000,810,880,930,970,1100,1600,1900,2000,2200,2300,2500,85961,0,810,865.4589219471493,8.24560000182828,2546.2886999994225,421.221507427787
1791563016,100,,Aggregated,129.400000,0.000000,810,880,930,970,1100,1600,1900,2000,2200,2300,2500,86146,0,810,865.074087893796,8.24560000182828,2546.2886999994225,421.2226684930235
1791563017,100,,Aggregated,130.000000,0.000000,810,880,930,970,1100,1600,1900,2000,2200,2300,2500,86276,0,810,864.7234339445386,8.24560000182828,2546.2886999994225,421.2234688673559
1791563018,100,,Aggregated,133.500000,0.000000,810,880,930,970,1100,1600,1900,2000,2200,2300,2500,86454,0,810,864.3116432958458,8.24560000182828,2546.2886999994225,421.22459342540543
1791563019,100,,Aggregated,135.800000,0.000000,810,880,930,970,1100,1600,1900,2000,2200,2300,2500,86577,0,810,864.0557650969549,8.24560000182828,2546.2886999994225,421.22534853367523
